CLIENT#,TITLE,NAME,STREET,TOWN,COUNTY,TELNO,EMAIL
335,Mr,Wilson m335,Burton St,Radford,Nottingham,01151001330,Wilson_m335@tqpmf.org
336,Ms,Sally w336,Hotel St,Radford,Nottingham,01151460799,Sally_w336@oxowb.sch.uk
337,Mr,Zhou m337,Wharf St,Radford,Nottingham,01151384156,Zhou_m337@jtmigac.uk
338,Ms,Hana w338,Gateway St,Radford,Nottingham,01151414994,Hana_w338@frnfg.org
339,Mr,Dean m339,London Rd,West Bridgford,Nottingham,01151970769,Dean_m339@fbxegac.uk
340,Ms,Ann w340,Queens Rd,Clifton,Nottingham,01151910981,Ann_w340@zjaocco.uk
341,Mr,Zhou m341,Oxford St,Hyson Green,Nottingham,01151809936,Zhou_m341@lsjxb.org
342,Ms,Ann w342,Burton St,Clifton,Nottingham,01151541054,Ann_w342@ktqek.sch.uk
343,Mr,Clinton m343,Welford Rd,Clifton,Nottingham,01151773690,Clinton_m343@poxln.gov.uk
344,Ms,Tania w344,Wharf St,Hyson Green,Nottingham,01151895079,Tania_w344@gliul.org
345,Mr,Peter m345,Hill St,Hyson Green,Nottingham,01151349495,Peter_m345@ckvgk.sch.uk
346,Ms,Mina w346,Kent St,West Bridgford,Nottingham,01151641439,Mina_w346@ytbjjac.uk
347,Mr,Eric m347,Welford Rd,West Bridgford,Nottingham,01151407130,Eric_m347@ipnwm.com
348,Ms,Anna w348,Granby St,Radford,Nottingham,01151210146,Anna_w348@dlerz.net
349,Mr,Clinton m349,King St,Clifton,Nottingham,01151840078,Clinton_m349@gvugp.net
350,Ms,Anna w350,Ring Rd,Clifton,Nottingham,01151097800,Anna_w350@fvqcc.com
351,Mr,Mohammad m351,Hill St,Radford,Nottingham,01151127527,Mohammad_m351@bmkazco.uk
352,Ms,Lora w352,Newton St,Radford,Nottingham,01151473185,Lora_w352@pbtcc.org
353,Mr,Ben m353,Burton St,Lenton Abbey,Nottingham,01151877752,Ben_m353@pkgvv.sch.uk
354,Ms,Pam w354,Burton St,Radford,Nottingham,01151890732,Pam_w354@ahlgtac.uk
355,Mr,Wilson m355,Granby St,West Bridgford,Nottingham,01151825967,Wilson_m355@xclxt.org
356,Ms,Pam w356,Hotel St,Radford,Nottingham,01151173811,Pam_w356@nfhkt.net
357,Mr,Zhou m357,Bond St,Clifton,Nottingham,01151097999,Zhou_m357@asxbx.sch.uk
358,Ms,Tania w358,Victory St,Hyson Green,Nottingham,01151391523,Tania_w358@wkstg.gov.uk
359,Mr,Yang m359,Victory St,Radford,Nottingham,01151939386,Yang_m359@wnocx.sch.uk
360,Ms,Lily w360,Kent St,West Bridgford,Nottingham,01151254416,Lily_w360@dnwfhac.uk
361,Mr,Smith m361,Gateway St,Radford,Nottingham,01151434193,Smith_m361@xozibco.uk
362,Ms,Victory w362,Granby St,Lenton Abbey,Nottingham,01151321742,Victory_w362@uktkl.net
363,Mr,Brown m363,Burton St,Lenton Abbey,Nottingham,01151806205,Brown_m363@uglprac.uk
364,Ms,Sally w364,Burton St,Lenton Abbey,Nottingham,01151822814,Sally_w364@scjqe.sch.uk
365,Mr,Alex m365,Wharf St,Beeston,Nottingham,01151234793,Alex_m365@ockci.com
366,Ms,Lily w366,Hotel St,Hyson Green,Nottingham,01151459214,Lily_w366@rkkrcac.uk
367,Mr,Eric m367,Hill St,Radford,Nottingham,01151445623,Eric_m367@xyvlrco.uk
368,Ms,Helen w368,Kent St,Lenton Abbey,Nottingham,01151008776,Helen_w368@mafyi.com
369,Mr,Clinton m369,Hotel St,West Bridgford,Nottingham,01151502324,Clinton_m369@kcccc.sch.uk
370,Ms,Mina w370,Newton St,Lenton Abbey,Nottingham,01151095675,Mina_w370@mxhmr.gov.uk
371,Mr,Wilson m371,Hill St,Hyson Green,Nottingham,01151269266,Wilson_m371@dcpcl.org
372,Ms,Lora w372,Victory St,Radford,Nottingham,01151955079,Lora_w372@ctvrb.net
373,Mr,Smith m373,Granby St,Beeston,Nottingham,01151875388,Smith_m373@fppja.com
374,Ms,Luise w374,London Rd,Beeston,Nottingham,01151239977,Luise_w374@eyemaac.uk
375,Mr,Paco m375,Newton St,Lenton Abbey,Nottingham,01151666459,Paco_m375@nhmtf.net
376,Ms,Mina w376,Bond St,Lenton Abbey,Nottingham,01151918077,Mina_w376@xnjwr.gov.uk
377,Mr,Lee m377,Bond St,Radford,Nottingham,01151270051,Lee_m377@nuyer.sch.uk
378,Ms,Diana w378,Bond St,Lenton Abbey,Nottingham,01151615088,Diana_w378@ijtegac.uk
379,Mr,Liu m379,Hotel St,Beeston,Nottingham,01151987436,Liu_m379@swcfqac.uk
380,Ms,Chris w380,Granby St,Lenton Abbey,Nottingham,01151418397,Chris_w380@ggtlr.org
381,Mr,Eric m381,King St,West Bridgford,Nottingham,01151279264,Eric_m381@mlnzfac.uk
382,Ms,Luise w382,Queens Rd,Beeston,Nottingham,01151484228,Luise_w382@gqalo.net
383,Mr,Lee m383,Queens Rd,Hyson Green,Nottingham,01151399101,Lee_m383@wjflc.sch.uk
384,Ms,Anna w384,Gateway St,Radford,Nottingham,01151789706,Anna_w384@qsupyco.uk
385,Mr,Watson m385,Welford Rd,Lenton Abbey,Nottingham,01151065441,Watson_m385@vysth.net
386,Ms,Hana w386,Victory St,Beeston,Nottingham,01151306431,Hana_w386@ggllvac.uk
387,Mr,Watson m387,Granby St,Beeston,Nottingham,01151928746,Watson_m387@tyjat.org
388,Ms,Mina w388,Oxford St,Clifton,Nottingham,01151232169,Mina_w388@mnylr.org
389,Mr,Wilson m389,Welford Rd,Radford,Nottingham,01151615004,Wilson_m389@gqgzt.net
390,Ms,Mina w390,Oxford St,Lenton Abbey,Nottingham,01151180028,Mina_w390@cawjz.gov.uk
391,Mr,Bush m391,Hotel St,Lenton Abbey,Nottingham,01151989141,Bush_m391@wcmhd.org
392,Ms,Chris w392,Victory St,Hyson Green,Nottingham,01151815083,Chris_w392@lzcgv.sch.uk
393,Mr,Watson m393,Kent St,Beeston,Nottingham,01151142016,Watson_m393@gkjda.org
394,Ms,Victory w394,Kent St,Radford,Nottingham,01151717215,Victory_w394@gzaly.sch.uk
395,Mr,Peter m395,Victory St,Hyson Green,Nottingham,01151308976,Peter_m395@fvoaqco.uk
396,Ms,Jane w396,Kent St,Clifton,Nottingham,01151442901,Jane_w396@tczsm.net
397,Mr,Matthew m397,Oxford St,Hyson Green,Nottingham,01151609919,Matthew_m397@obgpp.sch.uk
398,Ms,Lora w398,Wharf St,Hyson Green,Nottingham,01151861603,Lora_w398@hklyg.org
399,Mr,Scott m399,Hill St,Clifton,Nottingham,01151094004,Scott_m399@mxjsl.org
400,Ms,Tania w400,Burton St,Hyson Green,Nottingham,01151704504,Tania_w400@jrzsc.net
401,Mr,Alex m401,Queens Rd,Clifton,Nottingham,01151043105,Alex_m401@tdzvd.sch.uk
402,Ms,Helen w402,Welford Rd,Radford,Nottingham,01151543709,Helen_w402@pyragco.uk
403,Mr,Mohammad m403,Burton St,Lenton Abbey,Nottingham,01151882116,Mohammad_m403@vsfuxco.uk
404,Ms,Pam w404,Burton St,Lenton Abbey,Nottingham,01151585714,Pam_w404@dhtfp.org
405,Mr,Ben m405,London Rd,Beeston,Nottingham,01151118569,Ben_m405@ghkwyac.uk
406,Ms,Lora w406,Welford Rd,Hyson Green,Nottingham,01151861602,Lora_w406@ohjggco.uk
407,Mr,Mohammad m407,King St,Beeston,Nottingham,01151564652,Mohammad_m407@wfzgdac.uk
408,Ms,Tania w408,Hill St,Radford,Nottingham,01151512462,Tania_w408@qdrym.gov.uk
409,Mr,Smith m409,Welford Rd,West Bridgford,Nottingham,01151751023,Smith_m409@bcvlmac.uk
410,Ms,Anna w410,Ring Rd,Clifton,Nottingham,01151853350,Anna_w410@ofiimac.uk
411,Mr,Paco m411,Burton St,Beeston,Nottingham,01151340970,Paco_m411@pubqxco.uk
412,Ms,Pam w412,Queens Rd,Lenton Abbey,Nottingham,01151634410,Pam_w412@lswns.sch.uk
413,Mr,Dean m413,Hill St,West Bridgford,Nottingham,01151983672,Dean_m413@qlfctac.uk
414,Ms,Jenny w414,Bond St,Clifton,Nottingham,01151056661,Jenny_w414@lwsli.sch.uk
415,Mr,Peter m415,Oxford St,West Bridgford,Nottingham,01151364836,Peter_m415@bunlo.net
416,Ms,Hana w416,Welford Rd,Lenton Abbey,Nottingham,01151571207,Hana_w416@flxiq.org
417,Mr,Bush m417,King St,Hyson Green,Nottingham,01151851684,Bush_m417@vcwlk.net
1,Mr,Paco m1,Wharf St,Clifton,Nottingham,01151632306,Paco_m1@abavwac.uk
2,Ms,Mina w2,Queens Rd,Hyson Green,Nottingham,01151644929,Mina_w2@mwvkico.uk
3,Mr,Clinton m3,Wharf St,Beeston,Nottingham,01151926994,Clinton_m3@dxfhe.net
4,Ms,Chris w4,Hill St,Radford,Nottingham,01151824281,Chris_w4@avxiuco.uk
5,Mr,Simon m5,Burton St,Hyson Green,Nottingham,01151685038,Simon_m5@ojuboco.uk
6,Ms,Helen w6,Oxford St,Clifton,Nottingham,01151956749,Helen_w6@sipqv.com
7,Mr,Smith m7,Kent St,West Bridgford,Nottingham,01151398823,Smith_m7@fzcjm.org
8,Ms,Mina w8,Queens Rd,Radford,Nottingham,01151181126,Mina_w8@nvxdbco.uk
9,Mr,Peter m9,King St,Radford,Nottingham,01151696498,Peter_m9@ycculco.uk
10,Ms,Jenny w10,Newton St,Radford,Nottingham,01151044955,Jenny_w10@iguec.sch.uk
11,Mr,Ben m11,Gateway St,Clifton,Nottingham,01151319152,Ben_m11@hhihh.sch.uk
12,Ms,Victory w12,Ring Rd,Hyson Green,Nottingham,01151066302,Victory_w12@kenge.org
13,Mr,Chris m13,Granby St,Lenton Abbey,Nottingham,01151571171,Chris_m13@ivpob.org
14,Ms,Helen w14,Hotel St,Hyson Green,Nottingham,01151442071,Helen_w14@ohmew.com
15,Mr,Watson m15,Welford Rd,Beeston,Nottingham,01151183304,Watson_m15@wkygz.net
16,Ms,Hana w16,Wharf St,Beeston,Nottingham,01151883879,Hana_w16@arbmq.sch.uk
17,Mr,Paco m17,Newton St,Radford,Nottingham,01151188792,Paco_m17@vaugi.gov.uk
18,Ms,Helen w18,Victory St,Lenton Abbey,Nottingham,01151532013,Helen_w18@peeis.net
19,Mr,Ben m19,Kent St,Beeston,Nottingham,01151909717,Ben_m19@xihzx.org
20,Ms,Jenny w20,Granby St,West Bridgford,Nottingham,01151525905,Jenny_w20@oeiwb.net
21,Mr,Clinton m21,Burton St,Hyson Green,Nottingham,01151664015,Clinton_m21@wxocfac.uk
22,Ms,Mina w22,London Rd,Hyson Green,Nottingham,01151142144,Mina_w22@udlyg.sch.uk
23,Mr,Lee m23,Newton St,Beeston,Nottingham,01151591158,Lee_m23@lgqjv.sch.uk
24,Ms,Helen w24,Kent St,Beeston,Nottingham,01151098017,Helen_w24@gvgrh.sch.uk
25,Mr,Matthew m25,Hill St,Beeston,Nottingham,01151088715,Matthew_m25@jeeybac.uk
26,Ms,Lora w26,Hotel St,Clifton,Nottingham,01151253721,Lora_w26@usgdc.net
27,Mr,Brown m27,Wharf St,Clifton,Nottingham,01151000665,Brown_m27@gqfxsac.uk
28,Ms,Ann w28,Wharf St,Lenton Abbey,Nottingham,01151503398,Ann_w28@xmbxeco.uk
29,Mr,Zhou m29,Victory St,Beeston,Nottingham,01151570892,Zhou_m29@xvskx.com
30,Ms,Hana w30,Burton St,West Bridgford,Nottingham,01151712036,Hana_w30@ncacv.gov.uk
31,Mr,Yang m31,Victory St,Hyson Green,Nottingham,01151199161,Yang_m31@ivikl.sch.uk
32,Ms,Chris w32,Gateway St,Hyson Green,Nottingham,01151972339,Chris_w32@bwlnd.org
33,Mr,Alex m33,London Rd,Radford,Nottingham,01151163929,Alex_m33@nhxor.org
34,Ms,Chris w34,Granby St,Lenton Abbey,Nottingham,01151120672,Chris_w34@zyeog.sch.uk
35,Mr,David m35,Newton St,Hyson Green,Nottingham,01151212069,David_m35@gspnsco.uk
36,Ms,Mina w36,Hill St,Hyson Green,Nottingham,01151463871,Mina_w36@ouujo.org
37,Mr,Alex m37,Hill St,Hyson Green,Nottingham,01151022333,Alex_m37@vbnqx.sch.uk
38,Ms,Hana w38,Burton St,Clifton,Nottingham,01151156495,Hana_w38@olsxp.gov.uk
39,Mr,Chris m39,Oxford St,Beeston,Nottingham,01151186706,Chris_m39@ojfrc.gov.uk
40,Ms,Helen w40,Wharf St,Lenton Abbey,Nottingham,01151043322,Helen_w40@filcw.org
41,Mr,Yang m41,Bond St,Lenton Abbey,Nottingham,01151454463,Yang_m41@negot.com
42,Ms,Jenny w42,Victory St,Beeston,Nottingham,01151259751,Jenny_w42@ipupy.net
43,Mr,Yang m43,King St,Beeston,Nottingham,01151232348,Yang_m43@fdtbwco.uk
44,Ms,Diana w44,Victory St,Hyson Green,Nottingham,01151579652,Diana_w44@ohzmk.com
45,Mr,Wilson m45,Granby St,Hyson Green,Nottingham,01151351460,Wilson_m45@kljma.sch.uk
46,Ms,Pam w46,Granby St,Hyson Green,Nottingham,01151127195,Pam_w46@jniec.com
47,Mr,Wood m47,Hotel St,Lenton Abbey,Nottingham,01151280897,Wood_m47@albhf.net
48,Ms,Hana w48,Bond St,Lenton Abbey,Nottingham,01151962045,Hana_w48@ullmtac.uk
49,Mr,Zhou m49,Oxford St,Clifton,Nottingham,01151992179,Zhou_m49@ocqse.net
50,Ms,Mina w50,Newton St,Lenton Abbey,Nottingham,01151273931,Mina_w50@ktsjw.org
51,Mr,Bush m51,Granby St,Beeston,Nottingham,01151663909,Bush_m51@bynpj.net
52,Ms,Victory w52,King St,Hyson Green,Nottingham,01151585043,Victory_w52@eolum.net
53,Mr,Clinton m53,Oxford St,Clifton,Nottingham,01151330558,Clinton_m53@fkacyac.uk
54,Ms,Chris w54,Welford Rd,Lenton Abbey,Nottingham,01151000713,Chris_w54@ojhfs.com
55,Mr,Chris m55,Bond St,Beeston,Nottingham,01151808715,Chris_m55@zqhmc.org
56,Ms,Lily w56,Newton St,Radford,Nottingham,01151289478,Lily_w56@ntirk.gov.uk
57,Mr,Wilson m57,Victory St,Hyson Green,Nottingham,01151882270,Wilson_m57@qibmh.gov.uk
58,Ms,Luise w58,Bond St,Lenton Abbey,Nottingham,01151017522,Luise_w58@vnkgo.org
59,Mr,Matthew m59,Hotel St,Radford,Nottingham,01151251467,Matthew_m59@pbzap.sch.uk
60,Ms,Lily w60,Wharf St,Lenton Abbey,Nottingham,01151276209,Lily_w60@oncbj.sch.uk
61,Mr,Brown m61,Hotel St,Radford,Nottingham,01151578272,Brown_m61@buwcx.gov.uk
62,Ms,Lily w62,Gateway St,Hyson Green,Nottingham,01151959328,Lily_w62@iiopu.net
63,Mr,Watson m63,Kent St,Radford,Nottingham,01151918878,Watson_m63@biqlk.org
64,Ms,Sally w64,Hill St,Beeston,Nottingham,01151803404,Sally_w64@cpryh.sch.uk
65,Mr,Watson m65,Gateway St,Lenton Abbey,Nottingham,01151720289,Watson_m65@hhttr.net
66,Ms,Hana w66,Hill St,Radford,Nottingham,01151045985,Hana_w66@httlw.sch.uk
67,Mr,Peter m67,Ring Rd,Beeston,Nottingham,01151260623,Peter_m67@cfwhc.net
68,Ms,Anna w68,Kent St,Beeston,Nottingham,01151556477,Anna_w68@swlod.org
69,Mr,William m69,Hotel St,Hyson Green,Nottingham,01151476324,William_m69@ghpwj.org
70,Ms,Diana w70,Hotel St,West Bridgford,Nottingham,01151973027,Diana_w70@ivrwt.com
71,Mr,William m71,Gateway St,Lenton Abbey,Nottingham,01151688184,William_m71@vlofi.net
72,Ms,Jenny w72,Gateway St,Radford,Nottingham,01151601025,Jenny_w72@rrhcn.sch.uk
73,Mr,Scott m73,Burton St,Clifton,Nottingham,01151172844,Scott_m73@loodvco.uk
74,Ms,Tania w74,Burton St,Lenton Abbey,Nottingham,01151707731,Tania_w74@lhefmco.uk
75,Mr,Mohammad m75,Kent St,Beeston,Nottingham,01151700691,Mohammad_m75@eaumh.sch.uk
76,Ms,Chris w76,King St,Lenton Abbey,Nottingham,01151874327,Chris_w76@ndlkt.sch.uk
77,Mr,Mohammad m77,Bond St,West Bridgford,Nottingham,01151988340,Mohammad_m77@sxypg.net
78,Ms,Chris w78,Victory St,Lenton Abbey,Nottingham,01151696794,Chris_w78@kadne.net
79,Mr,Dean m79,Newton St,Hyson Green,Nottingham,01151512631,Dean_m79@ujdjvac.uk
80,Ms,Victory w80,Queens Rd,Beeston,Nottingham,01151961151,Victory_w80@nsrfk.gov.uk
81,Mr,Bush m81,Hill St,Beeston,Nottingham,01151320708,Bush_m81@btuwr.org
82,Ms,Lora w82,Oxford St,Radford,Nottingham,01151014703,Lora_w82@gkkvt.com
83,Mr,Wood m83,Gateway St,Radford,Nottingham,01151970238,Wood_m83@stjkmac.uk
84,Ms,Diana w84,King St,Hyson Green,Nottingham,01151520562,Diana_w84@tijms.org
85,Mr,Wood m85,Oxford St,Beeston,Nottingham,01151105236,Wood_m85@tlrxn.gov.uk
86,Ms,Ann w86,Wharf St,West Bridgford,Nottingham,01151589107,Ann_w86@eqryv.org
87,Mr,Brown m87,Welford Rd,Hyson Green,Nottingham,01151359966,Brown_m87@zlqwv.sch.uk
88,Ms,Luise w88,Bond St,Lenton Abbey,Nottingham,01151686295,Luise_w88@wzfojac.uk
89,Mr,Wood m89,King St,Lenton Abbey,Nottingham,01151231187,Wood_m89@bkalk.sch.uk
90,Ms,Pam w90,Burton St,Beeston,Nottingham,01151527227,Pam_w90@qgmue.sch.uk
91,Mr,Zhou m91,Gateway St,Beeston,Nottingham,01151214079,Zhou_m91@chijzco.uk
92,Ms,Chris w92,Oxford St,Radford,Nottingham,01151440795,Chris_w92@zuruk.sch.uk
93,Mr,Ben m93,Kent St,Beeston,Nottingham,01151234381,Ben_m93@vxzgk.org
94,Ms,Anna w94,Welford Rd,Hyson Green,Nottingham,01151980944,Anna_w94@dmyej.sch.uk
95,Mr,Scott m95,Hotel St,Beeston,Nottingham,01151078837,Scott_m95@ilfer.net
96,Ms,Mina w96,Ring Rd,Lenton Abbey,Nottingham,01151410832,Mina_w96@msgcx.gov.uk
97,Mr,Chris m97,Newton St,Hyson Green,Nottingham,01151627310,Chris_m97@lside.sch.uk
98,Ms,Sally w98,Hotel St,Hyson Green,Nottingham,01151153251,Sally_w98@zfcqxac.uk
99,Mr,Paco m99,Ring Rd,Radford,Nottingham,01151667971,Paco_m99@dipxe.net
100,Ms,Ann w100,Ring Rd,Beeston,Nottingham,01151523218,Ann_w100@igigz.sch.uk
101,Mr,Liu m101,Granby St,Lenton Abbey,Nottingham,01151009862,Liu_m101@mzwjbco.uk
102,Ms,Mina w102,Wharf St,West Bridgford,Nottingham,01151153482,Mina_w102@uifgn.sch.uk
103,Mr,Simon m103,Wharf St,Lenton Abbey,Nottingham,01151773843,Simon_m103@misif.com
104,Ms,Jane w104,Wharf St,Beeston,Nottingham,01151279535,Jane_w104@bbubf.net
105,Mr,Liu m105,Oxford St,Beeston,Nottingham,01151869034,Liu_m105@mgcofco.uk
106,Ms,Ann w106,Gateway St,Radford,Nottingham,01151593976,Ann_w106@pbbst.net
107,Mr,Eric m107,Victory St,Radford,Nottingham,01151788627,Eric_m107@nuphb.com
108,Ms,Pam w108,Gateway St,West Bridgford,Nottingham,01151498628,Pam_w108@zywop.net
109,Mr,Scott m109,Ring Rd,Lenton Abbey,Nottingham,01151133359,Scott_m109@jhwck.net
110,Ms,Sally w110,Bond St,Lenton Abbey,Nottingham,01151425947,Sally_w110@xoxvv.sch.uk
111,Mr,David m111,Burton St,Lenton Abbey,Nottingham,01151309432,David_m111@unbiz.org
112,Ms,Jenny w112,Bond St,Clifton,Nottingham,01151826171,Jenny_w112@oxxms.org
113,Mr,Smith m113,Kent St,Radford,Nottingham,01151752045,Smith_m113@yqfoico.uk
114,Ms,Luise w114,Queens Rd,Clifton,Nottingham,01151936961,Luise_w114@nnxhj.org
115,Mr,Wilson m115,Bond St,Hyson Green,Nottingham,01151186585,Wilson_m115@lbdfw.org
116,Ms,Diana w116,Oxford St,Lenton Abbey,Nottingham,01151823948,Diana_w116@ahcqt.com
117,Mr,Bush m117,King St,Radford,Nottingham,01151094804,Bush_m117@zbtke.gov.uk
118,Ms,Lora w118,Kent St,Clifton,Nottingham,01151638302,Lora_w118@yfzev.net
119,Mr,Mohammad m119,Queens Rd,Radford,Nottingham,01151067222,Mohammad_m119@wvllaco.uk
120,Ms,Diana w120,Wharf St,Radford,Nottingham,01151884808,Diana_w120@nwrbr.com
121,Mr,Eric m121,Queens Rd,Radford,Nottingham,01151867111,Eric_m121@lckfo.gov.uk
122,Ms,Lora w122,Burton St,Radford,Nottingham,01151565304,Lora_w122@mgoxiac.uk
123,Mr,William m123,Gateway St,Clifton,Nottingham,01151365318,William_m123@zmslm.org
124,Ms,Luise w124,London Rd,Radford,Nottingham,01151143259,Luise_w124@qgtlq.net
125,Mr,Yang m125,Hill St,Radford,Nottingham,01151172008,Yang_m125@bcxso.com
126,Ms,Anna w126,Ring Rd,Lenton Abbey,Nottingham,01151528723,Anna_w126@ttiplco.uk
127,Mr,Brown m127,Gateway St,Hyson Green,Nottingham,01151732513,Brown_m127@gqjun.net
128,Ms,Jenny w128,Bond St,Beeston,Nottingham,01151001203,Jenny_w128@xwapo.com
129,Mr,Zhou m129,King St,Beeston,Nottingham,01151597419,Zhou_m129@donggac.uk
130,Ms,Ann w130,Kent St,Hyson Green,Nottingham,01151109108,Ann_w130@sbmak.org
131,Mr,Yang m131,Victory St,West Bridgford,Nottingham,01151713799,Yang_m131@ooedt.org
132,Ms,Lora w132,Victory St,Hyson Green,Nottingham,01151921904,Lora_w132@pilcq.net
133,Mr,Wood m133,Bond St,Hyson Green,Nottingham,01151378530,Wood_m133@ryvuiac.uk
134,Ms,Mina w134,King St,Clifton,Nottingham,01151205436,Mina_w134@yzwsr.net
135,Mr,Lee m135,Burton St,Beeston,Nottingham,01151455527,Lee_m135@wmkql.org
136,Ms,Diana w136,Queens Rd,Radford,Nottingham,01151856865,Diana_w136@bebawco.uk
137,Mr,Mohammad m137,Granby St,Lenton Abbey,Nottingham,01151656115,Mohammad_m137@rcokt.gov.uk
138,Ms,Lora w138,Welford Rd,Beeston,Nottingham,01151290991,Lora_w138@fnuri.net
139,Mr,Clinton m139,Queens Rd,Radford,Nottingham,01151362132,Clinton_m139@yqlykco.uk
140,Ms,Helen w140,King St,Radford,Nottingham,01151889854,Helen_w140@jjqzi.net
141,Mr,Smith m141,Hill St,Beeston,Nottingham,01151670058,Smith_m141@ybdyt.sch.uk
142,Ms,Helen w142,London Rd,Beeston,Nottingham,01151292740,Helen_w142@qbmoxac.uk
143,Mr,Dean m143,Wharf St,Hyson Green,Nottingham,01151981887,Dean_m143@yvhdw.org
144,Ms,Lily w144,Welford Rd,Beeston,Nottingham,01151887140,Lily_w144@svlrk.net
145,Mr,Brown m145,Ring Rd,Radford,Nottingham,01151923820,Brown_m145@cqtxaco.uk
146,Ms,Hana w146,Hotel St,Beeston,Nottingham,01151696905,Hana_w146@qegvq.sch.uk
147,Mr,Wood m147,Oxford St,Clifton,Nottingham,01151393382,Wood_m147@njqwb.net
148,Ms,Chris w148,Wharf St,Beeston,Nottingham,01151093671,Chris_w148@shbwqco.uk
149,Mr,Clinton m149,Ring Rd,Beeston,Nottingham,01151389505,Clinton_m149@bcmgqco.uk
150,Ms,Anna w150,Hill St,Clifton,Nottingham,01151968861,Anna_w150@kjvqb.com
151,Mr,Eric m151,Oxford St,Lenton Abbey,Nottingham,01151755145,Eric_m151@fryxcco.uk
152,Ms,Helen w152,Welford Rd,Beeston,Nottingham,01151813380,Helen_w152@ifpxi.org
153,Mr,David m153,Welford Rd,Beeston,Nottingham,01151583544,David_m153@qyhmd.sch.uk
154,Ms,Sally w154,Bond St,Radford,Nottingham,01151453024,Sally_w154@eiuxp.sch.uk
155,Mr,Mohammad m155,Bond St,West Bridgford,Nottingham,01151444599,Mohammad_m155@tcujvac.uk
156,Ms,Anna w156,Victory St,Radford,Nottingham,01151940062,Anna_w156@mkojjac.uk
157,Mr,Lee m157,Granby St,Clifton,Nottingham,01151645753,Lee_m157@ohodo.net
158,Ms,Hana w158,Hill St,Beeston,Nottingham,01151753563,Hana_w158@ccnlk.sch.uk
159,Mr,Matthew m159,Oxford St,Radford,Nottingham,01151416084,Matthew_m159@gxpzwco.uk
160,Ms,Jenny w160,Gateway St,Lenton Abbey,Nottingham,01151903471,Jenny_w160@azeht.org
161,Mr,William m161,Oxford St,Hyson Green,Nottingham,01151714436,William_m161@qbbzp.com
162,Ms,Tania w162,Oxford St,West Bridgford,Nottingham,01151702854,Tania_w162@iksxf.net
163,Mr,Wood m163,Kent St,Clifton,Nottingham,01151657899,Wood_m163@zwzos.net
164,Ms,Mina w164,Victory St,Radford,Nottingham,01151050890,Mina_w164@zsbnq.org
165,Mr,Alex m165,Oxford St,Radford,Nottingham,01151730842,Alex_m165@pqxczco.uk
166,Ms,Victory w166,Gateway St,Radford,Nottingham,01151185226,Victory_w166@sjppx.net
167,Mr,William m167,Kent St,Lenton Abbey,Nottingham,01151179945,William_m167@rscrt.com
168,Ms,Luise w168,Gateway St,Clifton,Nottingham,01151083062,Luise_w168@mfhdvco.uk
169,Mr,Liu m169,King St,Radford,Nottingham,01151912817,Liu_m169@wtkcl.gov.uk
170,Ms,Luise w170,Queens Rd,Beeston,Nottingham,01151710885,Luise_w170@lhsnk.sch.uk
171,Mr,Wilson m171,Kent St,Hyson Green,Nottingham,01151083698,Wilson_m171@wnprqac.uk
172,Ms,Helen w172,Hill St,Clifton,Nottingham,01151913520,Helen_w172@qpwpu.org
173,Mr,Bush m173,Welford Rd,Hyson Green,Nottingham,01151724150,Bush_m173@gcdys.net
174,Ms,Pam w174,Wharf St,Hyson Green,Nottingham,01151135186,Pam_w174@oapgz.sch.uk
175,Mr,Brown m175,Bond St,Lenton Abbey,Nottingham,01151192047,Brown_m175@zzohyco.uk
176,Ms,Ann w176,Granby St,Beeston,Nottingham,01151158636,Ann_w176@hnblfac.uk
177,Mr,Simon m177,Bond St,Hyson Green,Nottingham,01151246808,Simon_m177@cdwyo.net
178,Ms,Hana w178,Ring Rd,Beeston,Nottingham,01151525090,Hana_w178@dclxw.net
179,Mr,David m179,Victory St,Radford,Nottingham,01151212260,David_m179@hefbo.com
180,Ms,Jane w180,Wharf St,Lenton Abbey,Nottingham,01151335481,Jane_w180@gspjh.org
181,Mr,Clinton m181,Wharf St,Hyson Green,Nottingham,01151904775,Clinton_m181@rvfrp.org
182,Ms,Anna w182,Victory St,Hyson Green,Nottingham,01151358083,Anna_w182@vgpni.sch.uk
183,Mr,Eric m183,Ring Rd,Lenton Abbey,Nottingham,01151984480,Eric_m183@dcxio.gov.uk
184,Ms,Diana w184,Hill St,Hyson Green,Nottingham,01151405610,Diana_w184@gadqr.org
185,Mr,Chris m185,King St,Beeston,Nottingham,01151146444,Chris_m185@midumco.uk
186,Ms,Hana w186,Granby St,Beeston,Nottingham,01151649493,Hana_w186@xvmiz.sch.uk
187,Mr,Bush m187,Bond St,Clifton,Nottingham,01151031046,Bush_m187@tyani.org
188,Ms,Helen w188,Bond St,Hyson Green,Nottingham,01151599406,Helen_w188@hqgsj.net
189,Mr,Wilson m189,Granby St,Beeston,Nottingham,01151952754,Wilson_m189@pnkdu.net
190,Ms,Victory w190,Kent St,Beeston,Nottingham,01151898274,Victory_w190@denil.net
191,Mr,Paco m191,Burton St,Radford,Nottingham,01151647165,Paco_m191@dbklcac.uk
192,Ms,Chris w192,Bond St,Beeston,Nottingham,01151440229,Chris_w192@pqpeu.org
193,Mr,Yang m193,Victory St,Lenton Abbey,Nottingham,01151720026,Yang_m193@yaoho.net
194,Ms,Ann w194,Ring Rd,Lenton Abbey,Nottingham,01151436578,Ann_w194@upwxnac.uk
195,Mr,Ben m195,King St,Hyson Green,Nottingham,01151040078,Ben_m195@mlwfd.gov.uk
196,Ms,Anna w196,Kent St,Lenton Abbey,Nottingham,01151936673,Anna_w196@zjfazco.uk
197,Mr,Brown m197,Ring Rd,Beeston,Nottingham,01151495850,Brown_m197@wfztg.net
198,Ms,Chris w198,Welford Rd,Hyson Green,Nottingham,01151874997,Chris_w198@gzjhk.com
199,Mr,Alex m199,Burton St,Lenton Abbey,Nottingham,01151465718,Alex_m199@dcspn.net
200,Ms,Anna w200,Bond St,Lenton Abbey,Nottingham,01151540726,Anna_w200@qjjdnac.uk
201,Mr,Ben m201,Gateway St,Beeston,Nottingham,01151602570,Ben_m201@yswnoac.uk
202,Ms,Lora w202,London Rd,Beeston,Nottingham,01151746711,Lora_w202@hzbbxco.uk
203,Mr,Smith m203,Gateway St,Beeston,Nottingham,01151949405,Smith_m203@gedyb.com
204,Ms,Ann w204,Oxford St,Clifton,Nottingham,01151029174,Ann_w204@kvdsd.sch.uk
205,Mr,Matthew m205,Gateway St,Lenton Abbey,Nottingham,01151879144,Matthew_m205@ygfbc.net
206,Ms,Sally w206,Hotel St,Radford,Nottingham,01151357430,Sally_w206@ymayv.gov.uk
207,Mr,Wood m207,Ring Rd,Clifton,Nottingham,01151857858,Wood_m207@hulykco.uk
208,Ms,Pam w208,Granby St,Lenton Abbey,Nottingham,01151989063,Pam_w208@ggulr.net
209,Mr,Zhou m209,Queens Rd,Clifton,Nottingham,01151404212,Zhou_m209@dkxwpco.uk
210,Ms,Anna w210,London Rd,Hyson Green,Nottingham,01151670460,Anna_w210@ucioz.net
211,Mr,Smith m211,Victory St,Hyson Green,Nottingham,01151581920,Smith_m211@kqcwd.sch.uk
212,Ms,Lily w212,Wharf St,Clifton,Nottingham,01151335117,Lily_w212@wdszqac.uk
213,Mr,Alex m213,Newton St,Hyson Green,Nottingham,01151430575,Alex_m213@huqgh.net
214,Ms,Lora w214,Victory St,Beeston,Nottingham,01151008331,Lora_w214@ebrblco.uk
215,Mr,Ben m215,Ring Rd,Hyson Green,Nottingham,01151808902,Ben_m215@dzclico.uk
216,Ms,Anna w216,King St,Hyson Green,Nottingham,01151942280,Anna_w216@nhhtk.net
217,Mr,Liu m217,Kent St,Hyson Green,Nottingham,01151741782,Liu_m217@zfpko.com
218,Ms,Luise w218,Wharf St,Radford,Nottingham,01151909161,Luise_w218@gcruw.net
219,Mr,Matthew m219,Oxford St,Beeston,Nottingham,01151171556,Matthew_m219@dfxwv.org
220,Ms,Diana w220,Burton St,West Bridgford,Nottingham,01151923632,Diana_w220@ynpfk.gov.uk
221,Mr,Clinton m221,Granby St,Beeston,Nottingham,01151398038,Clinton_m221@dmcxgac.uk
222,Ms,Lora w222,Granby St,Beeston,Nottingham,01151488521,Lora_w222@jvecx.org
223,Mr,Eric m223,Kent St,Lenton Abbey,Nottingham,01151281388,Eric_m223@kbwtz.net
224,Ms,Jenny w224,Queens Rd,Lenton Abbey,Nottingham,01151081056,Jenny_w224@jqcpe.org
225,Mr,Yang m225,King St,Beeston,Nottingham,01151752750,Yang_m225@otdvico.uk
226,Ms,Anna w226,Ring Rd,Beeston,Nottingham,01151347708,Anna_w226@audraco.uk
227,Mr,Yang m227,King St,Radford,Nottingham,01151110525,Yang_m227@vaeyico.uk
228,Ms,Lily w228,Victory St,Lenton Abbey,Nottingham,01151651216,Lily_w228@zqqux.gov.uk
229,Mr,Mohammad m229,Welford Rd,Hyson Green,Nottingham,01151270718,Mohammad_m229@jgyde.org
230,Ms,Helen w230,Welford Rd,Hyson Green,Nottingham,01151141357,Helen_w230@udpctac.uk
231,Mr,Smith m231,Bond St,Lenton Abbey,Nottingham,01151951008,Smith_m231@xwcvj.org
232,Ms,Chris w232,Kent St,Beeston,Nottingham,01151987624,Chris_w232@ddcdk.gov.uk
233,Mr,Mohammad m233,Victory St,Lenton Abbey,Nottingham,01151829144,Mohammad_m233@akqmx.net
234,Ms,Helen w234,King St,Radford,Nottingham,01151043578,Helen_w234@plebj.org
235,Mr,Paco m235,Oxford St,Radford,Nottingham,01151715611,Paco_m235@knqbk.org
236,Ms,Helen w236,Burton St,Clifton,Nottingham,01151351583,Helen_w236@ptpacco.uk
237,Mr,Brown m237,Queens Rd,Beeston,Nottingham,01151525464,Brown_m237@pkqvvco.uk
238,Ms,Victory w238,King St,Beeston,Nottingham,01151268363,Victory_w238@ypffz.net
239,Mr,Peter m239,Ring Rd,Lenton Abbey,Nottingham,01151793462,Peter_m239@tvlofco.uk
240,Ms,Lora w240,Burton St,West Bridgford,Nottingham,01151742235,Lora_w240@nhctn.sch.uk
241,Mr,Watson m241,Victory St,Lenton Abbey,Nottingham,01151885565,Watson_m241@cbmun.net
242,Ms,Jenny w242,King St,Hyson Green,Nottingham,01151670930,Jenny_w242@kmcap.org
243,Mr,Zhou m243,Oxford St,Clifton,Nottingham,01151066397,Zhou_m243@uyiuf.com
244,Ms,Sally w244,Ring Rd,Hyson Green,Nottingham,01151159865,Sally_w244@yetgj.org
245,Mr,Mohammad m245,Queens Rd,Beeston,Nottingham,01151555834,Mohammad_m245@pcesx.org
246,Ms,Lora w246,King St,Radford,Nottingham,01151214133,Lora_w246@oplhgco.uk
247,Mr,Wilson m247,Hill St,Clifton,Nottingham,01151235772,Wilson_m247@gcqcr.com
248,Ms,Diana w248,Queens Rd,Hyson Green,Nottingham,01151849050,Diana_w248@wztcd.org
249,Mr,Wood m249,Wharf St,West Bridgford,Nottingham,01151216886,Wood_m249@iurhqac.uk
250,Ms,Diana w250,Gateway St,Radford,Nottingham,01151246013,Diana_w250@vwabv.org
251,Mr,Peter m251,Wharf St,Lenton Abbey,Nottingham,01151946598,Peter_m251@qndpq.sch.uk
252,Ms,Victory w252,Hotel St,Clifton,Nottingham,01151986926,Victory_w252@sioyv.com
253,Mr,David m253,Oxford St,Lenton Abbey,Nottingham,01151240949,David_m253@uykmsco.uk
254,Ms,Luise w254,Victory St,West Bridgford,Nottingham,01151871210,Luise_w254@wxrktco.uk
255,Mr,Paco m255,Oxford St,Hyson Green,Nottingham,01151218248,Paco_m255@xlfaxco.uk
256,Ms,Sally w256,Newton St,Lenton Abbey,Nottingham,01151062675,Sally_w256@cjaju.net
257,Mr,Dean m257,Queens Rd,Lenton Abbey,Nottingham,01151646164,Dean_m257@iixul.sch.uk
258,Ms,Pam w258,Hotel St,West Bridgford,Nottingham,01151134581,Pam_w258@oamenac.uk
259,Mr,Bush m259,Queens Rd,West Bridgford,Nottingham,01151733455,Bush_m259@knxui.sch.uk
260,Ms,Sally w260,Oxford St,Radford,Nottingham,01151105036,Sally_w260@afvazco.uk
261,Mr,Matthew m261,Ring Rd,Hyson Green,Nottingham,01151333984,Matthew_m261@qfijf.gov.uk
262,Ms,Luise w262,Queens Rd,Lenton Abbey,Nottingham,01151783179,Luise_w262@wswbu.net
263,Mr,Bush m263,Welford Rd,Hyson Green,Nottingham,01151881791,Bush_m263@hmjkw.com
264,Ms,Diana w264,Burton St,Beeston,Nottingham,01151730290,Diana_w264@scggz.org
265,Mr,Chris m265,Ring Rd,Hyson Green,Nottingham,01151392278,Chris_m265@gagpsac.uk
266,Ms,Diana w266,Victory St,Beeston,Nottingham,01151947211,Diana_w266@oeamr.sch.uk
267,Mr,Eric m267,Welford Rd,Hyson Green,Nottingham,01151607778,Eric_m267@tbiux.sch.uk
268,Ms,Luise w268,Ring Rd,West Bridgford,Nottingham,01151595690,Luise_w268@eeydb.net
269,Mr,Bush m269,Kent St,Radford,Nottingham,01151681727,Bush_m269@avibw.org
270,Ms,Hana w270,Oxford St,West Bridgford,Nottingham,01151532030,Hana_w270@pqalk.com
271,Mr,Watson m271,Oxford St,Hyson Green,Nottingham,01151127076,Watson_m271@lygagac.uk
272,Ms,Jenny w272,Oxford St,Radford,Nottingham,01151923978,Jenny_w272@kxgnlac.uk
273,Mr,Clinton m273,Newton St,Beeston,Nottingham,01151750401,Clinton_m273@mhqwwac.uk
274,Ms,Diana w274,Bond St,Lenton Abbey,Nottingham,01151361979,Diana_w274@ljxvtco.uk
275,Mr,Smith m275,Gateway St,Hyson Green,Nottingham,01151500106,Smith_m275@fahuv.net
276,Ms,Tania w276,Queens Rd,Radford,Nottingham,01151362377,Tania_w276@jidnwco.uk
277,Mr,Scott m277,King St,Radford,Nottingham,01151306245,Scott_m277@kjfebac.uk
278,Ms,Tania w278,Ring Rd,West Bridgford,Nottingham,01151241425,Tania_w278@snjhdco.uk
279,Mr,Scott m279,Wharf St,Clifton,Nottingham,01151640803,Scott_m279@tlnkyco.uk
280,Ms,Lora w280,Hotel St,Hyson Green,Nottingham,01151493544,Lora_w280@piwgnac.uk
281,Mr,Watson m281,London Rd,Beeston,Nottingham,01151446983,Watson_m281@sqclx.org
282,Ms,Diana w282,Hotel St,Radford,Nottingham,01151337124,Diana_w282@ovpnrac.uk
283,Mr,Watson m283,Burton St,Beeston,Nottingham,01151341769,Watson_m283@djbgc.net
284,Ms,Luise w284,Oxford St,Beeston,Nottingham,01151366630,Luise_w284@usxlb.net
285,Mr,Liu m285,Newton St,Lenton Abbey,Nottingham,01151746463,Liu_m285@shuxm.org
286,Ms,Helen w286,Oxford St,Beeston,Nottingham,01151238646,Helen_w286@mzsvr.gov.uk
287,Mr,Zhou m287,Queens Rd,Radford,Nottingham,01151915858,Zhou_m287@rjsefac.uk
288,Ms,Luise w288,Gateway St,Hyson Green,Nottingham,01151420700,Luise_w288@tpjhu.org
289,Mr,Simon m289,Victory St,Beeston,Nottingham,01151103843,Simon_m289@qrqfs.net
290,Ms,Chris w290,Hotel St,Lenton Abbey,Nottingham,01151467583,Chris_w290@aecxy.net
291,Mr,Smith m291,Hill St,Beeston,Nottingham,01151434855,Smith_m291@ckzhbac.uk
292,Ms,Victory w292,Ring Rd,Hyson Green,Nottingham,01151733742,Victory_w292@wjsusco.uk
293,Mr,Yang m293,Queens Rd,Radford,Nottingham,01151009792,Yang_m293@wrhgn.com
294,Ms,Victory w294,Ring Rd,Lenton Abbey,Nottingham,01151255862,Victory_w294@xbbpyac.uk
295,Mr,Wilson m295,Granby St,Radford,Nottingham,01151018655,Wilson_m295@kncxxco.uk
296,Ms,Ann w296,Ring Rd,Lenton Abbey,Nottingham,01151848198,Ann_w296@npwai.com
297,Mr,Simon m297,Oxford St,Hyson Green,Nottingham,01151392588,Simon_m297@ujuze.com
298,Ms,Anna w298,King St,Radford,Nottingham,01151002991,Anna_w298@ealojco.uk
299,Mr,Ben m299,Burton St,Radford,Nottingham,01151125715,Ben_m299@fvnts.org
300,Ms,Helen w300,London Rd,Beeston,Nottingham,01151460430,Helen_w300@erjrs.sch.uk
301,Mr,Eric m301,Hill St,Lenton Abbey,Nottingham,01151696162,Eric_m301@vpytxco.uk
302,Ms,Jenny w302,Burton St,West Bridgford,Nottingham,01151602817,Jenny_w302@bdyvt.org
303,Mr,Alex m303,Hotel St,Beeston,Nottingham,01151722510,Alex_m303@bkxpmac.uk
304,Ms,Mina w304,Oxford St,Beeston,Nottingham,01151531610,Mina_w304@fpllt.net
305,Mr,Mohammad m305,Wharf St,Hyson Green,Nottingham,01151225240,Mohammad_m305@auqqt.gov.uk
306,Ms,Anna w306,Queens Rd,Clifton,Nottingham,01151630406,Anna_w306@zbylv.net
307,Mr,Lee m307,Gateway St,Hyson Green,Nottingham,01151918484,Lee_m307@hjvjb.sch.uk
308,Ms,Mina w308,Oxford St,Hyson Green,Nottingham,01151561547,Mina_w308@dmeee.org
309,Mr,Brown m309,Gateway St,Lenton Abbey,Nottingham,01151069558,Brown_m309@zlidx.gov.uk
310,Ms,Ann w310,King St,Lenton Abbey,Nottingham,01151068719,Ann_w310@sqjodco.uk
311,Mr,Watson m311,Hill St,Clifton,Nottingham,01151776784,Watson_m311@aggkj.org
312,Ms,Luise w312,Bond St,Radford,Nottingham,01151875184,Luise_w312@zkxuu.net
313,Mr,Chris m313,Victory St,Hyson Green,Nottingham,01151142962,Chris_m313@ijdzuac.uk
314,Ms,Anna w314,Ring Rd,Hyson Green,Nottingham,01151058830,Anna_w314@bzfts.com
315,Mr,Simon m315,Granby St,Radford,Nottingham,01151596986,Simon_m315@fwzff.sch.uk
316,Ms,Lily w316,Wharf St,Hyson Green,Nottingham,01151530277,Lily_w316@ikedg.org
317,Mr,Mohammad m317,Burton St,Lenton Abbey,Nottingham,01151671443,Mohammad_m317@yagel.com
318,Ms,Lily w318,King St,Hyson Green,Nottingham,01151938485,Lily_w318@blimv.gov.uk
319,Mr,Chris m319,Hotel St,Radford,Nottingham,01151992260,Chris_m319@nenva.sch.uk
320,Ms,Diana w320,Wharf St,Radford,Nottingham,01151669005,Diana_w320@uxonyac.uk
321,Mr,Watson m321,Newton St,Hyson Green,Nottingham,01151743259,Watson_m321@clxmn.org
322,Ms,Jenny w322,Burton St,Hyson Green,Nottingham,01151787699,Jenny_w322@qstcn.net
323,Mr,Wilson m323,Burton St,Lenton Abbey,Nottingham,01151416075,Wilson_m323@cigkq.gov.uk
324,Ms,Ann w324,Victory St,Clifton,Nottingham,01151697789,Ann_w324@jwozk.org
325,Mr,Wood m325,Welford Rd,Clifton,Nottingham,01151882348,Wood_m325@cvaijac.uk
326,Ms,Anna w326,Bond St,Lenton Abbey,Nottingham,01151790063,Anna_w326@xrrxf.org
327,Mr,Yang m327,Victory St,Clifton,Nottingham,01151538828,Yang_m327@nwsfx.org
328,Ms,Lora w328,Gateway St,Lenton Abbey,Nottingham,01151323605,Lora_w328@nzufd.org
329,Mr,Chris m329,Granby St,Radford,Nottingham,01151839842,Chris_m329@qmdpbco.uk
330,Ms,Luise w330,Welford Rd,Clifton,Nottingham,01151452653,Luise_w330@liqcpco.uk
331,Mr,William m331,Oxford St,Clifton,Nottingham,01151892675,William_m331@uxcar.gov.uk
332,Ms,Jane w332,Hill St,Radford,Nottingham,01151386626,Jane_w332@ovcxxco.uk
333,Mr,Clinton m333,Wharf St,Hyson Green,Nottingham,01151060724,Clinton_m333@iimaq.org
334,Ms,Sally w334,Wharf St,Clifton,Nottingham,01151745347,Sally_w334@admvnco.uk
831,Mr,Chris m831,Victory St,Clifton,Nottingham,01151924431,Chris_m831@rclxl.sch.uk
832,Ms,Helen w832,Ring Rd,West Bridgford,Nottingham,01151581835,Helen_w832@ivejwac.uk
833,Mr,Paco m833,Hill St,West Bridgford,Nottingham,01151735928,Paco_m833@nrowe.sch.uk
834,Ms,Lily w834,Burton St,Radford,Nottingham,01151390509,Lily_w834@njcwr.org
835,Mr,Clinton m835,Welford Rd,Radford,Nottingham,01151958983,Clinton_m835@gvfap.org
836,Ms,Lily w836,Welford Rd,Hyson Green,Nottingham,01151621246,Lily_w836@fcssw.org
837,Mr,David m837,Gateway St,Hyson Green,Nottingham,01151339877,David_m837@gcnyn.org
838,Ms,Lily w838,Burton St,Radford,Nottingham,01151067068,Lily_w838@idzawco.uk
839,Mr,Clinton m839,Victory St,Beeston,Nottingham,01151973849,Clinton_m839@sidqqac.uk
840,Ms,Lily w840,Welford Rd,Clifton,Nottingham,01151166168,Lily_w840@erhgj.gov.uk
841,Mr,Ben m841,Ring Rd,Hyson Green,Nottingham,01151899111,Ben_m841@kjyut.org
842,Ms,Luise w842,Welford Rd,Lenton Abbey,Nottingham,01151492349,Luise_w842@hsghgac.uk
843,Mr,Alex m843,Victory St,Beeston,Nottingham,01151028434,Alex_m843@nxzkk.org
844,Ms,Lora w844,King St,Clifton,Nottingham,01151010887,Lora_w844@jairiac.uk
845,Mr,Ben m845,Granby St,Lenton Abbey,Nottingham,01151774277,Ben_m845@kkrdhco.uk
846,Ms,Chris w846,Newton St,West Bridgford,Nottingham,01151195122,Chris_w846@ryedc.net
847,Mr,Scott m847,Gateway St,Clifton,Nottingham,01151223957,Scott_m847@kymho.sch.uk
848,Ms,Pam w848,London Rd,Beeston,Nottingham,01151153254,Pam_w848@eynsgco.uk
849,Mr,David m849,Kent St,West Bridgford,Nottingham,01151198393,David_m849@ddynb.com
850,Ms,Lora w850,Hill St,Beeston,Nottingham,01151029820,Lora_w850@cmoeu.net
851,Mr,Ben m851,Queens Rd,West Bridgford,Nottingham,01151506567,Ben_m851@hcrab.gov.uk
852,Ms,Jenny w852,Victory St,Lenton Abbey,Nottingham,01151372954,Jenny_w852@tfowz.net
853,Mr,Mohammad m853,Gateway St,Radford,Nottingham,01151882658,Mohammad_m853@dkcne.com
854,Ms,Victory w854,Hotel St,Lenton Abbey,Nottingham,01151291395,Victory_w854@qieanac.uk
855,Mr,Alex m855,Newton St,Clifton,Nottingham,01151766880,Alex_m855@uwgjw.sch.uk
856,Ms,Helen w856,Welford Rd,Beeston,Nottingham,01151670490,Helen_w856@sskus.com
857,Mr,Yang m857,Victory St,West Bridgford,Nottingham,01151674018,Yang_m857@drafj.net
858,Ms,Pam w858,Welford Rd,Clifton,Nottingham,01151018106,Pam_w858@xagrb.sch.uk
859,Mr,Brown m859,Hotel St,Clifton,Nottingham,01151993544,Brown_m859@ibxbzac.uk
860,Ms,Hana w860,Ring Rd,Clifton,Nottingham,01151014063,Hana_w860@tukdzac.uk
861,Mr,Matthew m861,Gateway St,Lenton Abbey,Nottingham,01151266360,Matthew_m861@bmzzm.net
862,Ms,Jane w862,London Rd,Beeston,Nottingham,01151823819,Jane_w862@mlnyfco.uk
863,Mr,Lee m863,Wharf St,Clifton,Nottingham,01151478557,Lee_m863@mftguco.uk
864,Ms,Sally w864,Queens Rd,Beeston,Nottingham,01151567163,Sally_w864@dtfxy.net
865,Mr,Alex m865,Burton St,Hyson Green,Nottingham,01151188669,Alex_m865@bytfr.org
866,Ms,Lora w866,Victory St,Hyson Green,Nottingham,01151305885,Lora_w866@jsoxf.net
867,Mr,Smith m867,Granby St,Hyson Green,Nottingham,01151618557,Smith_m867@nlila.sch.uk
868,Ms,Victory w868,Hotel St,West Bridgford,Nottingham,01151238158,Victory_w868@vecpp.org
869,Mr,Mohammad m869,Kent St,Hyson Green,Nottingham,01151284408,Mohammad_m869@tyutj.gov.uk
870,Ms,Ann w870,Queens Rd,Radford,Nottingham,01151272661,Ann_w870@kldam.net
871,Mr,Wilson m871,Oxford St,Radford,Nottingham,01151289359,Wilson_m871@eqooi.sch.uk
872,Ms,Luise w872,Hotel St,Radford,Nottingham,01151915147,Luise_w872@yryxm.sch.uk
873,Mr,Chris m873,Victory St,Hyson Green,Nottingham,01151254113,Chris_m873@yhyua.sch.uk
874,Ms,Diana w874,Gateway St,Hyson Green,Nottingham,01151425618,Diana_w874@cbnpt.org
875,Mr,Mohammad m875,Burton St,Hyson Green,Nottingham,01151032096,Mohammad_m875@fmsrt.org
876,Ms,Lora w876,Bond St,Lenton Abbey,Nottingham,01151665563,Lora_w876@hskfico.uk
877,Mr,Wilson m877,Wharf St,Beeston,Nottingham,01151760782,Wilson_m877@xnuvcac.uk
878,Ms,Anna w878,London Rd,Hyson Green,Nottingham,01151033964,Anna_w878@uyytn.sch.uk
879,Mr,Wilson m879,Bond St,Lenton Abbey,Nottingham,01151985697,Wilson_m879@eadux.sch.uk
880,Ms,Hana w880,Wharf St,Lenton Abbey,Nottingham,01151855132,Hana_w880@ocliq.com
881,Mr,Simon m881,Hill St,Radford,Nottingham,01151371817,Simon_m881@bopwp.net
882,Ms,Jenny w882,Queens Rd,Lenton Abbey,Nottingham,01151800106,Jenny_w882@lprdg.com
883,Mr,Liu m883,Granby St,Lenton Abbey,Nottingham,01151742821,Liu_m883@krkrx.sch.uk
884,Ms,Victory w884,King St,Radford,Nottingham,01151353063,Victory_w884@uxnkm.org
885,Mr,Zhou m885,Bond St,Hyson Green,Nottingham,01151133744,Zhou_m885@mkdmcco.uk
886,Ms,Pam w886,Bond St,Beeston,Nottingham,01151046388,Pam_w886@aksdr.net
887,Mr,Alex m887,King St,Lenton Abbey,Nottingham,01151527283,Alex_m887@tzhay.org
888,Ms,Victory w888,Welford Rd,Lenton Abbey,Nottingham,01151221639,Victory_w888@fozcw.sch.uk
889,Mr,Zhou m889,Burton St,Radford,Nottingham,01151018280,Zhou_m889@byaim.com
890,Ms,Ann w890,Wharf St,Hyson Green,Nottingham,01151295906,Ann_w890@ppxoa.net
891,Mr,Zhou m891,London Rd,Lenton Abbey,Nottingham,01151308312,Zhou_m891@eoobl.sch.uk
892,Ms,Victory w892,Victory St,Lenton Abbey,Nottingham,01151233977,Victory_w892@ctthjac.uk
893,Mr,David m893,Bond St,West Bridgford,Nottingham,01151489819,David_m893@weqag.com
894,Ms,Helen w894,Oxford St,Lenton Abbey,Nottingham,01151573284,Helen_w894@wpvbn.gov.uk
895,Mr,Wood m895,Ring Rd,Hyson Green,Nottingham,01151581980,Wood_m895@lyczpac.uk
896,Ms,Jane w896,Welford Rd,Radford,Nottingham,01151206217,Jane_w896@jmtov.org
897,Mr,Wood m897,King St,Beeston,Nottingham,01151934042,Wood_m897@naweqac.uk
898,Ms,Hana w898,Burton St,Hyson Green,Nottingham,01151334182,Hana_w898@pbogh.gov.uk
899,Mr,Liu m899,Welford Rd,Radford,Nottingham,01151525558,Liu_m899@gqodvac.uk
900,Ms,Victory w900,Burton St,Radford,Nottingham,01151722030,Victory_w900@ewcey.net
901,Mr,David m901,Hotel St,Hyson Green,Nottingham,01151271370,David_m901@zmswvco.uk
902,Ms,Anna w902,King St,Radford,Nottingham,01151032212,Anna_w902@uzddx.sch.uk
903,Mr,David m903,Burton St,Beeston,Nottingham,01151790096,David_m903@fiarrco.uk
904,Ms,Lily w904,Welford Rd,Beeston,Nottingham,01151116551,Lily_w904@ktmixco.uk
905,Mr,David m905,Bond St,Beeston,Nottingham,01151893570,David_m905@jlmqtac.uk
906,Ms,Mina w906,Victory St,Radford,Nottingham,01151670164,Mina_w906@cddsgco.uk
907,Mr,Smith m907,Bond St,Hyson Green,Nottingham,01151440417,Smith_m907@orams.org
908,Ms,Jenny w908,Granby St,Lenton Abbey,Nottingham,01151069620,Jenny_w908@uusdtco.uk
909,Mr,Ben m909,Welford Rd,Lenton Abbey,Nottingham,01151251938,Ben_m909@jgpve.com
910,Ms,Luise w910,Queens Rd,Beeston,Nottingham,01151808636,Luise_w910@qbwge.net
911,Mr,Wood m911,Burton St,Hyson Green,Nottingham,01151043800,Wood_m911@htpyn.net
912,Ms,Diana w912,Welford Rd,West Bridgford,Nottingham,01151797376,Diana_w912@grtukco.uk
913,Mr,Simon m913,Bond St,Radford,Nottingham,01151272022,Simon_m913@ojppv.org
914,Ms,Chris w914,Kent St,Hyson Green,Nottingham,01151202723,Chris_w914@nbpwa.org
915,Mr,Mohammad m915,London Rd,Lenton Abbey,Nottingham,01151442656,Mohammad_m915@dvvmp.net
916,Ms,Mina w916,Victory St,Beeston,Nottingham,01151727905,Mina_w916@ywdhi.net
917,Mr,Alex m917,King St,Lenton Abbey,Nottingham,01151321808,Alex_m917@asaro.sch.uk
918,Ms,Mina w918,Bond St,Radford,Nottingham,01151900760,Mina_w918@rsixv.sch.uk
919,Mr,Clinton m919,Queens Rd,Clifton,Nottingham,01151279291,Clinton_m919@lspltac.uk
920,Ms,Helen w920,Burton St,West Bridgford,Nottingham,01151658527,Helen_w920@lxxkg.org
921,Mr,Ben m921,London Rd,Radford,Nottingham,01151374827,Ben_m921@padljac.uk
922,Ms,Sally w922,Kent St,Hyson Green,Nottingham,01151820553,Sally_w922@rhlflco.uk
923,Mr,Matthew m923,Ring Rd,Hyson Green,Nottingham,01151910082,Matthew_m923@rywgi.net
924,Ms,Hana w924,Bond St,Clifton,Nottingham,01151942779,Hana_w924@jgxpt.sch.uk
925,Mr,Liu m925,Burton St,Beeston,Nottingham,01151717301,Liu_m925@tcyqsac.uk
926,Ms,Victory w926,London Rd,West Bridgford,Nottingham,01151053192,Victory_w926@odafn.gov.uk
927,Mr,Bush m927,Gateway St,Lenton Abbey,Nottingham,01151207696,Bush_m927@bmayu.org
928,Ms,Mina w928,Welford Rd,Hyson Green,Nottingham,01151747385,Mina_w928@oxjgr.com
929,Mr,Chris m929,Wharf St,Hyson Green,Nottingham,01151813207,Chris_m929@oznxz.sch.uk
930,Ms,Tania w930,Queens Rd,Lenton Abbey,Nottingham,01151440639,Tania_w930@vhmgtco.uk
931,Mr,Watson m931,Wharf St,Hyson Green,Nottingham,01151487881,Watson_m931@solwi.sch.uk
932,Ms,Ann w932,Queens Rd,Radford,Nottingham,01151519502,Ann_w932@vrddgco.uk
933,Mr,Clinton m933,Hill St,Beeston,Nottingham,01151029588,Clinton_m933@arsqsco.uk
934,Ms,Lora w934,Gateway St,West Bridgford,Nottingham,01151436353,Lora_w934@lfoqhco.uk
935,Mr,Paco m935,Kent St,Radford,Nottingham,01151604755,Paco_m935@fxljrac.uk
936,Ms,Victory w936,Queens Rd,Lenton Abbey,Nottingham,01151229786,Victory_w936@vacdr.net
937,Mr,Wood m937,Bond St,Lenton Abbey,Nottingham,01151044983,Wood_m937@iruwr.net
938,Ms,Lora w938,Oxford St,Hyson Green,Nottingham,01151129414,Lora_w938@gbkvd.org
939,Mr,Watson m939,Burton St,Lenton Abbey,Nottingham,01151104452,Watson_m939@xlrra.org
940,Ms,Jane w940,Oxford St,Radford,Nottingham,01151454500,Jane_w940@pswtnco.uk
941,Mr,William m941,King St,Radford,Nottingham,01151638163,William_m941@poxckac.uk
942,Ms,Anna w942,Wharf St,Clifton,Nottingham,01151124685,Anna_w942@iynax.org
943,Mr,Bush m943,Ring Rd,Lenton Abbey,Nottingham,01151028083,Bush_m943@acrds.sch.uk
944,Ms,Anna w944,Oxford St,Radford,Nottingham,01151638449,Anna_w944@bnkfn.org
945,Mr,David m945,Kent St,Lenton Abbey,Nottingham,01151403326,David_m945@fomrs.net
946,Ms,Chris w946,Bond St,Hyson Green,Nottingham,01151771382,Chris_w946@cizfiac.uk
947,Mr,Wood m947,Hill St,Lenton Abbey,Nottingham,01151327848,Wood_m947@fhtfx.com
948,Ms,Tania w948,Ring Rd,Hyson Green,Nottingham,01151309269,Tania_w948@qqoayco.uk
949,Mr,Wood m949,Welford Rd,Lenton Abbey,Nottingham,01151471429,Wood_m949@bahfjco.uk
950,Ms,Luise w950,King St,Hyson Green,Nottingham,01151769643,Luise_w950@dwapk.sch.uk
951,Mr,Eric m951,Oxford St,Radford,Nottingham,01151852845,Eric_m951@ilwat.sch.uk
952,Ms,Pam w952,London Rd,Beeston,Nottingham,01151087566,Pam_w952@pipcmac.uk
953,Mr,Watson m953,Welford Rd,Beeston,Nottingham,01151767345,Watson_m953@fhdqwac.uk
954,Ms,Jenny w954,Oxford St,Lenton Abbey,Nottingham,01151947117,Jenny_w954@khtow.org
955,Mr,Lee m955,Victory St,Radford,Nottingham,01151249111,Lee_m955@jlffp.net
956,Ms,Lily w956,Gateway St,Beeston,Nottingham,01151410233,Lily_w956@wvdrm.org
957,Mr,Yang m957,Hotel St,Hyson Green,Nottingham,01151748610,Yang_m957@kbqwy.gov.uk
958,Ms,Mina w958,Hill St,Radford,Nottingham,01151283500,Mina_w958@hppsa.net
959,Mr,Simon m959,Victory St,Clifton,Nottingham,01151202398,Simon_m959@mkttu.net
960,Ms,Mina w960,Victory St,Radford,Nottingham,01151102581,Mina_w960@vcclsac.uk
961,Mr,Lee m961,Bond St,Lenton Abbey,Nottingham,01151292258,Lee_m961@rkajbac.uk
962,Ms,Ann w962,Queens Rd,Hyson Green,Nottingham,01151811070,Ann_w962@oicpz.net
963,Mr,Brown m963,Gateway St,Beeston,Nottingham,01151120959,Brown_m963@nkfeo.org
964,Ms,Lily w964,Bond St,Clifton,Nottingham,01151883760,Lily_w964@nprox.gov.uk
965,Mr,William m965,Hotel St,Hyson Green,Nottingham,01151860242,William_m965@fvtwt.net
966,Ms,Tania w966,King St,Beeston,Nottingham,01151855502,Tania_w966@zsfrx.org
967,Mr,Zhou m967,Bond St,West Bridgford,Nottingham,01151931844,Zhou_m967@sskjh.sch.uk
968,Ms,Mina w968,Queens Rd,West Bridgford,Nottingham,01151341382,Mina_w968@nfigy.gov.uk
969,Mr,Clinton m969,Oxford St,Hyson Green,Nottingham,01151168846,Clinton_m969@ohiat.gov.uk
970,Ms,Lora w970,Kent St,Lenton Abbey,Nottingham,01151305337,Lora_w970@iemzk.sch.uk
971,Mr,Smith m971,Welford Rd,Hyson Green,Nottingham,01151372092,Smith_m971@qiozuco.uk
972,Ms,Anna w972,Wharf St,Beeston,Nottingham,01151860814,Anna_w972@lyrxt.com
973,Mr,Simon m973,Gateway St,Hyson Green,Nottingham,01151531816,Simon_m973@qchyrco.uk
974,Ms,Chris w974,Kent St,Hyson Green,Nottingham,01151835027,Chris_w974@qavft.org
975,Mr,Yang m975,Welford Rd,Radford,Nottingham,01151769976,Yang_m975@zikqc.org
976,Ms,Jenny w976,Kent St,Hyson Green,Nottingham,01151947228,Jenny_w976@acffvco.uk
977,Mr,Smith m977,Welford Rd,Hyson Green,Nottingham,01151194234,Smith_m977@eegdxco.uk
978,Ms,Ann w978,Wharf St,Beeston,Nottingham,01151066319,Ann_w978@mtictco.uk
979,Mr,Yang m979,Hotel St,Beeston,Nottingham,01151640944,Yang_m979@cndao.gov.uk
980,Ms,Diana w980,Queens Rd,Radford,Nottingham,01151169303,Diana_w980@srpfsac.uk
981,Mr,Ben m981,King St,Lenton Abbey,Nottingham,01151183464,Ben_m981@ogmhtac.uk
982,Ms,Lora w982,Ring Rd,Clifton,Nottingham,01151480138,Lora_w982@rdroqac.uk
983,Mr,Clinton m983,Gateway St,Clifton,Nottingham,01151402639,Clinton_m983@kvzlico.uk
984,Ms,Diana w984,Welford Rd,Radford,Nottingham,01151210922,Diana_w984@ulyiv.org
985,Mr,Watson m985,Gateway St,Radford,Nottingham,01151601576,Watson_m985@hhclv.net
986,Ms,Sally w986,Ring Rd,Clifton,Nottingham,01151028031,Sally_w986@sjvts.net
987,Mr,William m987,Granby St,West Bridgford,Nottingham,01151630542,William_m987@nwfhc.org
988,Ms,Mina w988,Kent St,West Bridgford,Nottingham,01151611203,Mina_w988@cxdzp.org
989,Mr,Mohammad m989,Burton St,Beeston,Nottingham,01151004346,Mohammad_m989@xvama.net
990,Ms,Mina w990,Oxford St,Lenton Abbey,Nottingham,01151153876,Mina_w990@edxrc.sch.uk
991,Mr,Wood m991,Welford Rd,Hyson Green,Nottingham,01151855012,Wood_m991@luoyq.gov.uk
992,Ms,Jenny w992,Victory St,Hyson Green,Nottingham,01151423182,Jenny_w992@tmgvpac.uk
993,Mr,Scott m993,Gateway St,Beeston,Nottingham,01151949673,Scott_m993@ybctq.gov.uk
994,Ms,Anna w994,Bond St,Beeston,Nottingham,01151770305,Anna_w994@horarco.uk
995,Mr,Alex m995,Oxford St,Radford,Nottingham,01151502753,Alex_m995@mmmda.org
996,Ms,Anna w996,King St,West Bridgford,Nottingham,01151183630,Anna_w996@lpalp.sch.uk
997,Mr,Matthew m997,Hotel St,Lenton Abbey,Nottingham,01151874031,Matthew_m997@gqkpz.net
998,Ms,Mina w998,Queens Rd,Beeston,Nottingham,01151133650,Mina_w998@jqrtqco.uk
999,Mr,Liu m999,Wharf St,West Bridgford,Nottingham,01151212274,Liu_m999@vwapn.org
1000,Ms,Pam w1000,Oxford St,West Bridgford,Nottingham,01151658961,Pam_w1000@pwbhr.sch.uk
1001,Mr,Dean m1001,Welford Rd,Lenton Abbey,Nottingham,01151246074,Dean_m1001@aezdw.sch.uk
1002,Ms,Mina w1002,Burton St,Beeston,Nottingham,01151501020,Mina_w1002@fybtn.net
1003,Mr,Mohammad m1003,Queens Rd,Lenton Abbey,Nottingham,01151568409,Mohammad_m1003@vlste.com
1004,Ms,Helen w1004,Bond St,West Bridgford,Nottingham,01151339282,Helen_w1004@wuncv.sch.uk
1005,Mr,Lee m1005,Oxford St,Radford,Nottingham,01151987757,Lee_m1005@yiycc.sch.uk
1006,Ms,Diana w1006,Burton St,Radford,Nottingham,01151676099,Diana_w1006@xbunyco.uk
1007,Mr,Eric m1007,Granby St,Lenton Abbey,Nottingham,01151229659,Eric_m1007@rlzxuac.uk
1008,Ms,Lily w1008,Granby St,Beeston,Nottingham,01151958471,Lily_w1008@fhdbb.org
1009,Mr,Yang m1009,Hotel St,Hyson Green,Nottingham,01151335239,Yang_m1009@cfuwm.sch.uk
1010,Ms,Hana w1010,Oxford St,Beeston,Nottingham,01151182238,Hana_w1010@ywyqdco.uk
1011,Mr,Chris m1011,Oxford St,Radford,Nottingham,01151549512,Chris_m1011@eqcut.org
1012,Ms,Luise w1012,London Rd,Hyson Green,Nottingham,01151608282,Luise_w1012@jmynq.org
1013,Mr,William m1013,Oxford St,Beeston,Nottingham,01151598549,William_m1013@vesprco.uk
1014,Ms,Helen w1014,Hotel St,West Bridgford,Nottingham,01151254262,Helen_w1014@fdbwz.net
1015,Mr,Wilson m1015,Bond St,Clifton,Nottingham,01151284637,Wilson_m1015@upydj.sch.uk
1016,Ms,Hana w1016,Victory St,Beeston,Nottingham,01151892565,Hana_w1016@ubrwg.sch.uk
1017,Mr,David m1017,Hill St,West Bridgford,Nottingham,01151162162,David_m1017@wqjmd.sch.uk
1018,Ms,Mina w1018,Burton St,Lenton Abbey,Nottingham,01151048818,Mina_w1018@pugew.net
1019,Mr,Wilson m1019,Oxford St,Radford,Nottingham,01151404641,Wilson_m1019@nvhff.sch.uk
1020,Ms,Lora w1020,King St,Lenton Abbey,Nottingham,01151070298,Lora_w1020@xxaynco.uk
1021,Mr,Zhou m1021,London Rd,Lenton Abbey,Nottingham,01151874107,Zhou_m1021@wxuzvac.uk
1022,Ms,Anna w1022,Newton St,Clifton,Nottingham,01151754307,Anna_w1022@pdwtv.net
1023,Mr,Yang m1023,Gateway St,Lenton Abbey,Nottingham,01151612583,Yang_m1023@yawtcac.uk
1024,Ms,Anna w1024,Oxford St,West Bridgford,Nottingham,01151905235,Anna_w1024@erglk.org
1025,Mr,Peter m1025,Hill St,Lenton Abbey,Nottingham,01151120597,Peter_m1025@upjggac.uk
1026,Ms,Sally w1026,Kent St,West Bridgford,Nottingham,01151795572,Sally_w1026@cucxhco.uk
1027,Mr,Paco m1027,Queens Rd,Hyson Green,Nottingham,01151207186,Paco_m1027@mdkyl.org
1028,Ms,Anna w1028,Queens Rd,Radford,Nottingham,01151333702,Anna_w1028@bmxwl.net
1029,Mr,Liu m1029,King St,Clifton,Nottingham,01151250337,Liu_m1029@yobglco.uk
1030,Ms,Anna w1030,King St,West Bridgford,Nottingham,01151557482,Anna_w1030@mwdxt.net
1031,Mr,Peter m1031,Granby St,Radford,Nottingham,01151480552,Peter_m1031@xsiyg.com
1032,Ms,Anna w1032,King St,Hyson Green,Nottingham,01151450127,Anna_w1032@hahsfco.uk
1033,Mr,Brown m1033,Ring Rd,Hyson Green,Nottingham,01151131917,Brown_m1033@gakdm.org
1034,Ms,Chris w1034,Queens Rd,Radford,Nottingham,01151852833,Chris_w1034@xreni.net
1035,Mr,Dean m1035,Welford Rd,Clifton,Nottingham,01151223098,Dean_m1035@lrlmr.net
1036,Ms,Anna w1036,Hotel St,West Bridgford,Nottingham,01151046194,Anna_w1036@yfyqf.com
1037,Mr,Yang m1037,Victory St,Radford,Nottingham,01151012359,Yang_m1037@nbjjb.org
1038,Ms,Pam w1038,Hotel St,Beeston,Nottingham,01151780829,Pam_w1038@hrbemac.uk
1039,Mr,Zhou m1039,Gateway St,Lenton Abbey,Nottingham,01151277890,Zhou_m1039@ckhgxco.uk
1040,Ms,Lora w1040,Hill St,Radford,Nottingham,01151542522,Lora_w1040@gowpd.org
1041,Mr,Clinton m1041,Wharf St,Radford,Nottingham,01151513892,Clinton_m1041@ernoa.com
1042,Ms,Hana w1042,Bond St,Hyson Green,Nottingham,01151060837,Hana_w1042@sstul.gov.uk
1043,Mr,Liu m1043,Burton St,Hyson Green,Nottingham,01151353825,Liu_m1043@fjvpa.sch.uk
1044,Ms,Anna w1044,Queens Rd,West Bridgford,Nottingham,01151390331,Anna_w1044@xebqr.gov.uk
1045,Mr,Brown m1045,Ring Rd,West Bridgford,Nottingham,01151065894,Brown_m1045@kviscco.uk
1046,Ms,Anna w1046,Burton St,Lenton Abbey,Nottingham,01151839195,Anna_w1046@ixxcyac.uk
1047,Mr,Scott m1047,Granby St,Radford,Nottingham,01151955380,Scott_m1047@fgpgh.sch.uk
1048,Ms,Chris w1048,King St,Clifton,Nottingham,01151989387,Chris_w1048@syebjco.uk
1049,Mr,Eric m1049,Oxford St,Beeston,Nottingham,01151900355,Eric_m1049@cxpfy.sch.uk
1050,Ms,Lora w1050,Victory St,Radford,Nottingham,01151455327,Lora_w1050@sdtqs.sch.uk
1051,Mr,Simon m1051,Queens Rd,Clifton,Nottingham,01151183612,Simon_m1051@xryxlco.uk
1052,Ms,Helen w1052,Burton St,Lenton Abbey,Nottingham,01151263287,Helen_w1052@qlkofac.uk
1053,Mr,Clinton m1053,Ring Rd,Radford,Nottingham,01151817757,Clinton_m1053@dlqotco.uk
1054,Ms,Chris w1054,Kent St,Hyson Green,Nottingham,01151880902,Chris_w1054@nryej.com
1055,Mr,Chris m1055,Hotel St,Clifton,Nottingham,01151088326,Chris_m1055@safep.org
1056,Ms,Diana w1056,Newton St,Beeston,Nottingham,01151402279,Diana_w1056@xkgpjac.uk
1057,Mr,Matthew m1057,Hotel St,Lenton Abbey,Nottingham,01151514734,Matthew_m1057@xgshs.sch.uk
1058,Ms,Ann w1058,London Rd,Radford,Nottingham,01151977748,Ann_w1058@clsiyco.uk
1059,Mr,Eric m1059,Hotel St,Radford,Nottingham,01151776665,Eric_m1059@qzfca.org
1060,Ms,Diana w1060,Welford Rd,Hyson Green,Nottingham,01151373607,Diana_w1060@qykomac.uk
1061,Mr,Matthew m1061,London Rd,Hyson Green,Nottingham,01151623899,Matthew_m1061@ziflo.org
1062,Ms,Pam w1062,Hill St,Beeston,Nottingham,01151549632,Pam_w1062@vbisd.org
1063,Mr,Eric m1063,Kent St,Lenton Abbey,Nottingham,01151956117,Eric_m1063@snbniac.uk
1064,Ms,Ann w1064,Wharf St,West Bridgford,Nottingham,01151725009,Ann_w1064@onfop.sch.uk
1065,Mr,Smith m1065,Bond St,Lenton Abbey,Nottingham,01151596301,Smith_m1065@bwikfac.uk
1066,Ms,Ann w1066,Hotel St,Clifton,Nottingham,01151783799,Ann_w1066@vxugb.net
1067,Mr,Peter m1067,Queens Rd,West Bridgford,Nottingham,01151339696,Peter_m1067@pxzteac.uk
1068,Ms,Anna w1068,Oxford St,West Bridgford,Nottingham,01151048980,Anna_w1068@yeoqg.gov.uk
1069,Mr,Scott m1069,Victory St,Radford,Nottingham,01151594820,Scott_m1069@rqobpac.uk
1070,Ms,Lily w1070,King St,Lenton Abbey,Nottingham,01151890586,Lily_w1070@gyagnco.uk
1071,Mr,Yang m1071,Hill St,Beeston,Nottingham,01151318427,Yang_m1071@rmatiac.uk
1072,Ms,Lora w1072,Queens Rd,Radford,Nottingham,01151198777,Lora_w1072@tzlsu.gov.uk
1073,Mr,Bush m1073,Burton St,Radford,Nottingham,01151875566,Bush_m1073@jfzht.com
1074,Ms,Hana w1074,Hill St,Beeston,Nottingham,01151590784,Hana_w1074@tzioj.org
1075,Mr,Watson m1075,Wharf St,Lenton Abbey,Nottingham,01151014925,Watson_m1075@kybsq.net
1076,Ms,Anna w1076,Kent St,Hyson Green,Nottingham,01151577728,Anna_w1076@agmohac.uk
418,Ms,Lora w418,Oxford St,West Bridgford,Nottingham,01151186701,Lora_w418@rhwrx.com
419,Mr,Brown m419,Gateway St,Beeston,Nottingham,01151255974,Brown_m419@rtqvz.org
420,Ms,Hana w420,King St,Beeston,Nottingham,01151881703,Hana_w420@zukit.net
421,Mr,Bush m421,Wharf St,Hyson Green,Nottingham,01151782683,Bush_m421@ysngd.sch.uk
422,Ms,Luise w422,Wharf St,Beeston,Nottingham,01151154018,Luise_w422@mlmpy.sch.uk
423,Mr,Brown m423,Hotel St,West Bridgford,Nottingham,01151110143,Brown_m423@pdgxtac.uk
424,Ms,Helen w424,Granby St,Lenton Abbey,Nottingham,01151357016,Helen_w424@ajtlw.net
425,Mr,Brown m425,King St,Hyson Green,Nottingham,01151916912,Brown_m425@hskfo.org
426,Ms,Diana w426,Victory St,Clifton,Nottingham,01151850977,Diana_w426@rvqxd.net
427,Mr,Eric m427,Ring Rd,Hyson Green,Nottingham,01151008528,Eric_m427@bbfyyco.uk
428,Ms,Luise w428,Hotel St,Beeston,Nottingham,01151040072,Luise_w428@srhpo.sch.uk
429,Mr,Eric m429,Oxford St,Hyson Green,Nottingham,01151545434,Eric_m429@xypts.org
430,Ms,Lora w430,Oxford St,Radford,Nottingham,01151725867,Lora_w430@fzuyr.net
431,Mr,Bush m431,Kent St,Beeston,Nottingham,01151067413,Bush_m431@zamjz.net
432,Ms,Luise w432,Oxford St,Hyson Green,Nottingham,01151936351,Luise_w432@tmhzt.net
433,Mr,Alex m433,London Rd,Lenton Abbey,Nottingham,01151245011,Alex_m433@tfozi.gov.uk
434,Ms,Lily w434,Bond St,Beeston,Nottingham,01151705224,Lily_w434@gfzmn.net
435,Mr,Brown m435,Bond St,West Bridgford,Nottingham,01151403541,Brown_m435@detubac.uk
436,Ms,Helen w436,Gateway St,Radford,Nottingham,01151320248,Helen_w436@jpmbaac.uk
437,Mr,David m437,Kent St,West Bridgford,Nottingham,01151947418,David_m437@xkbgzco.uk
438,Ms,Hana w438,Kent St,Lenton Abbey,Nottingham,01151433161,Hana_w438@qnaav.org
439,Mr,Zhou m439,Queens Rd,Beeston,Nottingham,01151821525,Zhou_m439@shqpn.net
440,Ms,Hana w440,Hotel St,Radford,Nottingham,01151347860,Hana_w440@ortwc.org
441,Mr,Liu m441,Victory St,West Bridgford,Nottingham,01151661154,Liu_m441@tmgbu.net
442,Ms,Jane w442,Victory St,West Bridgford,Nottingham,01151085236,Jane_w442@wplvzco.uk
443,Mr,Ben m443,Burton St,Clifton,Nottingham,01151242784,Ben_m443@vbqll.net
444,Ms,Jenny w444,Hill St,West Bridgford,Nottingham,01151450370,Jenny_w444@pizzkac.uk
445,Mr,Ben m445,Oxford St,Lenton Abbey,Nottingham,01151959407,Ben_m445@dshbi.sch.uk
446,Ms,Jane w446,Granby St,Lenton Abbey,Nottingham,01151173171,Jane_w446@btojp.org
447,Mr,Zhou m447,London Rd,Lenton Abbey,Nottingham,01151106982,Zhou_m447@eqqqzac.uk
448,Ms,Jane w448,Gateway St,West Bridgford,Nottingham,01151055746,Jane_w448@wirhl.net
449,Mr,Simon m449,King St,Radford,Nottingham,01151593788,Simon_m449@ukrtp.com
450,Ms,Hana w450,Ring Rd,Hyson Green,Nottingham,01151674934,Hana_w450@yngzz.com
451,Mr,Eric m451,Victory St,Clifton,Nottingham,01151700113,Eric_m451@mipxbac.uk
452,Ms,Mina w452,Victory St,West Bridgford,Nottingham,01151004698,Mina_w452@wnodlco.uk
453,Mr,Bush m453,Queens Rd,West Bridgford,Nottingham,01151043841,Bush_m453@zpwogco.uk
454,Ms,Lily w454,Wharf St,Beeston,Nottingham,01151300140,Lily_w454@ggwkc.net
455,Mr,Matthew m455,Granby St,Lenton Abbey,Nottingham,01151741714,Matthew_m455@palth.net
456,Ms,Ann w456,Hotel St,Radford,Nottingham,01151168807,Ann_w456@btzdaac.uk
457,Mr,Matthew m457,Wharf St,Hyson Green,Nottingham,01151519524,Matthew_m457@hcaobac.uk
458,Ms,Victory w458,Ring Rd,Hyson Green,Nottingham,01151912527,Victory_w458@wgpph.com
459,Mr,Dean m459,Hotel St,Clifton,Nottingham,01151706525,Dean_m459@hkpurac.uk
460,Ms,Anna w460,Kent St,Clifton,Nottingham,01151696389,Anna_w460@uusrt.net
461,Mr,Yang m461,King St,Beeston,Nottingham,01151304756,Yang_m461@hqrxaco.uk
462,Ms,Ann w462,London Rd,West Bridgford,Nottingham,01151038238,Ann_w462@plfsj.net
463,Mr,Scott m463,Gateway St,West Bridgford,Nottingham,01151709935,Scott_m463@ihrvu.net
464,Ms,Mina w464,Oxford St,Beeston,Nottingham,01151040717,Mina_w464@wtoff.net
465,Mr,Bush m465,Wharf St,Clifton,Nottingham,01151401707,Bush_m465@iikfd.sch.uk
466,Ms,Ann w466,Oxford St,West Bridgford,Nottingham,01151252882,Ann_w466@nnwhrco.uk
467,Mr,Dean m467,Oxford St,Lenton Abbey,Nottingham,01151111928,Dean_m467@jabxb.net
468,Ms,Ann w468,Newton St,Beeston,Nottingham,01151351977,Ann_w468@wusrtco.uk
469,Mr,Ben m469,Hill St,West Bridgford,Nottingham,01151068774,Ben_m469@hfkog.org
470,Ms,Pam w470,Bond St,Hyson Green,Nottingham,01151343800,Pam_w470@llokb.com
471,Mr,Chris m471,Queens Rd,Beeston,Nottingham,01151842481,Chris_m471@oolah.sch.uk
472,Ms,Chris w472,Burton St,Lenton Abbey,Nottingham,01151135633,Chris_w472@sjkce.org
473,Mr,Matthew m473,Ring Rd,Hyson Green,Nottingham,01151929659,Matthew_m473@xnlsq.org
474,Ms,Hana w474,Welford Rd,Lenton Abbey,Nottingham,01151900044,Hana_w474@vpeax.sch.uk
475,Mr,Dean m475,Hill St,Lenton Abbey,Nottingham,01151218669,Dean_m475@rilzaco.uk
476,Ms,Sally w476,Oxford St,Lenton Abbey,Nottingham,01151933855,Sally_w476@fkyhr.sch.uk
477,Mr,Wood m477,Oxford St,Hyson Green,Nottingham,01151593342,Wood_m477@gyvqx.gov.uk
478,Ms,Helen w478,Welford Rd,Hyson Green,Nottingham,01151372210,Helen_w478@aryhj.net
479,Mr,Bush m479,Burton St,Hyson Green,Nottingham,01151421922,Bush_m479@xiviu.org
480,Ms,Lily w480,London Rd,Beeston,Nottingham,01151180326,Lily_w480@pgstp.net
481,Mr,Zhou m481,Granby St,Radford,Nottingham,01151687709,Zhou_m481@rmiltco.uk
482,Ms,Jenny w482,Welford Rd,Clifton,Nottingham,01151520766,Jenny_w482@lqaaf.org
483,Mr,Watson m483,London Rd,Radford,Nottingham,01151915990,Watson_m483@qzbabco.uk
484,Ms,Anna w484,Granby St,Radford,Nottingham,01151880951,Anna_w484@qvxjq.com
485,Mr,Peter m485,Granby St,Lenton Abbey,Nottingham,01151437014,Peter_m485@nvmrx.sch.uk
486,Ms,Victory w486,Welford Rd,Lenton Abbey,Nottingham,01151178880,Victory_w486@bzmyq.sch.uk
487,Mr,Mohammad m487,Granby St,West Bridgford,Nottingham,01151536166,Mohammad_m487@snhtlac.uk
488,Ms,Victory w488,Granby St,Hyson Green,Nottingham,01151174976,Victory_w488@uwzim.sch.uk
489,Mr,Brown m489,Granby St,Clifton,Nottingham,01151804902,Brown_m489@svvkdac.uk
490,Ms,Jenny w490,Burton St,Hyson Green,Nottingham,01151073458,Jenny_w490@potnqco.uk
491,Mr,Wilson m491,Wharf St,West Bridgford,Nottingham,01151655155,Wilson_m491@zjeafco.uk
492,Ms,Tania w492,Ring Rd,Radford,Nottingham,01151777995,Tania_w492@uuboy.gov.uk
493,Mr,Smith m493,Hill St,West Bridgford,Nottingham,01151026177,Smith_m493@lhqtf.sch.uk
494,Ms,Mina w494,King St,Lenton Abbey,Nottingham,01151054764,Mina_w494@yfkad.sch.uk
495,Mr,Eric m495,Granby St,Hyson Green,Nottingham,01151686111,Eric_m495@cpozp.org
496,Ms,Helen w496,Hill St,Lenton Abbey,Nottingham,01151716762,Helen_w496@htrfo.org
497,Mr,Dean m497,Newton St,Beeston,Nottingham,01151377413,Dean_m497@rbyur.com
498,Ms,Mina w498,Queens Rd,Lenton Abbey,Nottingham,01151710126,Mina_w498@xjiav.gov.uk
499,Mr,Peter m499,Newton St,West Bridgford,Nottingham,01151551475,Peter_m499@usblh.org
500,Ms,Jenny w500,Queens Rd,Lenton Abbey,Nottingham,01151308812,Jenny_w500@ebjqcco.uk
501,Mr,Mohammad m501,Kent St,Lenton Abbey,Nottingham,01151722311,Mohammad_m501@laiqh.sch.uk
502,Ms,Pam w502,Hill St,Radford,Nottingham,01151586720,Pam_w502@juaem.net
503,Mr,Peter m503,Hill St,Hyson Green,Nottingham,01151565296,Peter_m503@imvinco.uk
504,Ms,Victory w504,Ring Rd,Clifton,Nottingham,01151812665,Victory_w504@yocdq.org
505,Mr,Yang m505,Hotel St,Beeston,Nottingham,01151503695,Yang_m505@bkshaac.uk
506,Ms,Anna w506,King St,West Bridgford,Nottingham,01151830281,Anna_w506@xmyaeco.uk
507,Mr,Dean m507,Newton St,Beeston,Nottingham,01151156395,Dean_m507@flgpp.net
508,Ms,Mina w508,Granby St,Lenton Abbey,Nottingham,01151083660,Mina_w508@blibs.net
509,Mr,Simon m509,Hotel St,West Bridgford,Nottingham,01151444804,Simon_m509@hjmcn.org
510,Ms,Mina w510,Victory St,Lenton Abbey,Nottingham,01151050158,Mina_w510@ubnop.net
511,Mr,Smith m511,Welford Rd,Beeston,Nottingham,01151029007,Smith_m511@lcdycac.uk
512,Ms,Ann w512,King St,Beeston,Nottingham,01151841030,Ann_w512@otfpmco.uk
513,Mr,Smith m513,Granby St,Radford,Nottingham,01151851046,Smith_m513@extdhac.uk
514,Ms,Pam w514,Gateway St,Beeston,Nottingham,01151945015,Pam_w514@eothe.org
515,Mr,Clinton m515,Burton St,Beeston,Nottingham,01151516613,Clinton_m515@twrbaac.uk
516,Ms,Chris w516,Kent St,Clifton,Nottingham,01151933249,Chris_w516@cbcjbac.uk
517,Mr,Watson m517,Granby St,Radford,Nottingham,01151004332,Watson_m517@unfos.org
518,Ms,Jenny w518,Granby St,Radford,Nottingham,01151607987,Jenny_w518@ingxhac.uk
519,Mr,Scott m519,Welford Rd,Radford,Nottingham,01151562241,Scott_m519@lmruo.sch.uk
520,Ms,Victory w520,Wharf St,Beeston,Nottingham,01151008318,Victory_w520@gikkqac.uk
521,Mr,Ben m521,Ring Rd,Lenton Abbey,Nottingham,01151662092,Ben_m521@cbcct.org
522,Ms,Tania w522,Welford Rd,Lenton Abbey,Nottingham,01151964738,Tania_w522@vjmutco.uk
523,Mr,Bush m523,Queens Rd,Lenton Abbey,Nottingham,01151484206,Bush_m523@bjjbqac.uk
524,Ms,Chris w524,Hotel St,Beeston,Nottingham,01151301850,Chris_w524@dgjkg.net
525,Mr,David m525,Hotel St,Radford,Nottingham,01151409191,David_m525@ilwzv.com
526,Ms,Anna w526,Burton St,Beeston,Nottingham,01151621329,Anna_w526@xhltl.net
527,Mr,Scott m527,King St,Lenton Abbey,Nottingham,01151396166,Scott_m527@tmdbj.org
528,Ms,Lora w528,Hill St,Radford,Nottingham,01151821143,Lora_w528@tbdsw.gov.uk
529,Mr,David m529,Welford Rd,Radford,Nottingham,01151669953,David_m529@cvzri.net
530,Ms,Hana w530,Victory St,Beeston,Nottingham,01151885173,Hana_w530@pcjmpco.uk
531,Mr,Simon m531,Queens Rd,Lenton Abbey,Nottingham,01151847734,Simon_m531@rxkkw.org
532,Ms,Hana w532,Welford Rd,West Bridgford,Nottingham,01151372740,Hana_w532@oaasgac.uk
533,Mr,Alex m533,Gateway St,Radford,Nottingham,01151801433,Alex_m533@uozytco.uk
534,Ms,Diana w534,Wharf St,Radford,Nottingham,01151648228,Diana_w534@whrvu.gov.uk
535,Mr,Matthew m535,Gateway St,Hyson Green,Nottingham,01151642360,Matthew_m535@ygmue.org
536,Ms,Helen w536,Oxford St,West Bridgford,Nottingham,01151123443,Helen_w536@thdbq.gov.uk
537,Mr,Chris m537,Victory St,Hyson Green,Nottingham,01151812373,Chris_m537@xlrla.com
538,Ms,Luise w538,Queens Rd,Beeston,Nottingham,01151600232,Luise_w538@kjwamac.uk
539,Mr,Chris m539,Ring Rd,Radford,Nottingham,01151503009,Chris_m539@opfim.net
540,Ms,Pam w540,Hotel St,Clifton,Nottingham,01151355315,Pam_w540@gbgyt.org
541,Mr,Watson m541,Burton St,Clifton,Nottingham,01151258611,Watson_m541@fnswt.org
542,Ms,Pam w542,Victory St,West Bridgford,Nottingham,01151253540,Pam_w542@hlbysco.uk
543,Mr,Ben m543,Welford Rd,Lenton Abbey,Nottingham,01151995982,Ben_m543@xncuqac.uk
544,Ms,Luise w544,Oxford St,Beeston,Nottingham,01151934464,Luise_w544@edkry.net
545,Mr,William m545,Hotel St,West Bridgford,Nottingham,01151983871,William_m545@thcbkco.uk
546,Ms,Helen w546,Bond St,Beeston,Nottingham,01151481213,Helen_w546@sehmm.org
547,Mr,Zhou m547,Hill St,Hyson Green,Nottingham,01151314931,Zhou_m547@fugod.sch.uk
548,Ms,Hana w548,Ring Rd,Clifton,Nottingham,01151504072,Hana_w548@birncco.uk
549,Mr,Yang m549,Kent St,Radford,Nottingham,01151594867,Yang_m549@hchhn.org
550,Ms,Pam w550,Granby St,Lenton Abbey,Nottingham,01151947522,Pam_w550@bmhnj.gov.uk
551,Mr,Clinton m551,Granby St,Beeston,Nottingham,01151024946,Clinton_m551@pljvvac.uk
552,Ms,Hana w552,Burton St,Radford,Nottingham,01151542104,Hana_w552@hvaqx.gov.uk
553,Mr,Scott m553,Queens Rd,Lenton Abbey,Nottingham,01151592067,Scott_m553@kixhf.net
554,Ms,Diana w554,Gateway St,Radford,Nottingham,01151608803,Diana_w554@xmjsc.sch.uk
555,Mr,Eric m555,London Rd,Beeston,Nottingham,01151109956,Eric_m555@wwpbgco.uk
556,Ms,Chris w556,Ring Rd,Hyson Green,Nottingham,01151333510,Chris_w556@kjatpac.uk
557,Mr,Bush m557,Granby St,Hyson Green,Nottingham,01151000265,Bush_m557@mbztqco.uk
558,Ms,Anna w558,Hotel St,Lenton Abbey,Nottingham,01151187360,Anna_w558@fttiv.com
559,Mr,Brown m559,Welford Rd,Radford,Nottingham,01151751751,Brown_m559@khdzy.gov.uk
560,Ms,Lily w560,King St,Hyson Green,Nottingham,01151908744,Lily_w560@grbgdco.uk
561,Mr,Peter m561,King St,Hyson Green,Nottingham,01151959502,Peter_m561@mdfrz.org
562,Ms,Jenny w562,Welford Rd,Lenton Abbey,Nottingham,01151840419,Jenny_w562@gczkw.sch.uk
563,Mr,Alex m563,Bond St,Radford,Nottingham,01151989065,Alex_m563@biyrm.org
564,Ms,Diana w564,Oxford St,Beeston,Nottingham,01151657049,Diana_w564@bjefl.net
565,Mr,Bush m565,Queens Rd,Beeston,Nottingham,01151065979,Bush_m565@elxpjac.uk
566,Ms,Hana w566,King St,Hyson Green,Nottingham,01151292355,Hana_w566@pudqjco.uk
567,Mr,Smith m567,Granby St,Radford,Nottingham,01151326024,Smith_m567@cqrtfco.uk
568,Ms,Mina w568,Oxford St,Clifton,Nottingham,01151230367,Mina_w568@sbtdo.sch.uk
569,Mr,Zhou m569,Oxford St,Lenton Abbey,Nottingham,01151031883,Zhou_m569@yxiaa.net
570,Ms,Victory w570,Ring Rd,Radford,Nottingham,01151224384,Victory_w570@cceuico.uk
571,Mr,Bush m571,Gateway St,Beeston,Nottingham,01151279770,Bush_m571@dwscd.org
572,Ms,Mina w572,Bond St,Clifton,Nottingham,01151966757,Mina_w572@vzxxd.net
573,Mr,Eric m573,Queens Rd,Lenton Abbey,Nottingham,01151154538,Eric_m573@cvffp.net
574,Ms,Victory w574,Burton St,Lenton Abbey,Nottingham,01151307507,Victory_w574@evjzrac.uk
575,Mr,Mohammad m575,Ring Rd,Radford,Nottingham,01151352705,Mohammad_m575@uxapl.sch.uk
576,Ms,Mina w576,Hotel St,Clifton,Nottingham,01151850660,Mina_w576@gasgr.org
577,Mr,Watson m577,Queens Rd,Radford,Nottingham,01151710079,Watson_m577@fiugo.net
578,Ms,Diana w578,Bond St,West Bridgford,Nottingham,01151156454,Diana_w578@rhnyp.com
579,Mr,David m579,Kent St,Clifton,Nottingham,01151710886,David_m579@eqnpl.org
580,Ms,Mina w580,Queens Rd,Beeston,Nottingham,01151251942,Mina_w580@apltm.net
581,Mr,Mohammad m581,London Rd,Beeston,Nottingham,01151573988,Mohammad_m581@unhtk.org
582,Ms,Pam w582,Newton St,Hyson Green,Nottingham,01151110175,Pam_w582@gcgkbac.uk
583,Mr,Wood m583,Victory St,Radford,Nottingham,01151287503,Wood_m583@uytzd.org
584,Ms,Sally w584,Bond St,Hyson Green,Nottingham,01151931686,Sally_w584@gvbvw.com
585,Mr,Wood m585,King St,Clifton,Nottingham,01151166277,Wood_m585@bdgfj.net
586,Ms,Anna w586,Bond St,West Bridgford,Nottingham,01151279994,Anna_w586@ejjbdco.uk
587,Mr,Zhou m587,Queens Rd,Lenton Abbey,Nottingham,01151508468,Zhou_m587@bhmfj.sch.uk
588,Ms,Lora w588,Wharf St,Radford,Nottingham,01151284997,Lora_w588@yrsceco.uk
589,Mr,Chris m589,Gateway St,Radford,Nottingham,01151789927,Chris_m589@oqktr.sch.uk
590,Ms,Pam w590,Wharf St,Lenton Abbey,Nottingham,01151028208,Pam_w590@nnyti.net
591,Mr,Alex m591,Ring Rd,Beeston,Nottingham,01151053936,Alex_m591@xmsjsac.uk
592,Ms,Luise w592,Gateway St,Lenton Abbey,Nottingham,01151900388,Luise_w592@yddmv.net
593,Mr,Zhou m593,Gateway St,Lenton Abbey,Nottingham,01151661889,Zhou_m593@njxfl.net
594,Ms,Luise w594,Gateway St,Beeston,Nottingham,01151997054,Luise_w594@ntynq.com
595,Mr,David m595,Queens Rd,Lenton Abbey,Nottingham,01151358907,David_m595@gneotco.uk
596,Ms,Hana w596,Burton St,Radford,Nottingham,01151246028,Hana_w596@atpgs.sch.uk
597,Mr,Watson m597,Oxford St,Lenton Abbey,Nottingham,01151002652,Watson_m597@nfbmgco.uk
598,Ms,Sally w598,Oxford St,Clifton,Nottingham,01151262974,Sally_w598@wgthhac.uk
599,Mr,Mohammad m599,Hotel St,Clifton,Nottingham,01151400414,Mohammad_m599@mnnau.sch.uk
600,Ms,Hana w600,Oxford St,Beeston,Nottingham,01151339041,Hana_w600@xvczoac.uk
601,Mr,Paco m601,Kent St,West Bridgford,Nottingham,01151500053,Paco_m601@tvwbwco.uk
602,Ms,Jenny w602,Hill St,Lenton Abbey,Nottingham,01151709336,Jenny_w602@hqwnp.com
603,Mr,Brown m603,London Rd,West Bridgford,Nottingham,01151717277,Brown_m603@eeyrbco.uk
604,Ms,Chris w604,Wharf St,Lenton Abbey,Nottingham,01151977407,Chris_w604@tvlqr.net
605,Mr,Scott m605,Hotel St,Beeston,Nottingham,01151002141,Scott_m605@wyysy.org
606,Ms,Jenny w606,Granby St,Hyson Green,Nottingham,01151875884,Jenny_w606@pmdux.org
607,Mr,Wood m607,Queens Rd,Beeston,Nottingham,01151741959,Wood_m607@yrmud.net
608,Ms,Jenny w608,Bond St,Radford,Nottingham,01151879506,Jenny_w608@ocbrqac.uk
609,Mr,Peter m609,Gateway St,West Bridgford,Nottingham,01151584726,Peter_m609@ngjqx.org
610,Ms,Chris w610,Queens Rd,Hyson Green,Nottingham,01151776096,Chris_w610@eizjk.net
611,Mr,Lee m611,Bond St,Lenton Abbey,Nottingham,01151370338,Lee_m611@drezx.gov.uk
612,Ms,Tania w612,Ring Rd,Hyson Green,Nottingham,01151881431,Tania_w612@tjslsac.uk
613,Mr,Bush m613,Kent St,Beeston,Nottingham,01151308477,Bush_m613@lxegw.net
614,Ms,Luise w614,Gateway St,West Bridgford,Nottingham,01151806246,Luise_w614@bfsipac.uk
615,Mr,Yang m615,Newton St,Beeston,Nottingham,01151926253,Yang_m615@uoafc.gov.uk
616,Ms,Mina w616,Queens Rd,West Bridgford,Nottingham,01151181284,Mina_w616@aqgjh.net
617,Mr,Eric m617,Welford Rd,Hyson Green,Nottingham,01151145932,Eric_m617@jkhhy.org
618,Ms,Diana w618,Burton St,Beeston,Nottingham,01151516880,Diana_w618@ityaa.org
619,Mr,Mohammad m619,Oxford St,Lenton Abbey,Nottingham,01151794841,Mohammad_m619@oahph.org
620,Ms,Lily w620,Ring Rd,Clifton,Nottingham,01151731937,Lily_w620@cqzlh.net
621,Mr,Lee m621,Victory St,West Bridgford,Nottingham,01151051276,Lee_m621@oeybz.org
622,Ms,Tania w622,Kent St,Hyson Green,Nottingham,01151505665,Tania_w622@kokysco.uk
623,Mr,Alex m623,Ring Rd,Beeston,Nottingham,01151158715,Alex_m623@xodpaco.uk
624,Ms,Luise w624,Queens Rd,Lenton Abbey,Nottingham,01151644661,Luise_w624@nwbuq.net
625,Mr,Zhou m625,Wharf St,Lenton Abbey,Nottingham,01151107313,Zhou_m625@cgaov.net
626,Ms,Ann w626,Burton St,Lenton Abbey,Nottingham,01151526796,Ann_w626@qrjklco.uk
627,Mr,David m627,Gateway St,Radford,Nottingham,01151854410,David_m627@xrcsv.net
628,Ms,Ann w628,Victory St,Hyson Green,Nottingham,01151319571,Ann_w628@lfqbe.org
629,Mr,Simon m629,Ring Rd,Beeston,Nottingham,01151714991,Simon_m629@ffjnk.gov.uk
630,Ms,Mina w630,Gateway St,West Bridgford,Nottingham,01151572806,Mina_w630@ihgkeac.uk
631,Mr,Dean m631,Granby St,Clifton,Nottingham,01151018453,Dean_m631@ndypgac.uk
632,Ms,Ann w632,Ring Rd,Radford,Nottingham,01151427528,Ann_w632@jndxl.org
633,Mr,Liu m633,Victory St,Lenton Abbey,Nottingham,01151725255,Liu_m633@siyoa.gov.uk
634,Ms,Victory w634,Victory St,Hyson Green,Nottingham,01151729559,Victory_w634@qwxlxac.uk
635,Mr,Scott m635,Welford Rd,Beeston,Nottingham,01151910877,Scott_m635@tvyouac.uk
636,Ms,Sally w636,Hotel St,Lenton Abbey,Nottingham,01151859890,Sally_w636@vugnbac.uk
637,Mr,Alex m637,Bond St,Lenton Abbey,Nottingham,01151295894,Alex_m637@ofere.sch.uk
638,Ms,Helen w638,King St,Hyson Green,Nottingham,01151619075,Helen_w638@sfpvnco.uk
639,Mr,Smith m639,Queens Rd,West Bridgford,Nottingham,01151462810,Smith_m639@bpnyoac.uk
640,Ms,Anna w640,King St,Hyson Green,Nottingham,01151182950,Anna_w640@ceudiac.uk
641,Mr,Mohammad m641,Gateway St,Lenton Abbey,Nottingham,01151453784,Mohammad_m641@frqur.gov.uk
642,Ms,Jane w642,Hotel St,Beeston,Nottingham,01151012747,Jane_w642@oemit.net
643,Mr,Alex m643,Ring Rd,Beeston,Nottingham,01151432953,Alex_m643@vawvc.com
644,Ms,Jenny w644,Victory St,Radford,Nottingham,01151938730,Jenny_w644@fbhkiac.uk
645,Mr,Matthew m645,Ring Rd,Radford,Nottingham,01151686177,Matthew_m645@anjgp.net
646,Ms,Tania w646,Hill St,Beeston,Nottingham,01151500517,Tania_w646@swdbbco.uk
647,Mr,Scott m647,Oxford St,Clifton,Nottingham,01151583584,Scott_m647@ltmrt.net
648,Ms,Jenny w648,Hotel St,Hyson Green,Nottingham,01151342301,Jenny_w648@rirjo.org
649,Mr,Wilson m649,Queens Rd,Beeston,Nottingham,01151115682,Wilson_m649@gsjqn.sch.uk
650,Ms,Helen w650,Hill St,West Bridgford,Nottingham,01151746286,Helen_w650@lqqmo.net
651,Mr,Bush m651,Welford Rd,Lenton Abbey,Nottingham,01151998756,Bush_m651@bdiww.org
652,Ms,Diana w652,Hill St,Hyson Green,Nottingham,01151711493,Diana_w652@atuhk.net
653,Mr,William m653,Oxford St,Radford,Nottingham,01151166807,William_m653@wbinn.org
654,Ms,Sally w654,Hill St,Beeston,Nottingham,01151321321,Sally_w654@wsgys.org
655,Mr,Scott m655,Bond St,Beeston,Nottingham,01151164415,Scott_m655@tbnhxac.uk
656,Ms,Jenny w656,Granby St,Radford,Nottingham,01151859412,Jenny_w656@fgmvu.sch.uk
657,Mr,Dean m657,Victory St,Radford,Nottingham,01151668870,Dean_m657@jjeqj.net
658,Ms,Tania w658,Gateway St,Lenton Abbey,Nottingham,01151203268,Tania_w658@lktog.net
659,Mr,Chris m659,Oxford St,Clifton,Nottingham,01151246542,Chris_m659@gpvqo.net
660,Ms,Victory w660,King St,Lenton Abbey,Nottingham,01151587954,Victory_w660@imxlz.com
661,Mr,Mohammad m661,Kent St,Radford,Nottingham,01151859924,Mohammad_m661@umbzp.com
662,Ms,Luise w662,Welford Rd,Lenton Abbey,Nottingham,01151806439,Luise_w662@rbyzsco.uk
663,Mr,David m663,Hill St,Beeston,Nottingham,01151848671,David_m663@bchct.org
664,Ms,Diana w664,Wharf St,Beeston,Nottingham,01151281771,Diana_w664@zndvkac.uk
665,Mr,Matthew m665,Wharf St,Radford,Nottingham,01151951351,Matthew_m665@xktvf.org
666,Ms,Helen w666,Queens Rd,Radford,Nottingham,01151464658,Helen_w666@husgf.net
667,Mr,Matthew m667,Ring Rd,Hyson Green,Nottingham,01151148500,Matthew_m667@rcuss.gov.uk
668,Ms,Anna w668,Kent St,Beeston,Nottingham,01151762132,Anna_w668@xyzlhac.uk
669,Mr,Wilson m669,Hotel St,Clifton,Nottingham,01151709488,Wilson_m669@poamb.com
670,Ms,Lily w670,Gateway St,Lenton Abbey,Nottingham,01151382350,Lily_w670@tfirwac.uk
671,Mr,Watson m671,King St,Radford,Nottingham,01151870094,Watson_m671@hljau.sch.uk
672,Ms,Sally w672,Victory St,Lenton Abbey,Nottingham,01151629848,Sally_w672@slzun.com
673,Mr,Yang m673,Granby St,Hyson Green,Nottingham,01151533780,Yang_m673@vrtzw.sch.uk
674,Ms,Pam w674,Welford Rd,Radford,Nottingham,01151576525,Pam_w674@kbztu.org
675,Mr,Ben m675,Newton St,Beeston,Nottingham,01151938325,Ben_m675@iusin.org
676,Ms,Hana w676,Victory St,Beeston,Nottingham,01151719011,Hana_w676@mmvfx.org
677,Mr,Smith m677,Kent St,Beeston,Nottingham,01151509070,Smith_m677@jnspd.sch.uk
678,Ms,Hana w678,Queens Rd,Lenton Abbey,Nottingham,01151218598,Hana_w678@wpupx.sch.uk
679,Mr,Chris m679,Wharf St,Clifton,Nottingham,01151157168,Chris_m679@gmcqg.sch.uk
680,Ms,Helen w680,Bond St,West Bridgford,Nottingham,01151397885,Helen_w680@fchrp.gov.uk
681,Mr,William m681,Gateway St,Lenton Abbey,Nottingham,01151270453,William_m681@srnwqac.uk
682,Ms,Lora w682,Newton St,Radford,Nottingham,01151487514,Lora_w682@blmokco.uk
683,Mr,Simon m683,Oxford St,Clifton,Nottingham,01151429599,Simon_m683@blcsl.org
684,Ms,Luise w684,Hill St,West Bridgford,Nottingham,01151362123,Luise_w684@lnscvco.uk
685,Mr,Clinton m685,Queens Rd,Hyson Green,Nottingham,01151323639,Clinton_m685@yguxd.sch.uk
686,Ms,Anna w686,Ring Rd,Lenton Abbey,Nottingham,01151063017,Anna_w686@lziut.sch.uk
687,Mr,Dean m687,King St,Radford,Nottingham,01151580850,Dean_m687@pzjqb.gov.uk
688,Ms,Anna w688,Bond St,Radford,Nottingham,01151752498,Anna_w688@zucfs.org
689,Mr,Mohammad m689,Welford Rd,Beeston,Nottingham,01151767976,Mohammad_m689@bwcawac.uk
690,Ms,Sally w690,King St,Beeston,Nottingham,01151700112,Sally_w690@zwqxe.net
691,Mr,Wood m691,Oxford St,Hyson Green,Nottingham,01151608420,Wood_m691@qvaqi.org
692,Ms,Diana w692,Queens Rd,Radford,Nottingham,01151470916,Diana_w692@zfdwwco.uk
693,Mr,Chris m693,Hill St,Beeston,Nottingham,01151875696,Chris_m693@opqes.sch.uk
694,Ms,Pam w694,Wharf St,Radford,Nottingham,01151557775,Pam_w694@tlaijco.uk
695,Mr,Scott m695,Oxford St,West Bridgford,Nottingham,01151431539,Scott_m695@bsdxp.net
696,Ms,Lily w696,Bond St,Clifton,Nottingham,01151389633,Lily_w696@iemeu.net
697,Mr,Wood m697,London Rd,Radford,Nottingham,01151225408,Wood_m697@hgrbgco.uk
698,Ms,Victory w698,Hill St,Lenton Abbey,Nottingham,01151902768,Victory_w698@ulhxrac.uk
699,Mr,Chris m699,Burton St,Radford,Nottingham,01151381797,Chris_m699@qhklvac.uk
700,Ms,Pam w700,Kent St,Hyson Green,Nottingham,01151246391,Pam_w700@cpkyeco.uk
701,Mr,Zhou m701,Gateway St,Radford,Nottingham,01151027476,Zhou_m701@esfgv.gov.uk
702,Ms,Lily w702,King St,Beeston,Nottingham,01151551840,Lily_w702@rpxgs.sch.uk
703,Mr,Zhou m703,Wharf St,Radford,Nottingham,01151319666,Zhou_m703@yjikr.gov.uk
704,Ms,Lora w704,Victory St,Lenton Abbey,Nottingham,01151332523,Lora_w704@ustyq.gov.uk
705,Mr,Bush m705,London Rd,Lenton Abbey,Nottingham,01151203314,Bush_m705@yvcgxac.uk
706,Ms,Ann w706,Hotel St,Radford,Nottingham,01151209244,Ann_w706@lpsyoac.uk
707,Mr,Bush m707,Kent St,Clifton,Nottingham,01151636512,Bush_m707@dcbpy.sch.uk
708,Ms,Sally w708,Wharf St,Beeston,Nottingham,01151271047,Sally_w708@dqibm.sch.uk
709,Mr,Zhou m709,Hill St,Lenton Abbey,Nottingham,01151529442,Zhou_m709@hhbnx.org
710,Ms,Pam w710,Bond St,Beeston,Nottingham,01151444168,Pam_w710@cgjlu.org
711,Mr,Scott m711,Kent St,Lenton Abbey,Nottingham,01151809193,Scott_m711@omrodco.uk
712,Ms,Victory w712,King St,Hyson Green,Nottingham,01151563414,Victory_w712@sfchkac.uk
713,Mr,Scott m713,Queens Rd,Clifton,Nottingham,01151151029,Scott_m713@ymrjvco.uk
714,Ms,Ann w714,Oxford St,Beeston,Nottingham,01151135503,Ann_w714@mbyai.org
715,Mr,Ben m715,Kent St,Lenton Abbey,Nottingham,01151746939,Ben_m715@babawco.uk
716,Ms,Chris w716,Gateway St,Hyson Green,Nottingham,01151303807,Chris_w716@nwhflac.uk
717,Mr,Brown m717,Bond St,Lenton Abbey,Nottingham,01151819397,Brown_m717@evnxm.sch.uk
718,Ms,Mina w718,Burton St,Clifton,Nottingham,01151840015,Mina_w718@zbudk.net
719,Mr,Zhou m719,Welford Rd,Radford,Nottingham,01151491814,Zhou_m719@dxkjlco.uk
720,Ms,Anna w720,Granby St,Lenton Abbey,Nottingham,01151458004,Anna_w720@tuqyn.com
721,Mr,Eric m721,Wharf St,West Bridgford,Nottingham,01151639812,Eric_m721@scintac.uk
722,Ms,Jenny w722,Granby St,Lenton Abbey,Nottingham,01151176755,Jenny_w722@plfvp.net
723,Mr,Wood m723,Hotel St,Hyson Green,Nottingham,01151674976,Wood_m723@okgof.org
724,Ms,Chris w724,Oxford St,Radford,Nottingham,01151842080,Chris_w724@uxxqj.gov.uk
725,Mr,David m725,King St,Radford,Nottingham,01151228410,David_m725@ozeqh.net
726,Ms,Mina w726,Ring Rd,Beeston,Nottingham,01151591896,Mina_w726@fflwkco.uk
727,Mr,Wood m727,Kent St,Hyson Green,Nottingham,01151984998,Wood_m727@vckexac.uk
728,Ms,Jenny w728,Hotel St,Clifton,Nottingham,01151100361,Jenny_w728@mckrjco.uk
729,Mr,Wilson m729,Newton St,Radford,Nottingham,01151490011,Wilson_m729@rpjcw.net
730,Ms,Pam w730,Burton St,Radford,Nottingham,01151493754,Pam_w730@asasr.org
731,Mr,Peter m731,Kent St,Beeston,Nottingham,01151060371,Peter_m731@rqpzjac.uk
732,Ms,Anna w732,Hill St,Clifton,Nottingham,01151799920,Anna_w732@wezwy.net
733,Mr,Mohammad m733,Gateway St,Radford,Nottingham,01151750072,Mohammad_m733@cjzcc.gov.uk
734,Ms,Diana w734,Queens Rd,Hyson Green,Nottingham,01151446101,Diana_w734@ijitk.gov.uk
735,Mr,David m735,Granby St,Hyson Green,Nottingham,01151577944,David_m735@esyheco.uk
736,Ms,Pam w736,King St,Clifton,Nottingham,01151306473,Pam_w736@qxmrb.sch.uk
737,Mr,Zhou m737,Burton St,Hyson Green,Nottingham,01151092980,Zhou_m737@dypnv.net
738,Ms,Pam w738,London Rd,Radford,Nottingham,01151446241,Pam_w738@reekvco.uk
739,Mr,Lee m739,King St,Radford,Nottingham,01151623372,Lee_m739@gbdsp.org
740,Ms,Victory w740,Hill St,Hyson Green,Nottingham,01151927501,Victory_w740@daihn.net
741,Mr,Brown m741,Kent St,Clifton,Nottingham,01151421373,Brown_m741@mjktg.net
742,Ms,Ann w742,Oxford St,West Bridgford,Nottingham,01151231648,Ann_w742@sviqs.sch.uk
743,Mr,Eric m743,Hill St,Beeston,Nottingham,01151887291,Eric_m743@hbxgbco.uk
744,Ms,Helen w744,Hill St,Lenton Abbey,Nottingham,01151422893,Helen_w744@mkbrl.sch.uk
745,Mr,Wilson m745,Bond St,Clifton,Nottingham,01151571452,Wilson_m745@hlzwx.org
746,Ms,Anna w746,Queens Rd,Hyson Green,Nottingham,01151440726,Anna_w746@ttpgp.org
747,Mr,Ben m747,Kent St,Lenton Abbey,Nottingham,01151691520,Ben_m747@wljhgco.uk
748,Ms,Mina w748,Queens Rd,Radford,Nottingham,01151608497,Mina_w748@csiov.sch.uk
749,Mr,Zhou m749,Queens Rd,Beeston,Nottingham,01151162464,Zhou_m749@xfbarco.uk
750,Ms,Sally w750,Kent St,Beeston,Nottingham,01151424702,Sally_w750@icljeco.uk
751,Mr,Wood m751,Kent St,Clifton,Nottingham,01151550746,Wood_m751@vqcjj.net
752,Ms,Helen w752,Ring Rd,Radford,Nottingham,01151020709,Helen_w752@vhyblco.uk
753,Mr,Dean m753,Oxford St,Hyson Green,Nottingham,01151703991,Dean_m753@bfsmw.gov.uk
754,Ms,Victory w754,Queens Rd,Hyson Green,Nottingham,01151309028,Victory_w754@qgslx.com
755,Mr,Chris m755,Wharf St,Lenton Abbey,Nottingham,01151054262,Chris_m755@fwhdxac.uk
756,Ms,Luise w756,Kent St,Hyson Green,Nottingham,01151667264,Luise_w756@slkjp.net
757,Mr,Wood m757,Bond St,Hyson Green,Nottingham,01151998025,Wood_m757@ejudb.net
758,Ms,Victory w758,Burton St,Hyson Green,Nottingham,01151576269,Victory_w758@bpxeh.sch.uk
759,Mr,Lee m759,Welford Rd,Hyson Green,Nottingham,01151016778,Lee_m759@alwmq.sch.uk
760,Ms,Lily w760,Hill St,Clifton,Nottingham,01151096048,Lily_w760@wfdre.sch.uk
761,Mr,Scott m761,Wharf St,West Bridgford,Nottingham,01151270401,Scott_m761@ahngpac.uk
762,Ms,Ann w762,Ring Rd,Hyson Green,Nottingham,01151289452,Ann_w762@xpdqv.net
763,Mr,Mohammad m763,Gateway St,Hyson Green,Nottingham,01151215905,Mohammad_m763@kbcvj.net
764,Ms,Helen w764,Oxford St,West Bridgford,Nottingham,01151667780,Helen_w764@wcmww.gov.uk
765,Mr,Watson m765,Hotel St,Beeston,Nottingham,01151213127,Watson_m765@jrtza.sch.uk
766,Ms,Luise w766,Victory St,Radford,Nottingham,01151198475,Luise_w766@jbrgnac.uk
767,Mr,Matthew m767,Bond St,Clifton,Nottingham,01151547027,Matthew_m767@irvdsco.uk
768,Ms,Jenny w768,King St,West Bridgford,Nottingham,01151848658,Jenny_w768@stpgico.uk
769,Mr,Brown m769,Victory St,Lenton Abbey,Nottingham,01151903733,Brown_m769@wcmtj.gov.uk
770,Ms,Helen w770,Queens Rd,Lenton Abbey,Nottingham,01151305337,Helen_w770@evkgtco.uk
771,Mr,Zhou m771,Kent St,Lenton Abbey,Nottingham,01151769372,Zhou_m771@ysldxco.uk
772,Ms,Tania w772,Welford Rd,Lenton Abbey,Nottingham,01151882845,Tania_w772@elplico.uk
773,Mr,Chris m773,Welford Rd,Hyson Green,Nottingham,01151678662,Chris_m773@aoisfco.uk
774,Ms,Pam w774,King St,Clifton,Nottingham,01151167083,Pam_w774@ykfxk.sch.uk
775,Mr,Dean m775,Granby St,Beeston,Nottingham,01151583418,Dean_m775@lnxqv.sch.uk
776,Ms,Victory w776,Ring Rd,Lenton Abbey,Nottingham,01151992465,Victory_w776@njaxoco.uk
777,Mr,Lee m777,Queens Rd,Hyson Green,Nottingham,01151850011,Lee_m777@rlpfz.sch.uk
778,Ms,Lily w778,Kent St,Beeston,Nottingham,01151715253,Lily_w778@zubis.net
779,Mr,Lee m779,Granby St,Lenton Abbey,Nottingham,01151358271,Lee_m779@lssjf.org
780,Ms,Victory w780,Hill St,Clifton,Nottingham,01151118744,Victory_w780@sofcl.sch.uk
781,Mr,Watson m781,King St,West Bridgford,Nottingham,01151457940,Watson_m781@ljiza.sch.uk
782,Ms,Diana w782,Queens Rd,Beeston,Nottingham,01151605730,Diana_w782@jsjbg.net
783,Mr,Ben m783,Victory St,Radford,Nottingham,01151282079,Ben_m783@murowco.uk
784,Ms,Chris w784,Bond St,Clifton,Nottingham,01151815644,Chris_w784@elxhu.net
785,Mr,Smith m785,Kent St,Lenton Abbey,Nottingham,01151456452,Smith_m785@jjyoc.sch.uk
786,Ms,Ann w786,King St,Radford,Nottingham,01151429334,Ann_w786@rrdbr.sch.uk
787,Mr,Wood m787,Victory St,Radford,Nottingham,01151148757,Wood_m787@ertnd.sch.uk
788,Ms,Jane w788,Gateway St,Hyson Green,Nottingham,01151514069,Jane_w788@lmjheco.uk
789,Mr,Wilson m789,Hotel St,Lenton Abbey,Nottingham,01151486092,Wilson_m789@cffvq.org
790,Ms,Lora w790,Gateway St,Radford,Nottingham,01151145931,Lora_w790@rruhwco.uk
791,Mr,Wood m791,Queens Rd,Lenton Abbey,Nottingham,01151624747,Wood_m791@sjgcl.gov.uk
792,Ms,Anna w792,Kent St,Radford,Nottingham,01151835906,Anna_w792@qxzmcac.uk
793,Mr,Watson m793,King St,Radford,Nottingham,01151175174,Watson_m793@nkuca.gov.uk
794,Ms,Jenny w794,Ring Rd,Radford,Nottingham,01151395638,Jenny_w794@vhstw.gov.uk
795,Mr,Paco m795,Hotel St,Lenton Abbey,Nottingham,01151247760,Paco_m795@gdtyrco.uk
796,Ms,Ann w796,Wharf St,Beeston,Nottingham,01151681373,Ann_w796@ktlcj.org
797,Mr,Brown m797,Gateway St,West Bridgford,Nottingham,01151883692,Brown_m797@osuzh.sch.uk
798,Ms,Hana w798,Granby St,Beeston,Nottingham,01151957799,Hana_w798@rkdyl.org
799,Mr,Alex m799,London Rd,Beeston,Nottingham,01151208925,Alex_m799@jpjbm.sch.uk
800,Ms,Ann w800,Queens Rd,Radford,Nottingham,01151350345,Ann_w800@rfwmb.sch.uk
801,Mr,Clinton m801,Burton St,Lenton Abbey,Nottingham,01151288108,Clinton_m801@ogtxx.org
802,Ms,Hana w802,Burton St,Lenton Abbey,Nottingham,01151702467,Hana_w802@snqym.sch.uk
803,Mr,Simon m803,Welford Rd,Radford,Nottingham,01151170500,Simon_m803@qhoda.org
804,Ms,Helen w804,Wharf St,Hyson Green,Nottingham,01151795867,Helen_w804@ybcbtac.uk
805,Mr,Chris m805,Hill St,Hyson Green,Nottingham,01151559496,Chris_m805@zavov.org
806,Ms,Luise w806,Gateway St,Radford,Nottingham,01151824128,Luise_w806@ajmaa.org
807,Mr,Watson m807,Welford Rd,West Bridgford,Nottingham,01151478178,Watson_m807@vemxp.sch.uk
808,Ms,Lora w808,Ring Rd,Beeston,Nottingham,01151461989,Lora_w808@kqblw.sch.uk
809,Mr,Matthew m809,Hotel St,Beeston,Nottingham,01151390789,Matthew_m809@aiyyj.net
810,Ms,Luise w810,Welford Rd,Lenton Abbey,Nottingham,01151091915,Luise_w810@temyv.gov.uk
811,Mr,Lee m811,Kent St,Hyson Green,Nottingham,01151201607,Lee_m811@umjaa.net
812,Ms,Pam w812,Hotel St,Beeston,Nottingham,01151951271,Pam_w812@zsnql.com
813,Mr,David m813,Hotel St,Lenton Abbey,Nottingham,01151620336,David_m813@pitfs.net
814,Ms,Hana w814,Hotel St,Hyson Green,Nottingham,01151422915,Hana_w814@rzutn.org
815,Mr,William m815,Queens Rd,Hyson Green,Nottingham,01151096928,William_m815@huflv.gov.uk
816,Ms,Lora w816,Hotel St,Hyson Green,Nottingham,01151327415,Lora_w816@elncw.org
817,Mr,Simon m817,Granby St,Lenton Abbey,Nottingham,01151741210,Simon_m817@fzcud.net
818,Ms,Tania w818,Hotel St,Beeston,Nottingham,01151731092,Tania_w818@notfz.gov.uk
819,Mr,Mohammad m819,Hotel St,Lenton Abbey,Nottingham,01151823856,Mohammad_m819@hyyofac.uk
820,Ms,Mina w820,Granby St,Hyson Green,Nottingham,01151680773,Mina_w820@pafqe.gov.uk
821,Mr,Clinton m821,King St,Beeston,Nottingham,01151473534,Clinton_m821@rxbtv.gov.uk
822,Ms,Pam w822,Granby St,Radford,Nottingham,01151909556,Pam_w822@iumwz.org
823,Mr,Eric m823,Granby St,West Bridgford,Nottingham,01151915340,Eric_m823@objwdco.uk
824,Ms,Victory w824,Hill St,Beeston,Nottingham,01151056001,Victory_w824@pwise.gov.uk
825,Mr,Watson m825,King St,West Bridgford,Nottingham,01151307754,Watson_m825@zfeymco.uk
826,Ms,Luise w826,Kent St,Beeston,Nottingham,01151713777,Luise_w826@vaegl.com
827,Mr,Matthew m827,Granby St,Hyson Green,Nottingham,01151502063,Matthew_m827@hcojl.gov.uk
828,Ms,Tania w828,Hill St,Lenton Abbey,Nottingham,01151096507,Tania_w828@zffmm.gov.uk
829,Mr,Simon m829,Oxford St,Hyson Green,Nottingham,01151127828,Simon_m829@uoemrac.uk
830,Ms,Lily w830,Granby St,Radford,Nottingham,01151420937,Lily_w830@qlpvaco.uk
1077,Mr,Ben m1077,Victory St,Beeston,Nottingham,01151654454,Ben_m1077@nylpsco.uk
1078,Ms,Hana w1078,Kent St,Clifton,Nottingham,01151757705,Hana_w1078@zpexgac.uk
1079,Mr,Liu m1079,Kent St,Lenton Abbey,Nottingham,01151227158,Liu_m1079@ntpyo.sch.uk
1080,Ms,Chris w1080,Bond St,Hyson Green,Nottingham,01151612179,Chris_w1080@yzbzsac.uk
1081,Mr,Yang m1081,Queens Rd,Radford,Nottingham,01151922412,Yang_m1081@myydk.sch.uk
1082,Ms,Hana w1082,Hotel St,Beeston,Nottingham,01151535677,Hana_w1082@vygjeac.uk
1083,Mr,Eric m1083,Gateway St,Lenton Abbey,Nottingham,01151102404,Eric_m1083@ohcjd.sch.uk
1084,Ms,Anna w1084,Burton St,West Bridgford,Nottingham,01151366089,Anna_w1084@gtwgu.gov.uk
1085,Mr,Simon m1085,Ring Rd,Radford,Nottingham,01151471814,Simon_m1085@ujecy.sch.uk
1086,Ms,Ann w1086,Burton St,Lenton Abbey,Nottingham,01151953007,Ann_w1086@aomldac.uk
1087,Mr,Wood m1087,Oxford St,Lenton Abbey,Nottingham,01151660525,Wood_m1087@scirr.org
1088,Ms,Pam w1088,Hill St,Hyson Green,Nottingham,01151112426,Pam_w1088@ctfhrco.uk
1089,Mr,Smith m1089,London Rd,Lenton Abbey,Nottingham,01151980864,Smith_m1089@bssga.sch.uk
1090,Ms,Helen w1090,Wharf St,West Bridgford,Nottingham,01151741649,Helen_w1090@fneil.net
1091,Mr,Scott m1091,Ring Rd,Beeston,Nottingham,01151875119,Scott_m1091@vxjta.sch.uk
1092,Ms,Mina w1092,Welford Rd,West Bridgford,Nottingham,01151802620,Mina_w1092@cnbzv.gov.uk
1093,Mr,Alex m1093,Kent St,Radford,Nottingham,01151264183,Alex_m1093@qczoa.net
1094,Ms,Anna w1094,Gateway St,Lenton Abbey,Nottingham,01151219332,Anna_w1094@tzhoy.net
1095,Mr,Clinton m1095,Queens Rd,Hyson Green,Nottingham,01151959110,Clinton_m1095@wzrnc.org
1096,Ms,Anna w1096,Newton St,Lenton Abbey,Nottingham,01151957763,Anna_w1096@jxxdg.net
1097,Mr,Wood m1097,Ring Rd,Beeston,Nottingham,01151744549,Wood_m1097@ehhcuco.uk
1098,Ms,Anna w1098,Welford Rd,Lenton Abbey,Nottingham,01151017398,Anna_w1098@djvsi.org
1099,Mr,Liu m1099,Oxford St,Clifton,Nottingham,01151763777,Liu_m1099@gzmrz.com
1100,Ms,Sally w1100,Burton St,West Bridgford,Nottingham,01151120440,Sally_w1100@jdidy.org
1101,Mr,Mohammad m1101,Ring Rd,Clifton,Nottingham,01151308827,Mohammad_m1101@aguil.net
1102,Ms,Pam w1102,Bond St,Beeston,Nottingham,01151122819,Pam_w1102@uflwp.org
1103,Mr,Mohammad m1103,Bond St,Radford,Nottingham,01151109925,Mohammad_m1103@jrsoy.net
1104,Ms,Mina w1104,Hill St,Radford,Nottingham,01151851861,Mina_w1104@uaimd.org
1105,Mr,Bush m1105,Wharf St,Radford,Nottingham,01151452370,Bush_m1105@upidyco.uk
1106,Ms,Hana w1106,Welford Rd,Lenton Abbey,Nottingham,01151436864,Hana_w1106@hxpkp.net
1107,Mr,Lee m1107,Queens Rd,Lenton Abbey,Nottingham,01151838208,Lee_m1107@leyyyco.uk
1108,Ms,Hana w1108,Gateway St,Radford,Nottingham,01151416729,Hana_w1108@cmuxrac.uk
1109,Mr,Brown m1109,Granby St,Clifton,Nottingham,01151515549,Brown_m1109@pofwuac.uk
1110,Ms,Mina w1110,Welford Rd,Clifton,Nottingham,01151289891,Mina_w1110@dgdja.sch.uk
1111,Mr,Brown m1111,Gateway St,Beeston,Nottingham,01151364329,Brown_m1111@zqyhw.org
1112,Ms,Hana w1112,Wharf St,Beeston,Nottingham,01151533052,Hana_w1112@ferzhco.uk
1113,Mr,William m1113,Burton St,Radford,Nottingham,01151013674,William_m1113@xlldu.gov.uk
1114,Ms,Luise w1114,King St,Radford,Nottingham,01151358914,Luise_w1114@useelco.uk
1115,Mr,Alex m1115,Kent St,Clifton,Nottingham,01151928143,Alex_m1115@zojzt.net
1116,Ms,Anna w1116,London Rd,Lenton Abbey,Nottingham,01151890908,Anna_w1116@feisy.net
1117,Mr,Ben m1117,Wharf St,Lenton Abbey,Nottingham,01151182684,Ben_m1117@xmuly.net
1118,Ms,Tania w1118,Hill St,West Bridgford,Nottingham,01151533753,Tania_w1118@rxfwfac.uk
1119,Mr,Peter m1119,Oxford St,Hyson Green,Nottingham,01151973685,Peter_m1119@jjrdy.net
1120,Ms,Tania w1120,Hill St,West Bridgford,Nottingham,01151937274,Tania_w1120@saptf.org
1121,Mr,Wilson m1121,Hill St,Lenton Abbey,Nottingham,01151360113,Wilson_m1121@xauvxco.uk
1122,Ms,Ann w1122,Bond St,Radford,Nottingham,01151328647,Ann_w1122@szmngac.uk
1123,Mr,Smith m1123,Oxford St,Beeston,Nottingham,01151855464,Smith_m1123@yooxmac.uk
1124,Ms,Anna w1124,Hill St,Beeston,Nottingham,01151571360,Anna_w1124@uppxp.sch.uk
1125,Mr,Mohammad m1125,Welford Rd,Lenton Abbey,Nottingham,01151093044,Mohammad_m1125@xxplmco.uk
1126,Ms,Lily w1126,Granby St,Lenton Abbey,Nottingham,01151853328,Lily_w1126@oxmlx.org
1127,Mr,Yang m1127,Gateway St,Beeston,Nottingham,01151754589,Yang_m1127@lagcp.net
1128,Ms,Ann w1128,Hill St,Lenton Abbey,Nottingham,01151974094,Ann_w1128@macoi.gov.uk
1129,Mr,David m1129,Gateway St,Lenton Abbey,Nottingham,01151319417,David_m1129@xbqnl.net
1130,Ms,Anna w1130,Hill St,Clifton,Nottingham,01151678669,Anna_w1130@nqoef.gov.uk
1131,Mr,Brown m1131,Wharf St,Radford,Nottingham,01151965485,Brown_m1131@apamu.net
1132,Ms,Victory w1132,Kent St,Clifton,Nottingham,01151277834,Victory_w1132@gfeui.org
1133,Mr,William m1133,London Rd,Radford,Nottingham,01151255874,William_m1133@gzalqac.uk
1134,Ms,Chris w1134,Bond St,Hyson Green,Nottingham,01151419995,Chris_w1134@agtlr.gov.uk
1135,Mr,Peter m1135,Welford Rd,West Bridgford,Nottingham,01151333002,Peter_m1135@hwrvq.gov.uk
1136,Ms,Diana w1136,Oxford St,Lenton Abbey,Nottingham,01151200175,Diana_w1136@jtkxh.com
1137,Mr,Bush m1137,Wharf St,West Bridgford,Nottingham,01151975298,Bush_m1137@hqwwtco.uk
1138,Ms,Ann w1138,Ring Rd,Clifton,Nottingham,01151852636,Ann_w1138@buniy.sch.uk
1139,Mr,Scott m1139,Welford Rd,Lenton Abbey,Nottingham,01151874083,Scott_m1139@vxgnm.sch.uk
1140,Ms,Ann w1140,Newton St,Radford,Nottingham,01151130777,Ann_w1140@dlubuac.uk
1141,Mr,Wilson m1141,Hotel St,Radford,Nottingham,01151334190,Wilson_m1141@utohs.net
1142,Ms,Jenny w1142,Oxford St,Hyson Green,Nottingham,01151377537,Jenny_w1142@atakk.sch.uk
1143,Mr,Wood m1143,Bond St,Hyson Green,Nottingham,01151836698,Wood_m1143@wxkej.org
1144,Ms,Ann w1144,Kent St,Radford,Nottingham,01151457162,Ann_w1144@ieonq.net
1145,Mr,Watson m1145,Kent St,West Bridgford,Nottingham,01151445267,Watson_m1145@hxfce.net
1146,Ms,Hana w1146,Welford Rd,Beeston,Nottingham,01151044383,Hana_w1146@dvqza.sch.uk
1147,Mr,Smith m1147,Wharf St,Hyson Green,Nottingham,01151038544,Smith_m1147@jwljd.sch.uk
1148,Ms,Victory w1148,London Rd,Lenton Abbey,Nottingham,01151177207,Victory_w1148@osgbk.gov.uk
1149,Mr,Scott m1149,Burton St,Lenton Abbey,Nottingham,01151703463,Scott_m1149@xamzvco.uk
1150,Ms,Hana w1150,Gateway St,Beeston,Nottingham,01151193420,Hana_w1150@aovvh.org
1151,Mr,Liu m1151,Kent St,Radford,Nottingham,01151689296,Liu_m1151@emooo.gov.uk
1152,Ms,Ann w1152,London Rd,Lenton Abbey,Nottingham,01151583606,Ann_w1152@cuvxvco.uk
1153,Mr,Watson m1153,Gateway St,Hyson Green,Nottingham,01151415506,Watson_m1153@rmpdoco.uk
1154,Ms,Sally w1154,Oxford St,Clifton,Nottingham,01151351121,Sally_w1154@eskcl.gov.uk
1155,Mr,Clinton m1155,Welford Rd,Beeston,Nottingham,01151742182,Clinton_m1155@bsgixco.uk
1156,Ms,Mina w1156,King St,Lenton Abbey,Nottingham,01151444771,Mina_w1156@dnqyw.sch.uk
1157,Mr,Matthew m1157,Victory St,Lenton Abbey,Nottingham,01151729754,Matthew_m1157@bfnpf.gov.uk
1563,Mr,Lee m1563,Bond St,Radford,Nottingham,01151966880,Lee_m1563@ltasnco.uk
1564,Ms,Hana w1564,Welford Rd,Clifton,Nottingham,01151285230,Hana_w1564@ijiehco.uk
1565,Mr,Smith m1565,London Rd,Clifton,Nottingham,01151794219,Smith_m1565@vgadm.gov.uk
1566,Ms,Mina w1566,Victory St,Beeston,Nottingham,01151483749,Mina_w1566@cuekl.org
1567,Mr,Scott m1567,Hotel St,Hyson Green,Nottingham,01151010492,Scott_m1567@odmvg.sch.uk
1568,Ms,Jane w1568,Hill St,Hyson Green,Nottingham,01151316791,Jane_w1568@nmsjyco.uk
1569,Mr,Paco m1569,Bond St,Hyson Green,Nottingham,01151488545,Paco_m1569@qixbcco.uk
1570,Ms,Luise w1570,Newton St,Hyson Green,Nottingham,01151328005,Luise_w1570@fsmkaco.uk
1571,Mr,Mohammad m1571,Kent St,Beeston,Nottingham,01151697315,Mohammad_m1571@qaopd.net
1572,Ms,Pam w1572,Hotel St,Hyson Green,Nottingham,01151546230,Pam_w1572@rmyjm.sch.uk
1573,Mr,Clinton m1573,London Rd,Radford,Nottingham,01151609401,Clinton_m1573@irvvr.org
1574,Ms,Anna w1574,Hill St,Beeston,Nottingham,01151896326,Anna_w1574@bnkha.com
1575,Mr,Eric m1575,Kent St,Lenton Abbey,Nottingham,01151356043,Eric_m1575@fjner.sch.uk
1576,Ms,Ann w1576,Hotel St,Beeston,Nottingham,01151344111,Ann_w1576@xwwhico.uk
1577,Mr,Zhou m1577,Ring Rd,Clifton,Nottingham,01151301837,Zhou_m1577@gpffh.org
1578,Ms,Luise w1578,Wharf St,Beeston,Nottingham,01151954760,Luise_w1578@toqzf.com
1579,Mr,Peter m1579,Gateway St,Radford,Nottingham,01151339005,Peter_m1579@yicdk.gov.uk
1580,Ms,Jenny w1580,Kent St,Beeston,Nottingham,01151106252,Jenny_w1580@flhea.sch.uk
1581,Mr,Clinton m1581,Burton St,Beeston,Nottingham,01151190788,Clinton_m1581@hewys.sch.uk
1582,Ms,Jenny w1582,Kent St,Lenton Abbey,Nottingham,01151111906,Jenny_w1582@cszhl.gov.uk
1583,Mr,Clinton m1583,Hotel St,Beeston,Nottingham,01151545970,Clinton_m1583@hidel.org
1584,Ms,Diana w1584,Kent St,Hyson Green,Nottingham,01151608917,Diana_w1584@rlgjtac.uk
1585,Mr,Matthew m1585,Oxford St,Beeston,Nottingham,01151733832,Matthew_m1585@ldhdg.net
1586,Ms,Sally w1586,Victory St,Hyson Green,Nottingham,01151825522,Sally_w1586@trzqico.uk
1587,Mr,Wood m1587,Ring Rd,West Bridgford,Nottingham,01151875928,Wood_m1587@tqvsdac.uk
1588,Ms,Chris w1588,Oxford St,West Bridgford,Nottingham,01151262690,Chris_w1588@kfudfac.uk
1589,Mr,Wilson m1589,London Rd,Hyson Green,Nottingham,01151608069,Wilson_m1589@lyluf.sch.uk
1590,Ms,Victory w1590,Bond St,Radford,Nottingham,01151865643,Victory_w1590@dcvfu.sch.uk
1591,Mr,Matthew m1591,Bond St,Beeston,Nottingham,01151265713,Matthew_m1591@fvfkp.sch.uk
1592,Ms,Pam w1592,Ring Rd,West Bridgford,Nottingham,01151902231,Pam_w1592@qydhb.gov.uk
1593,Mr,Scott m1593,Victory St,Lenton Abbey,Nottingham,01151912929,Scott_m1593@suosg.org
1594,Ms,Luise w1594,Hotel St,Radford,Nottingham,01151053651,Luise_w1594@ejuvm.net
1595,Mr,David m1595,Oxford St,Hyson Green,Nottingham,01151122264,David_m1595@rnjft.com
1596,Ms,Chris w1596,Kent St,Beeston,Nottingham,01151600010,Chris_w1596@usofaac.uk
1597,Mr,Wood m1597,Burton St,Hyson Green,Nottingham,01151582065,Wood_m1597@ockdv.net
1598,Ms,Victory w1598,Burton St,Hyson Green,Nottingham,01151657053,Victory_w1598@hfcla.net
1599,Mr,Smith m1599,Ring Rd,Lenton Abbey,Nottingham,01151094410,Smith_m1599@rtyooco.uk
1600,Ms,Anna w1600,Welford Rd,Radford,Nottingham,01151007311,Anna_w1600@ekimgac.uk
1601,Mr,Watson m1601,Victory St,Lenton Abbey,Nottingham,01151631646,Watson_m1601@knwtpac.uk
1602,Ms,Chris w1602,Granby St,Radford,Nottingham,01151362732,Chris_w1602@mrsvc.org
1603,Mr,Liu m1603,Granby St,Beeston,Nottingham,01151232176,Liu_m1603@oeyze.net
1604,Ms,Anna w1604,Queens Rd,Hyson Green,Nottingham,01151547182,Anna_w1604@hurtb.gov.uk
1605,Mr,Clinton m1605,King St,Beeston,Nottingham,01151590804,Clinton_m1605@nulvkac.uk
1606,Ms,Anna w1606,Hill St,West Bridgford,Nottingham,01151628993,Anna_w1606@ynpyyco.uk
1607,Mr,Wood m1607,Oxford St,Hyson Green,Nottingham,01151302308,Wood_m1607@ikcfzac.uk
1608,Ms,Jenny w1608,Kent St,West Bridgford,Nottingham,01151309551,Jenny_w1608@taltyco.uk
1609,Mr,Alex m1609,Ring Rd,Radford,Nottingham,01151835522,Alex_m1609@biemx.org
1610,Ms,Lora w1610,Queens Rd,Beeston,Nottingham,01151012402,Lora_w1610@ltvhe.org
1611,Mr,Eric m1611,Bond St,Hyson Green,Nottingham,01151968250,Eric_m1611@qjgxnac.uk
1612,Ms,Mina w1612,Victory St,Lenton Abbey,Nottingham,01151227481,Mina_w1612@clomp.net
1613,Mr,Dean m1613,Bond St,Hyson Green,Nottingham,01151533702,Dean_m1613@jajgo.net
1614,Ms,Mina w1614,Ring Rd,Beeston,Nottingham,01151002842,Mina_w1614@zglayco.uk
1615,Mr,Brown m1615,Welford Rd,Clifton,Nottingham,01151954101,Brown_m1615@gbjzo.com
1616,Ms,Victory w1616,Queens Rd,Beeston,Nottingham,01151461680,Victory_w1616@wffgk.org
1617,Mr,Smith m1617,Newton St,Radford,Nottingham,01151396117,Smith_m1617@bozuq.net
1618,Ms,Hana w1618,Ring Rd,Radford,Nottingham,01151815887,Hana_w1618@wgeia.net
1619,Mr,William m1619,Hill St,Radford,Nottingham,01151073540,William_m1619@aurvo.com
1620,Ms,Hana w1620,Hotel St,Radford,Nottingham,01151643281,Hana_w1620@cnbhr.sch.uk
1621,Mr,Chris m1621,Kent St,Lenton Abbey,Nottingham,01151033899,Chris_m1621@pjsvc.sch.uk
1622,Ms,Ann w1622,Gateway St,Radford,Nottingham,01151607434,Ann_w1622@abdwwac.uk
1623,Mr,Mohammad m1623,King St,Lenton Abbey,Nottingham,01151147638,Mohammad_m1623@zexqb.net
1624,Ms,Sally w1624,Hill St,West Bridgford,Nottingham,01151769489,Sally_w1624@chkjo.net
1625,Mr,Matthew m1625,Hill St,Hyson Green,Nottingham,01151385214,Matthew_m1625@uiqdrac.uk
1626,Ms,Sally w1626,Victory St,Hyson Green,Nottingham,01151883260,Sally_w1626@bzcfgac.uk
1627,Mr,Brown m1627,Kent St,Hyson Green,Nottingham,01151301575,Brown_m1627@cffyeac.uk
1628,Ms,Lora w1628,Gateway St,Lenton Abbey,Nottingham,01151467876,Lora_w1628@gjyrk.org
1629,Mr,Scott m1629,Kent St,Hyson Green,Nottingham,01151938677,Scott_m1629@cozdj.sch.uk
1630,Ms,Lora w1630,Bond St,Lenton Abbey,Nottingham,01151197752,Lora_w1630@uzgxtco.uk
1631,Mr,Ben m1631,Queens Rd,Lenton Abbey,Nottingham,01151644429,Ben_m1631@awksb.net
1632,Ms,Tania w1632,Burton St,Hyson Green,Nottingham,01151734021,Tania_w1632@qeadq.sch.uk
1633,Mr,Matthew m1633,Victory St,Radford,Nottingham,01151692324,Matthew_m1633@bnmbvac.uk
1634,Ms,Ann w1634,Gateway St,Clifton,Nottingham,01151400433,Ann_w1634@kvsiaac.uk
1635,Mr,Liu m1635,Hotel St,Radford,Nottingham,01151761883,Liu_m1635@gxrax.org
1636,Ms,Diana w1636,King St,Lenton Abbey,Nottingham,01151864225,Diana_w1636@eyihg.net
1637,Mr,Smith m1637,Bond St,Lenton Abbey,Nottingham,01151320832,Smith_m1637@ialtc.net
1638,Ms,Anna w1638,Ring Rd,Beeston,Nottingham,01151237910,Anna_w1638@rehnlac.uk
1639,Mr,Smith m1639,Bond St,Lenton Abbey,Nottingham,01151371652,Smith_m1639@xdxagco.uk
1640,Ms,Lily w1640,Queens Rd,Clifton,Nottingham,01151527753,Lily_w1640@xqbay.com
1641,Mr,Yang m1641,Granby St,Lenton Abbey,Nottingham,01151666753,Yang_m1641@jeslc.org
1642,Ms,Pam w1642,Kent St,Beeston,Nottingham,01151061624,Pam_w1642@hkpmr.com
1643,Mr,Liu m1643,King St,Radford,Nottingham,01151761587,Liu_m1643@stisq.sch.uk
1158,Ms,Lily w1158,King St,Clifton,Nottingham,01151130133,Lily_w1158@objtrac.uk
1159,Mr,Matthew m1159,Hill St,Radford,Nottingham,01151217853,Matthew_m1159@rbtsmco.uk
1160,Ms,Sally w1160,Welford Rd,Lenton Abbey,Nottingham,01151954398,Sally_w1160@bomgs.org
1161,Mr,Liu m1161,Hill St,Lenton Abbey,Nottingham,01151665525,Liu_m1161@fzgnj.sch.uk
1162,Ms,Victory w1162,King St,Hyson Green,Nottingham,01151051271,Victory_w1162@trnaaac.uk
1163,Mr,Alex m1163,Oxford St,Radford,Nottingham,01151312327,Alex_m1163@ydpxb.com
1164,Ms,Lily w1164,Victory St,Hyson Green,Nottingham,01151406046,Lily_w1164@gkdov.com
1165,Mr,Smith m1165,Wharf St,Clifton,Nottingham,01151339833,Smith_m1165@fxrsbco.uk
1166,Ms,Pam w1166,Gateway St,Lenton Abbey,Nottingham,01151299837,Pam_w1166@pszyq.com
1167,Mr,Eric m1167,Hill St,Radford,Nottingham,01151741639,Eric_m1167@iszle.org
1168,Ms,Pam w1168,Queens Rd,Lenton Abbey,Nottingham,01151144530,Pam_w1168@wiopl.gov.uk
1169,Mr,Clinton m1169,Gateway St,Lenton Abbey,Nottingham,01151532302,Clinton_m1169@azbxwco.uk
1170,Ms,Chris w1170,Wharf St,Radford,Nottingham,01151940718,Chris_w1170@kgpra.sch.uk
1171,Mr,Brown m1171,Bond St,Clifton,Nottingham,01151091214,Brown_m1171@dauew.sch.uk
1172,Ms,Mina w1172,Ring Rd,Clifton,Nottingham,01151225608,Mina_w1172@jarsn.org
1173,Mr,Brown m1173,Ring Rd,Radford,Nottingham,01151494342,Brown_m1173@yjpdj.net
1174,Ms,Lora w1174,Oxford St,Clifton,Nottingham,01151601584,Lora_w1174@xrumhac.uk
1175,Mr,Clinton m1175,Hotel St,Radford,Nottingham,01151382835,Clinton_m1175@ojmkbac.uk
1176,Ms,Anna w1176,Hotel St,Beeston,Nottingham,01151444394,Anna_w1176@dvkpcac.uk
1177,Mr,Liu m1177,Oxford St,Hyson Green,Nottingham,01151944457,Liu_m1177@zxhtl.net
1178,Ms,Lily w1178,Burton St,Lenton Abbey,Nottingham,01151400244,Lily_w1178@fwahm.org
1179,Mr,Wilson m1179,Wharf St,Hyson Green,Nottingham,01151140403,Wilson_m1179@jowgkac.uk
1180,Ms,Helen w1180,Queens Rd,Beeston,Nottingham,01151777613,Helen_w1180@bxayvco.uk
1181,Mr,Lee m1181,Ring Rd,Hyson Green,Nottingham,01151570012,Lee_m1181@zslgrac.uk
1182,Ms,Pam w1182,Ring Rd,Radford,Nottingham,01151758294,Pam_w1182@ydldo.org
1183,Mr,David m1183,Queens Rd,Hyson Green,Nottingham,01151238036,David_m1183@mriox.net
1184,Ms,Lily w1184,Burton St,Radford,Nottingham,01151377249,Lily_w1184@pxtwj.sch.uk
1185,Mr,Zhou m1185,Burton St,Radford,Nottingham,01151180830,Zhou_m1185@lcnas.com
1186,Ms,Sally w1186,Bond St,Radford,Nottingham,01151793661,Sally_w1186@ukrup.com
1187,Mr,Zhou m1187,Welford Rd,Hyson Green,Nottingham,01151392971,Zhou_m1187@mbqpy.gov.uk
1188,Ms,Diana w1188,Granby St,Beeston,Nottingham,01151981310,Diana_w1188@emmsvco.uk
1189,Mr,Yang m1189,Hill St,Radford,Nottingham,01151477395,Yang_m1189@wrkik.sch.uk
1190,Ms,Pam w1190,Kent St,Radford,Nottingham,01151258911,Pam_w1190@xhyhr.net
1191,Mr,Liu m1191,Hotel St,Clifton,Nottingham,01151061205,Liu_m1191@ronwwco.uk
1192,Ms,Lily w1192,Hill St,Hyson Green,Nottingham,01151645906,Lily_w1192@rlhzc.org
1193,Mr,Wood m1193,Oxford St,Hyson Green,Nottingham,01151557564,Wood_m1193@uguea.org
1194,Ms,Jenny w1194,Hotel St,West Bridgford,Nottingham,01151113123,Jenny_w1194@jeqbx.org
1195,Mr,Matthew m1195,Ring Rd,Hyson Green,Nottingham,01151368065,Matthew_m1195@xpwmq.net
1196,Ms,Jenny w1196,Welford Rd,Clifton,Nottingham,01151568819,Jenny_w1196@sytio.org
1197,Mr,Matthew m1197,Kent St,Beeston,Nottingham,01151471096,Matthew_m1197@ssvut.org
1198,Ms,Luise w1198,Hill St,Lenton Abbey,Nottingham,01151724697,Luise_w1198@oyzyn.net
1199,Mr,Clinton m1199,Ring Rd,Lenton Abbey,Nottingham,01151631291,Clinton_m1199@hpnsx.sch.uk
1200,Ms,Chris w1200,Hill St,Beeston,Nottingham,01151486212,Chris_w1200@aerkt.org
1201,Mr,Clinton m1201,Wharf St,Beeston,Nottingham,01151242231,Clinton_m1201@ifgwdac.uk
1202,Ms,Pam w1202,Burton St,Lenton Abbey,Nottingham,01151704690,Pam_w1202@zcoha.gov.uk
1203,Mr,Wood m1203,Welford Rd,Lenton Abbey,Nottingham,01151870768,Wood_m1203@scxiv.sch.uk
1204,Ms,Pam w1204,Wharf St,Clifton,Nottingham,01151895667,Pam_w1204@kafup.net
1205,Mr,Mohammad m1205,Ring Rd,Radford,Nottingham,01151729540,Mohammad_m1205@uwhxjac.uk
1206,Ms,Lora w1206,Victory St,Lenton Abbey,Nottingham,01151051896,Lora_w1206@wncfl.net
1207,Mr,Bush m1207,King St,Beeston,Nottingham,01151269052,Bush_m1207@taijw.org
1208,Ms,Ann w1208,Oxford St,Beeston,Nottingham,01151738221,Ann_w1208@aqoqqac.uk
1209,Mr,Lee m1209,Queens Rd,Lenton Abbey,Nottingham,01151081547,Lee_m1209@cagkuac.uk
1210,Ms,Ann w1210,Bond St,Radford,Nottingham,01151226314,Ann_w1210@plrkb.org
1211,Mr,Paco m1211,Queens Rd,Clifton,Nottingham,01151647277,Paco_m1211@tnlka.sch.uk
1212,Ms,Lora w1212,Hotel St,Hyson Green,Nottingham,01151160689,Lora_w1212@idvssco.uk
1213,Mr,Mohammad m1213,Gateway St,Radford,Nottingham,01151722382,Mohammad_m1213@thamn.org
1214,Ms,Anna w1214,Bond St,Radford,Nottingham,01151150861,Anna_w1214@mvmqh.gov.uk
1215,Mr,Eric m1215,Bond St,Hyson Green,Nottingham,01151218273,Eric_m1215@lfureac.uk
1216,Ms,Luise w1216,Hill St,Hyson Green,Nottingham,01151664653,Luise_w1216@hbnlqac.uk
1217,Mr,Wilson m1217,Hotel St,West Bridgford,Nottingham,01151346456,Wilson_m1217@isdas.gov.uk
1218,Ms,Hana w1218,Welford Rd,Hyson Green,Nottingham,01151503641,Hana_w1218@qglbf.org
1219,Mr,Liu m1219,Hotel St,Clifton,Nottingham,01151750202,Liu_m1219@jlhuz.com
1220,Ms,Jane w1220,Hill St,Beeston,Nottingham,01151368325,Jane_w1220@zomfs.net
1221,Mr,Eric m1221,Hill St,Beeston,Nottingham,01151209935,Eric_m1221@ydlgp.net
1222,Ms,Lily w1222,Victory St,Lenton Abbey,Nottingham,01151212758,Lily_w1222@sjmrs.net
1223,Mr,Ben m1223,Gateway St,Beeston,Nottingham,01151871203,Ben_m1223@ncfen.net
1224,Ms,Pam w1224,Oxford St,Hyson Green,Nottingham,01151642058,Pam_w1224@gejpsac.uk
1225,Mr,Bush m1225,London Rd,Lenton Abbey,Nottingham,01151166709,Bush_m1225@ivxws.gov.uk
1226,Ms,Lily w1226,Oxford St,Clifton,Nottingham,01151384823,Lily_w1226@dehozac.uk
1227,Mr,Simon m1227,Bond St,Lenton Abbey,Nottingham,01151153327,Simon_m1227@ledxl.net
1228,Ms,Hana w1228,Ring Rd,West Bridgford,Nottingham,01151411380,Hana_w1228@tfsop.org
1229,Mr,Wilson m1229,Newton St,Lenton Abbey,Nottingham,01151625666,Wilson_m1229@olbpz.net
1230,Ms,Lily w1230,Victory St,Lenton Abbey,Nottingham,01151086497,Lily_w1230@iypdgac.uk
1231,Mr,Smith m1231,King St,Hyson Green,Nottingham,01151838329,Smith_m1231@wujex.com
1232,Ms,Ann w1232,Wharf St,Radford,Nottingham,01151394047,Ann_w1232@itkvk.org
1233,Mr,Mohammad m1233,Bond St,Hyson Green,Nottingham,01151071414,Mohammad_m1233@wrnwf.net
1234,Ms,Anna w1234,Victory St,Beeston,Nottingham,01151051395,Anna_w1234@ktlvgco.uk
1235,Mr,Bush m1235,Welford Rd,Radford,Nottingham,01151019577,Bush_m1235@bheyu.com
1236,Ms,Chris w1236,Ring Rd,Lenton Abbey,Nottingham,01151972113,Chris_w1236@gbmpd.net
1237,Mr,Wood m1237,Gateway St,Beeston,Nottingham,01151546919,Wood_m1237@igint.net
1238,Ms,Sally w1238,Welford Rd,Beeston,Nottingham,01151937067,Sally_w1238@gkoiw.net
1239,Mr,Mohammad m1239,King St,Beeston,Nottingham,01151783666,Mohammad_m1239@gzuumco.uk
1240,Ms,Lily w1240,Welford Rd,Beeston,Nottingham,01151914421,Lily_w1240@rwopqac.uk
1241,Mr,William m1241,Ring Rd,Radford,Nottingham,01151450492,William_m1241@xlawbco.uk
1242,Ms,Mina w1242,Victory St,Beeston,Nottingham,01151129342,Mina_w1242@sdpkr.org
1243,Mr,Scott m1243,Hill St,Radford,Nottingham,01151038579,Scott_m1243@jioyy.sch.uk
1244,Ms,Anna w1244,Hotel St,West Bridgford,Nottingham,01151211635,Anna_w1244@kpkvg.sch.uk
1245,Mr,Zhou m1245,Hill St,Hyson Green,Nottingham,01151575458,Zhou_m1245@mkqbx.sch.uk
1246,Ms,Hana w1246,Gateway St,Beeston,Nottingham,01151961495,Hana_w1246@uijoi.net
1247,Mr,Peter m1247,Burton St,Beeston,Nottingham,01151106122,Peter_m1247@pclmhac.uk
1248,Ms,Lily w1248,Oxford St,Lenton Abbey,Nottingham,01151774600,Lily_w1248@deyshco.uk
1249,Mr,Zhou m1249,Hotel St,Hyson Green,Nottingham,01151936935,Zhou_m1249@behqx.net
1250,Ms,Lora w1250,Granby St,Hyson Green,Nottingham,01151291137,Lora_w1250@iiwdcco.uk
1251,Mr,Brown m1251,London Rd,Radford,Nottingham,01151101268,Brown_m1251@ymucn.sch.uk
1252,Ms,Mina w1252,Burton St,Lenton Abbey,Nottingham,01151737187,Mina_w1252@ksomgco.uk
1253,Mr,Matthew m1253,Bond St,West Bridgford,Nottingham,01151701790,Matthew_m1253@uakvn.com
1254,Ms,Hana w1254,Hotel St,Beeston,Nottingham,01151548909,Hana_w1254@tpxku.sch.uk
1255,Mr,Simon m1255,Victory St,Radford,Nottingham,01151825560,Simon_m1255@togfl.org
1256,Ms,Tania w1256,Kent St,Hyson Green,Nottingham,01151550882,Tania_w1256@zduvk.org
1257,Mr,Brown m1257,Welford Rd,Clifton,Nottingham,01151233232,Brown_m1257@ctzbb.org
1258,Ms,Jenny w1258,London Rd,Beeston,Nottingham,01151367347,Jenny_w1258@gbrqico.uk
1259,Mr,Clinton m1259,King St,Lenton Abbey,Nottingham,01151035330,Clinton_m1259@hvaedco.uk
1260,Ms,Chris w1260,Burton St,Radford,Nottingham,01151175577,Chris_w1260@cseif.org
1261,Mr,Wilson m1261,King St,Beeston,Nottingham,01151117561,Wilson_m1261@fflfpac.uk
1262,Ms,Anna w1262,Newton St,Hyson Green,Nottingham,01151297456,Anna_w1262@tpzvv.sch.uk
1263,Mr,Yang m1263,Burton St,West Bridgford,Nottingham,01151412452,Yang_m1263@kfhiz.org
1264,Ms,Anna w1264,Kent St,West Bridgford,Nottingham,01151965792,Anna_w1264@pcssd.net
1265,Mr,Brown m1265,Gateway St,Radford,Nottingham,01151336892,Brown_m1265@nwbpvco.uk
1266,Ms,Luise w1266,Hotel St,Clifton,Nottingham,01151964960,Luise_w1266@qghfpco.uk
1267,Mr,Liu m1267,Hotel St,West Bridgford,Nottingham,01151395451,Liu_m1267@vuexb.sch.uk
1268,Ms,Lily w1268,Kent St,Radford,Nottingham,01151633915,Lily_w1268@mipts.gov.uk
1269,Mr,Eric m1269,Bond St,West Bridgford,Nottingham,01151655476,Eric_m1269@tlohu.com
1270,Ms,Mina w1270,Burton St,Lenton Abbey,Nottingham,01151115284,Mina_w1270@ymzteac.uk
1271,Mr,Zhou m1271,Granby St,West Bridgford,Nottingham,01151199978,Zhou_m1271@bmtcx.sch.uk
1272,Ms,Pam w1272,Granby St,Lenton Abbey,Nottingham,01151570109,Pam_w1272@hregy.com
1273,Mr,Matthew m1273,Gateway St,Radford,Nottingham,01151070247,Matthew_m1273@pdbjn.net
1274,Ms,Mina w1274,Wharf St,Radford,Nottingham,01151465664,Mina_w1274@hzkav.org
1275,Mr,Scott m1275,Hotel St,Beeston,Nottingham,01151365088,Scott_m1275@sbrfi.net
1276,Ms,Lily w1276,Burton St,Beeston,Nottingham,01151089627,Lily_w1276@aqmaico.uk
1277,Mr,Mohammad m1277,Hotel St,Radford,Nottingham,01151707418,Mohammad_m1277@nomik.org
1278,Ms,Helen w1278,King St,Lenton Abbey,Nottingham,01151447590,Helen_w1278@aknai.org
1279,Mr,Wood m1279,King St,Radford,Nottingham,01151437052,Wood_m1279@rsibo.sch.uk
1280,Ms,Lora w1280,Bond St,Lenton Abbey,Nottingham,01151041089,Lora_w1280@qcsms.org
1281,Mr,Simon m1281,London Rd,Radford,Nottingham,01151022880,Simon_m1281@dcczdco.uk
1282,Ms,Sally w1282,Newton St,Lenton Abbey,Nottingham,01151129829,Sally_w1282@caqzk.net
1283,Mr,Watson m1283,Oxford St,Lenton Abbey,Nottingham,01151559251,Watson_m1283@dzqfr.org
1284,Ms,Ann w1284,Queens Rd,Lenton Abbey,Nottingham,01151112857,Ann_w1284@qxgsl.net
1285,Mr,Zhou m1285,Gateway St,Beeston,Nottingham,01151859858,Zhou_m1285@cihrz.org
1286,Ms,Jane w1286,Ring Rd,Lenton Abbey,Nottingham,01151119431,Jane_w1286@iildr.sch.uk
1287,Mr,Wilson m1287,Welford Rd,Beeston,Nottingham,01151392560,Wilson_m1287@lyhxlac.uk
1288,Ms,Jane w1288,King St,West Bridgford,Nottingham,01151265373,Jane_w1288@thgox.gov.uk
1289,Mr,Simon m1289,Oxford St,Clifton,Nottingham,01151569647,Simon_m1289@bwfueac.uk
1290,Ms,Hana w1290,Oxford St,West Bridgford,Nottingham,01151467384,Hana_w1290@ekwseco.uk
1291,Mr,Alex m1291,Hotel St,Radford,Nottingham,01151565728,Alex_m1291@dfnmjco.uk
1292,Ms,Tania w1292,Oxford St,West Bridgford,Nottingham,01151611836,Tania_w1292@lcpcj.gov.uk
1293,Mr,Scott m1293,Hill St,Lenton Abbey,Nottingham,01151375664,Scott_m1293@rrqtb.net
1294,Ms,Chris w1294,Wharf St,Hyson Green,Nottingham,01151385586,Chris_w1294@nfhnv.org
1295,Mr,Chris m1295,Kent St,Lenton Abbey,Nottingham,01151133068,Chris_m1295@hpfegco.uk
1296,Ms,Hana w1296,Ring Rd,Lenton Abbey,Nottingham,01151390718,Hana_w1296@ngfksac.uk
1297,Mr,Peter m1297,King St,Radford,Nottingham,01151729870,Peter_m1297@zaslp.com
1298,Ms,Anna w1298,Queens Rd,Hyson Green,Nottingham,01151984643,Anna_w1298@ajvgsac.uk
1299,Mr,Smith m1299,Wharf St,Radford,Nottingham,01151254324,Smith_m1299@kbzwl.net
1300,Ms,Jane w1300,Victory St,Radford,Nottingham,01151685125,Jane_w1300@rfsze.net
1301,Mr,Peter m1301,Bond St,Hyson Green,Nottingham,01151340275,Peter_m1301@ahwvsac.uk
1302,Ms,Jane w1302,Queens Rd,Lenton Abbey,Nottingham,01151637299,Jane_w1302@nbqhoac.uk
1303,Mr,Brown m1303,Granby St,Lenton Abbey,Nottingham,01151278901,Brown_m1303@zonyz.org
1304,Ms,Luise w1304,Kent St,Hyson Green,Nottingham,01151594139,Luise_w1304@nabwn.sch.uk
1305,Mr,Zhou m1305,Hotel St,Hyson Green,Nottingham,01151778250,Zhou_m1305@fxmbp.gov.uk
1306,Ms,Lora w1306,Granby St,Beeston,Nottingham,01151183689,Lora_w1306@vdheo.sch.uk
1307,Mr,Brown m1307,Wharf St,Lenton Abbey,Nottingham,01151501729,Brown_m1307@nxoqdac.uk
1308,Ms,Pam w1308,Victory St,Lenton Abbey,Nottingham,01151445900,Pam_w1308@zcjzxac.uk
1309,Mr,Mohammad m1309,Granby St,Lenton Abbey,Nottingham,01151746472,Mohammad_m1309@camhb.org
1310,Ms,Jenny w1310,Wharf St,Lenton Abbey,Nottingham,01151136862,Jenny_w1310@ikrka.sch.uk
1311,Mr,Wilson m1311,Gateway St,Clifton,Nottingham,01151337188,Wilson_m1311@mwgdwco.uk
1312,Ms,Anna w1312,Welford Rd,West Bridgford,Nottingham,01151327395,Anna_w1312@ifbnqac.uk
1313,Mr,Brown m1313,Granby St,Beeston,Nottingham,01151556689,Brown_m1313@asmhtco.uk
1314,Ms,Jane w1314,Hill St,West Bridgford,Nottingham,01151019968,Jane_w1314@kexpnco.uk
1315,Mr,Smith m1315,Granby St,Beeston,Nottingham,01151411188,Smith_m1315@bupzxac.uk
1316,Ms,Mina w1316,Hill St,Hyson Green,Nottingham,01151346978,Mina_w1316@sxlgeac.uk
1317,Mr,Bush m1317,Queens Rd,Hyson Green,Nottingham,01151874914,Bush_m1317@vsjcl.org
1318,Ms,Sally w1318,Gateway St,Radford,Nottingham,01151158960,Sally_w1318@auhai.sch.uk
1319,Mr,Lee m1319,Gateway St,Radford,Nottingham,01151369121,Lee_m1319@bsvjt.sch.uk
1320,Ms,Anna w1320,Queens Rd,Lenton Abbey,Nottingham,01151390443,Anna_w1320@tfstn.net
1321,Mr,Simon m1321,Ring Rd,Lenton Abbey,Nottingham,01151802414,Simon_m1321@wgjolco.uk
1322,Ms,Lora w1322,Oxford St,Lenton Abbey,Nottingham,01151828222,Lora_w1322@lfbsx.sch.uk
1323,Mr,Mohammad m1323,Hotel St,Radford,Nottingham,01151001959,Mohammad_m1323@qbiqfco.uk
1324,Ms,Lily w1324,Oxford St,Clifton,Nottingham,01151598197,Lily_w1324@nhkki.org
1325,Mr,Clinton m1325,Bond St,Hyson Green,Nottingham,01151559075,Clinton_m1325@xubksac.uk
1326,Ms,Sally w1326,Victory St,Clifton,Nottingham,01151344873,Sally_w1326@gyfmxac.uk
1327,Mr,Matthew m1327,Kent St,Clifton,Nottingham,01151660898,Matthew_m1327@jyyae.gov.uk
1328,Ms,Victory w1328,London Rd,Lenton Abbey,Nottingham,01151831559,Victory_w1328@gqjgyco.uk
1329,Mr,Bush m1329,Granby St,Lenton Abbey,Nottingham,01151029010,Bush_m1329@hfhclco.uk
1330,Ms,Anna w1330,Kent St,Beeston,Nottingham,01151993327,Anna_w1330@cpqvy.sch.uk
1331,Mr,Alex m1331,Burton St,Beeston,Nottingham,01151091512,Alex_m1331@anjbe.net
1332,Ms,Diana w1332,Ring Rd,Beeston,Nottingham,01151942233,Diana_w1332@bodleco.uk
1333,Mr,Dean m1333,Bond St,Radford,Nottingham,01151920763,Dean_m1333@nueuj.net
1334,Ms,Luise w1334,Granby St,Beeston,Nottingham,01151990460,Luise_w1334@dtozl.sch.uk
1335,Mr,Lee m1335,Hill St,Hyson Green,Nottingham,01151037799,Lee_m1335@siwyp.gov.uk
1336,Ms,Lily w1336,Newton St,Beeston,Nottingham,01151461884,Lily_w1336@ohirjco.uk
1337,Mr,Yang m1337,King St,Clifton,Nottingham,01151123670,Yang_m1337@iibjv.net
1338,Ms,Victory w1338,Queens Rd,West Bridgford,Nottingham,01151675739,Victory_w1338@yuesa.org
1339,Mr,Clinton m1339,Hill St,Lenton Abbey,Nottingham,01151556076,Clinton_m1339@ufxdj.net
1340,Ms,Anna w1340,Burton St,Lenton Abbey,Nottingham,01151865378,Anna_w1340@wrqycac.uk
1341,Mr,Paco m1341,Welford Rd,Beeston,Nottingham,01151694419,Paco_m1341@wrbef.com
1342,Ms,Hana w1342,Burton St,Radford,Nottingham,01151566077,Hana_w1342@vbmqqco.uk
1343,Mr,Eric m1343,Welford Rd,Lenton Abbey,Nottingham,01151968062,Eric_m1343@njaxt.sch.uk
1344,Ms,Victory w1344,Hotel St,West Bridgford,Nottingham,01151304685,Victory_w1344@umilk.com
1345,Mr,Lee m1345,Gateway St,Beeston,Nottingham,01151584756,Lee_m1345@xhsvd.com
1346,Ms,Hana w1346,Newton St,West Bridgford,Nottingham,01151036640,Hana_w1346@ybobgco.uk
1347,Mr,Watson m1347,Burton St,Radford,Nottingham,01151030792,Watson_m1347@oupph.sch.uk
1348,Ms,Anna w1348,Ring Rd,Hyson Green,Nottingham,01151812596,Anna_w1348@dapaq.org
1349,Mr,Yang m1349,Wharf St,Beeston,Nottingham,01151185977,Yang_m1349@vsoir.sch.uk
1350,Ms,Diana w1350,Ring Rd,West Bridgford,Nottingham,01151725732,Diana_w1350@hsout.net
1351,Mr,Wilson m1351,Newton St,Beeston,Nottingham,01151075746,Wilson_m1351@nmmsc.net
1352,Ms,Hana w1352,Hotel St,Beeston,Nottingham,01151636534,Hana_w1352@bckpd.sch.uk
1353,Mr,Zhou m1353,King St,Beeston,Nottingham,01151140418,Zhou_m1353@fbauf.org
1354,Ms,Diana w1354,Queens Rd,Hyson Green,Nottingham,01151302025,Diana_w1354@ynxarco.uk
1355,Mr,Smith m1355,Kent St,Hyson Green,Nottingham,01151355244,Smith_m1355@rmvix.org
1356,Ms,Helen w1356,Kent St,Beeston,Nottingham,01151424399,Helen_w1356@wtmme.com
1357,Mr,David m1357,Granby St,Beeston,Nottingham,01151770960,David_m1357@ucgldac.uk
1358,Ms,Anna w1358,Victory St,Clifton,Nottingham,01151703538,Anna_w1358@nvemn.sch.uk
1359,Mr,Wood m1359,Bond St,Radford,Nottingham,01151205670,Wood_m1359@nihxa.net
1360,Ms,Jenny w1360,Bond St,West Bridgford,Nottingham,01151347849,Jenny_w1360@rwjii.net
1361,Mr,David m1361,Bond St,West Bridgford,Nottingham,01151937577,David_m1361@awkvf.sch.uk
1362,Ms,Diana w1362,Welford Rd,Radford,Nottingham,01151541912,Diana_w1362@eswko.net
1363,Mr,David m1363,Bond St,Beeston,Nottingham,01151810424,David_m1363@fdnbaac.uk
1364,Ms,Anna w1364,Oxford St,Radford,Nottingham,01151092208,Anna_w1364@bojor.net
1365,Mr,Dean m1365,Gateway St,Radford,Nottingham,01151729296,Dean_m1365@rggsvco.uk
1366,Ms,Mina w1366,Queens Rd,West Bridgford,Nottingham,01151294968,Mina_w1366@wzylg.net
1367,Mr,Wood m1367,Welford Rd,Clifton,Nottingham,01151621958,Wood_m1367@iyujf.sch.uk
1368,Ms,Mina w1368,Granby St,Radford,Nottingham,01151838676,Mina_w1368@wrynp.sch.uk
1369,Mr,Scott m1369,Welford Rd,Lenton Abbey,Nottingham,01151722386,Scott_m1369@gngfg.org
1370,Ms,Pam w1370,Bond St,Hyson Green,Nottingham,01151239343,Pam_w1370@ygbna.gov.uk
1371,Mr,Smith m1371,Gateway St,Radford,Nottingham,01151652167,Smith_m1371@jrbyd.sch.uk
1372,Ms,Lora w1372,Queens Rd,Hyson Green,Nottingham,01151497261,Lora_w1372@yaopjac.uk
1373,Mr,Peter m1373,Victory St,Clifton,Nottingham,01151791160,Peter_m1373@xawjzco.uk
1374,Ms,Anna w1374,Hotel St,Lenton Abbey,Nottingham,01151925332,Anna_w1374@wwook.com
1375,Mr,Simon m1375,Hill St,Lenton Abbey,Nottingham,01151227588,Simon_m1375@nfiaz.sch.uk
1376,Ms,Lily w1376,Granby St,Radford,Nottingham,01151271729,Lily_w1376@gyghgac.uk
1377,Mr,Lee m1377,Bond St,Hyson Green,Nottingham,01151395828,Lee_m1377@djwwp.org
1378,Ms,Hana w1378,Ring Rd,Hyson Green,Nottingham,01151901173,Hana_w1378@onvub.gov.uk
1379,Mr,Matthew m1379,Kent St,Beeston,Nottingham,01151222812,Matthew_m1379@qhcow.org
1380,Ms,Mina w1380,Hotel St,Lenton Abbey,Nottingham,01151303283,Mina_w1380@uiyld.sch.uk
1381,Mr,Chris m1381,Kent St,Beeston,Nottingham,01151767498,Chris_m1381@eccjvco.uk
1382,Ms,Hana w1382,Queens Rd,Hyson Green,Nottingham,01151991577,Hana_w1382@rewyw.gov.uk
1383,Mr,Wilson m1383,Ring Rd,Radford,Nottingham,01151227799,Wilson_m1383@kqddm.net
1384,Ms,Helen w1384,Wharf St,Hyson Green,Nottingham,01151995614,Helen_w1384@xbtqeac.uk
1385,Mr,Simon m1385,Wharf St,Radford,Nottingham,01151832344,Simon_m1385@pbvqa.net
1386,Ms,Ann w1386,Burton St,Clifton,Nottingham,01151280049,Ann_w1386@zxyjtco.uk
1387,Mr,Simon m1387,Hill St,Lenton Abbey,Nottingham,01151715569,Simon_m1387@benbg.org
1388,Ms,Jenny w1388,Wharf St,Lenton Abbey,Nottingham,01151716845,Jenny_w1388@afhzpac.uk
1389,Mr,Watson m1389,King St,West Bridgford,Nottingham,01151721495,Watson_m1389@ltbevac.uk
1390,Ms,Anna w1390,Burton St,Lenton Abbey,Nottingham,01151869458,Anna_w1390@foyhn.com
1391,Mr,Wilson m1391,Welford Rd,Beeston,Nottingham,01151842354,Wilson_m1391@ljebuac.uk
1392,Ms,Ann w1392,London Rd,West Bridgford,Nottingham,01151844601,Ann_w1392@wbnoq.sch.uk
1393,Mr,Bush m1393,Kent St,Hyson Green,Nottingham,01151360212,Bush_m1393@gggij.net
1394,Ms,Anna w1394,Hotel St,Beeston,Nottingham,01151330583,Anna_w1394@wrpmhac.uk
1395,Mr,Yang m1395,Oxford St,West Bridgford,Nottingham,01151846452,Yang_m1395@crfkb.gov.uk
1396,Ms,Helen w1396,Hotel St,Clifton,Nottingham,01151131799,Helen_w1396@zniqq.gov.uk
1397,Mr,Mohammad m1397,Ring Rd,Clifton,Nottingham,01151175446,Mohammad_m1397@apgts.net
1398,Ms,Ann w1398,Victory St,Lenton Abbey,Nottingham,01151499192,Ann_w1398@kwurdac.uk
1399,Mr,Liu m1399,Welford Rd,Radford,Nottingham,01151796108,Liu_m1399@sfsfjac.uk
1400,Ms,Ann w1400,Oxford St,Lenton Abbey,Nottingham,01151584211,Ann_w1400@njdcd.org
1401,Mr,Smith m1401,Granby St,Beeston,Nottingham,01151529396,Smith_m1401@scqgr.gov.uk
1402,Ms,Hana w1402,Oxford St,Beeston,Nottingham,01151479978,Hana_w1402@paiie.net
1403,Mr,Wood m1403,Oxford St,Radford,Nottingham,01151727755,Wood_m1403@rltbc.gov.uk
1404,Ms,Lora w1404,Oxford St,West Bridgford,Nottingham,01151736794,Lora_w1404@vrcbl.com
1405,Mr,Alex m1405,King St,Hyson Green,Nottingham,01151565900,Alex_m1405@xlrcdac.uk
1406,Ms,Ann w1406,Ring Rd,Beeston,Nottingham,01151730117,Ann_w1406@tkmop.net
1407,Mr,Lee m1407,London Rd,Hyson Green,Nottingham,01151102136,Lee_m1407@fsyvjac.uk
1408,Ms,Ann w1408,Granby St,Beeston,Nottingham,01151347768,Ann_w1408@mcoaf.sch.uk
1409,Mr,Watson m1409,Hotel St,Clifton,Nottingham,01151019597,Watson_m1409@lrotu.net
1410,Ms,Anna w1410,Burton St,Beeston,Nottingham,01151366972,Anna_w1410@ebxrdco.uk
1411,Mr,Smith m1411,Oxford St,Beeston,Nottingham,01151580988,Smith_m1411@abgwi.gov.uk
1412,Ms,Lily w1412,Hotel St,West Bridgford,Nottingham,01151239535,Lily_w1412@tzobw.net
1413,Mr,William m1413,Bond St,Radford,Nottingham,01151502492,William_m1413@llajj.sch.uk
1414,Ms,Ann w1414,Gateway St,Beeston,Nottingham,01151688244,Ann_w1414@fxqpd.sch.uk
1415,Mr,Wilson m1415,Kent St,Radford,Nottingham,01151750751,Wilson_m1415@rsdih.net
1416,Ms,Hana w1416,Wharf St,West Bridgford,Nottingham,01151268604,Hana_w1416@zqphm.org
1417,Mr,David m1417,Victory St,Clifton,Nottingham,01151725825,David_m1417@koofyco.uk
1418,Ms,Chris w1418,Ring Rd,Lenton Abbey,Nottingham,01151232956,Chris_w1418@ishtwco.uk
1419,Mr,Chris m1419,Granby St,Beeston,Nottingham,01151247559,Chris_m1419@vkfpx.org
1420,Ms,Lily w1420,Queens Rd,Hyson Green,Nottingham,01151060430,Lily_w1420@lyxvwac.uk
1421,Mr,Zhou m1421,King St,Beeston,Nottingham,01151352437,Zhou_m1421@qixqt.gov.uk
1422,Ms,Chris w1422,Gateway St,Beeston,Nottingham,01151209469,Chris_w1422@icvsuco.uk
1423,Mr,Mohammad m1423,Oxford St,Lenton Abbey,Nottingham,01151180603,Mohammad_m1423@jhbrt.com
1424,Ms,Diana w1424,Queens Rd,West Bridgford,Nottingham,01151496612,Diana_w1424@nrxpaco.uk
1425,Mr,Liu m1425,Hill St,Hyson Green,Nottingham,01151943995,Liu_m1425@mhavwac.uk
1426,Ms,Sally w1426,Hotel St,Hyson Green,Nottingham,01151846089,Sally_w1426@bmdqe.sch.uk
1427,Mr,Dean m1427,Victory St,Beeston,Nottingham,01151447585,Dean_m1427@ugjnh.sch.uk
1428,Ms,Pam w1428,Hill St,Clifton,Nottingham,01151871462,Pam_w1428@qaenhac.uk
1429,Mr,David m1429,Oxford St,Beeston,Nottingham,01151514733,David_m1429@cwpup.org
1430,Ms,Jenny w1430,Wharf St,Radford,Nottingham,01151350316,Jenny_w1430@hwqeq.org
1431,Mr,Watson m1431,Oxford St,Lenton Abbey,Nottingham,01151173400,Watson_m1431@sxlpe.org
1432,Ms,Helen w1432,King St,Beeston,Nottingham,01151825285,Helen_w1432@zhcip.org
1433,Mr,Peter m1433,London Rd,Beeston,Nottingham,01151370004,Peter_m1433@ggwah.net
1434,Ms,Victory w1434,Wharf St,Lenton Abbey,Nottingham,01151202578,Victory_w1434@eesdt.sch.uk
1435,Mr,Matthew m1435,Bond St,Beeston,Nottingham,01151071128,Matthew_m1435@cqapv.net
1436,Ms,Ann w1436,Hill St,Radford,Nottingham,01151195381,Ann_w1436@gcaol.net
1437,Mr,Matthew m1437,Wharf St,Lenton Abbey,Nottingham,01151452881,Matthew_m1437@vltaj.sch.uk
1438,Ms,Jane w1438,Oxford St,Beeston,Nottingham,01151866035,Jane_w1438@vfyee.net
1439,Mr,Yang m1439,Ring Rd,Hyson Green,Nottingham,01151549553,Yang_m1439@rigmk.com
1440,Ms,Ann w1440,King St,Lenton Abbey,Nottingham,01151254140,Ann_w1440@xdzsi.gov.uk
1441,Mr,Simon m1441,London Rd,Clifton,Nottingham,01151754747,Simon_m1441@faipo.gov.uk
1442,Ms,Mina w1442,Wharf St,Beeston,Nottingham,01151546663,Mina_w1442@snhtq.net
1443,Mr,Yang m1443,Ring Rd,Lenton Abbey,Nottingham,01151222259,Yang_m1443@ggmsl.sch.uk
1444,Ms,Jenny w1444,Oxford St,Clifton,Nottingham,01151916453,Jenny_w1444@copnsac.uk
1445,Mr,Simon m1445,Bond St,Radford,Nottingham,01151874311,Simon_m1445@uekyuac.uk
1446,Ms,Helen w1446,Queens Rd,Hyson Green,Nottingham,01151026043,Helen_w1446@tcsjbac.uk
1447,Mr,Paco m1447,Queens Rd,Lenton Abbey,Nottingham,01151778105,Paco_m1447@cvail.sch.uk
1448,Ms,Jenny w1448,Kent St,Radford,Nottingham,01151800634,Jenny_w1448@hzkjaco.uk
1449,Mr,Brown m1449,Burton St,Clifton,Nottingham,01151981570,Brown_m1449@wlcnuco.uk
1450,Ms,Chris w1450,Oxford St,Hyson Green,Nottingham,01151413795,Chris_w1450@pkrny.org
1451,Mr,David m1451,King St,West Bridgford,Nottingham,01151214641,David_m1451@givtyac.uk
1452,Ms,Anna w1452,Welford Rd,Lenton Abbey,Nottingham,01151217481,Anna_w1452@dsrwf.com
1453,Mr,Wood m1453,Gateway St,Lenton Abbey,Nottingham,01151436365,Wood_m1453@tqjif.net
1454,Ms,Helen w1454,Victory St,Radford,Nottingham,01151773203,Helen_w1454@qight.com
1455,Mr,David m1455,Oxford St,Beeston,Nottingham,01151523726,David_m1455@wklxq.net
1456,Ms,Victory w1456,Gateway St,Radford,Nottingham,01151997938,Victory_w1456@bppktac.uk
1457,Mr,Scott m1457,Victory St,Lenton Abbey,Nottingham,01151031122,Scott_m1457@enoyr.org
1458,Ms,Sally w1458,Bond St,Beeston,Nottingham,01151114306,Sally_w1458@ygnqm.org
1459,Mr,Lee m1459,Hill St,West Bridgford,Nottingham,01151278275,Lee_m1459@nvzheac.uk
1460,Ms,Helen w1460,Gateway St,Clifton,Nottingham,01151719972,Helen_w1460@mmnzf.org
1461,Mr,Liu m1461,King St,Lenton Abbey,Nottingham,01151812414,Liu_m1461@yxflt.org
1462,Ms,Anna w1462,Victory St,Beeston,Nottingham,01151317924,Anna_w1462@tzcgy.org
1463,Mr,Matthew m1463,Gateway St,Hyson Green,Nottingham,01151858175,Matthew_m1463@qdxfr.sch.uk
1464,Ms,Lora w1464,Kent St,Beeston,Nottingham,01151519636,Lora_w1464@pzipiac.uk
1465,Mr,Wilson m1465,King St,Lenton Abbey,Nottingham,01151772232,Wilson_m1465@ltyroac.uk
1466,Ms,Hana w1466,Hill St,Radford,Nottingham,01151737874,Hana_w1466@yocqk.org
1467,Mr,Bush m1467,Welford Rd,Hyson Green,Nottingham,01151249167,Bush_m1467@hghooco.uk
1468,Ms,Anna w1468,Ring Rd,Radford,Nottingham,01151294951,Anna_w1468@uftay.net
1469,Mr,Lee m1469,London Rd,Hyson Green,Nottingham,01151154628,Lee_m1469@zcmcj.net
1470,Ms,Diana w1470,Wharf St,Radford,Nottingham,01151142776,Diana_w1470@nqfirco.uk
1471,Mr,Ben m1471,Granby St,Radford,Nottingham,01151955818,Ben_m1471@kbwpu.org
1472,Ms,Chris w1472,London Rd,West Bridgford,Nottingham,01151641694,Chris_w1472@uroadco.uk
1473,Mr,Clinton m1473,Ring Rd,Hyson Green,Nottingham,01151311211,Clinton_m1473@fcclv.com
1474,Ms,Mina w1474,Bond St,Radford,Nottingham,01151811779,Mina_w1474@kijke.net
1475,Mr,Paco m1475,Granby St,Hyson Green,Nottingham,01151944442,Paco_m1475@thfnc.sch.uk
1476,Ms,Ann w1476,Queens Rd,West Bridgford,Nottingham,01151856693,Ann_w1476@iukoi.sch.uk
1477,Mr,Eric m1477,Ring Rd,Lenton Abbey,Nottingham,01151569211,Eric_m1477@cxxld.org
1478,Ms,Chris w1478,Welford Rd,Hyson Green,Nottingham,01151606693,Chris_w1478@ukyus.org
1479,Mr,Scott m1479,Welford Rd,Beeston,Nottingham,01151023340,Scott_m1479@tltyb.net
1480,Ms,Mina w1480,Oxford St,Radford,Nottingham,01151173916,Mina_w1480@zqyidac.uk
1481,Mr,Matthew m1481,Burton St,Clifton,Nottingham,01151545701,Matthew_m1481@bpsmr.sch.uk
1482,Ms,Sally w1482,Newton St,Beeston,Nottingham,01151306591,Sally_w1482@uxeyf.org
1483,Mr,Zhou m1483,Newton St,Lenton Abbey,Nottingham,01151288845,Zhou_m1483@tblin.sch.uk
1484,Ms,Tania w1484,Ring Rd,Hyson Green,Nottingham,01151835163,Tania_w1484@ljsds.org
1485,Mr,Zhou m1485,Welford Rd,West Bridgford,Nottingham,01151133799,Zhou_m1485@jickj.org
1486,Ms,Helen w1486,Hill St,Beeston,Nottingham,01151120198,Helen_w1486@goijdac.uk
1487,Mr,Watson m1487,Victory St,Lenton Abbey,Nottingham,01151299514,Watson_m1487@ezvtq.gov.uk
1488,Ms,Helen w1488,Welford Rd,Lenton Abbey,Nottingham,01151707388,Helen_w1488@pdqdxac.uk
1489,Mr,Lee m1489,Kent St,Lenton Abbey,Nottingham,01151076220,Lee_m1489@cdzea.org
1490,Ms,Hana w1490,Hotel St,Beeston,Nottingham,01151953516,Hana_w1490@jtzod.net
1491,Mr,Lee m1491,Ring Rd,Beeston,Nottingham,01151719462,Lee_m1491@wkuep.com
1492,Ms,Luise w1492,Wharf St,Hyson Green,Nottingham,01151382965,Luise_w1492@nlyrh.net
1493,Mr,Wood m1493,Welford Rd,Radford,Nottingham,01151018366,Wood_m1493@jlnivac.uk
1494,Ms,Diana w1494,Ring Rd,West Bridgford,Nottingham,01151314230,Diana_w1494@olrcwco.uk
1495,Mr,Mohammad m1495,Granby St,Beeston,Nottingham,01151181620,Mohammad_m1495@vdvgh.net
1496,Ms,Victory w1496,Burton St,Beeston,Nottingham,01151182278,Victory_w1496@pzmafco.uk
1497,Mr,William m1497,Gateway St,Beeston,Nottingham,01151109690,William_m1497@lbvsz.net
1498,Ms,Mina w1498,Victory St,Radford,Nottingham,01151143613,Mina_w1498@daexlco.uk
1499,Mr,Scott m1499,Victory St,Hyson Green,Nottingham,01151581197,Scott_m1499@gbhyw.org
1500,Ms,Anna w1500,Granby St,Radford,Nottingham,01151160708,Anna_w1500@meafcco.uk
1501,Mr,Chris m1501,Kent St,Lenton Abbey,Nottingham,01151681640,Chris_m1501@fmbxy.gov.uk
1502,Ms,Diana w1502,Oxford St,Clifton,Nottingham,01151495897,Diana_w1502@vyrox.net
1503,Mr,Matthew m1503,Oxford St,Beeston,Nottingham,01151255552,Matthew_m1503@qekdj.net
1504,Ms,Jane w1504,Kent St,Hyson Green,Nottingham,01151576057,Jane_w1504@jvzpi.sch.uk
1505,Mr,Alex m1505,Oxford St,Clifton,Nottingham,01151730619,Alex_m1505@rdzinco.uk
1506,Ms,Pam w1506,Bond St,Hyson Green,Nottingham,01151288796,Pam_w1506@aepfd.sch.uk
1507,Mr,Bush m1507,Welford Rd,Hyson Green,Nottingham,01151590328,Bush_m1507@sksjoac.uk
1508,Ms,Hana w1508,Ring Rd,Lenton Abbey,Nottingham,01151447440,Hana_w1508@xfmcu.net
1509,Mr,Wilson m1509,Oxford St,Lenton Abbey,Nottingham,01151384028,Wilson_m1509@sgktnco.uk
1510,Ms,Luise w1510,London Rd,Radford,Nottingham,01151583043,Luise_w1510@xkrdf.gov.uk
1511,Mr,Yang m1511,King St,Hyson Green,Nottingham,01151875105,Yang_m1511@sbqtk.com
1512,Ms,Lora w1512,Gateway St,Hyson Green,Nottingham,01151262734,Lora_w1512@ouwtl.com
1513,Mr,Lee m1513,Queens Rd,Hyson Green,Nottingham,01151444777,Lee_m1513@rprun.sch.uk
1514,Ms,Helen w1514,Newton St,Hyson Green,Nottingham,01151969893,Helen_w1514@mkpwx.org
1515,Mr,Watson m1515,Hotel St,Beeston,Nottingham,01151093539,Watson_m1515@wrjiyac.uk
1516,Ms,Luise w1516,Ring Rd,West Bridgford,Nottingham,01151808663,Luise_w1516@cbhkcac.uk
1517,Mr,Matthew m1517,Oxford St,Radford,Nottingham,01151062500,Matthew_m1517@rfvixac.uk
1518,Ms,Lora w1518,King St,West Bridgford,Nottingham,01151843660,Lora_w1518@vjryy.gov.uk
1519,Mr,Alex m1519,Oxford St,Lenton Abbey,Nottingham,01151716713,Alex_m1519@adlyzco.uk
1520,Ms,Jenny w1520,King St,Radford,Nottingham,01151424798,Jenny_w1520@wxndt.org
1521,Mr,Wood m1521,Burton St,Hyson Green,Nottingham,01151981943,Wood_m1521@zjuiaco.uk
1522,Ms,Jenny w1522,Wharf St,Beeston,Nottingham,01151358367,Jenny_w1522@adrjs.net
1523,Mr,Smith m1523,Queens Rd,Clifton,Nottingham,01151636857,Smith_m1523@upeyp.net
1524,Ms,Diana w1524,Bond St,Radford,Nottingham,01151302373,Diana_w1524@jyudoco.uk
1525,Mr,Bush m1525,London Rd,West Bridgford,Nottingham,01151495516,Bush_m1525@ywzsy.net
1526,Ms,Lora w1526,Queens Rd,Clifton,Nottingham,01151083162,Lora_w1526@wdgnx.sch.uk
1527,Mr,Ben m1527,Ring Rd,Beeston,Nottingham,01151806841,Ben_m1527@dcbxuco.uk
1528,Ms,Anna w1528,Bond St,Beeston,Nottingham,01151313697,Anna_w1528@jehzv.com
1529,Mr,Yang m1529,Gateway St,West Bridgford,Nottingham,01151160506,Yang_m1529@entxiac.uk
1530,Ms,Luise w1530,Welford Rd,West Bridgford,Nottingham,01151558620,Luise_w1530@abwqe.org
1531,Mr,Simon m1531,Bond St,Beeston,Nottingham,01151404008,Simon_m1531@vvhngac.uk
1532,Ms,Sally w1532,Gateway St,Clifton,Nottingham,01151596521,Sally_w1532@zkneo.org
1533,Mr,Peter m1533,Burton St,Hyson Green,Nottingham,01151020290,Peter_m1533@jdniq.gov.uk
1534,Ms,Jenny w1534,Hotel St,Lenton Abbey,Nottingham,01151308793,Jenny_w1534@gvljiac.uk
1535,Mr,Matthew m1535,Welford Rd,Beeston,Nottingham,01151286840,Matthew_m1535@tjhbbac.uk
1536,Ms,Chris w1536,Ring Rd,Lenton Abbey,Nottingham,01151150256,Chris_w1536@kultcac.uk
1537,Mr,Wood m1537,Hill St,Radford,Nottingham,01151777417,Wood_m1537@rrhwtco.uk
1538,Ms,Lora w1538,Victory St,Radford,Nottingham,01151635274,Lora_w1538@urowx.sch.uk
1539,Mr,Chris m1539,Queens Rd,Radford,Nottingham,01151501381,Chris_m1539@vshoz.sch.uk
1540,Ms,Pam w1540,Welford Rd,Radford,Nottingham,01151216036,Pam_w1540@wxicy.sch.uk
1541,Mr,Bush m1541,Victory St,Beeston,Nottingham,01151735924,Bush_m1541@isjrh.org
1542,Ms,Jenny w1542,Bond St,Hyson Green,Nottingham,01151920370,Jenny_w1542@pnjdy.org
1543,Mr,Smith m1543,Hill St,West Bridgford,Nottingham,01151058915,Smith_m1543@ytnep.sch.uk
1544,Ms,Victory w1544,Kent St,West Bridgford,Nottingham,01151072066,Victory_w1544@ohpukco.uk
1545,Mr,David m1545,King St,Beeston,Nottingham,01151780188,David_m1545@rhudq.gov.uk
1546,Ms,Jane w1546,King St,Beeston,Nottingham,01151744821,Jane_w1546@zykkx.net
1547,Mr,Wood m1547,Hotel St,Beeston,Nottingham,01151501483,Wood_m1547@jarxb.com
1548,Ms,Chris w1548,Ring Rd,Radford,Nottingham,01151786324,Chris_w1548@eblre.gov.uk
1549,Mr,Mohammad m1549,King St,Radford,Nottingham,01151812481,Mohammad_m1549@tkwaf.sch.uk
1550,Ms,Chris w1550,Bond St,Hyson Green,Nottingham,01151327364,Chris_w1550@furwv.gov.uk
1551,Mr,Wilson m1551,King St,Radford,Nottingham,01151151764,Wilson_m1551@fwehbco.uk
1552,Ms,Diana w1552,Gateway St,Lenton Abbey,Nottingham,01151534479,Diana_w1552@mftbp.com
1553,Mr,David m1553,Hotel St,Lenton Abbey,Nottingham,01151085919,David_m1553@ecmvo.sch.uk
1554,Ms,Pam w1554,Queens Rd,Hyson Green,Nottingham,01151238183,Pam_w1554@rwptg.org
1555,Mr,Ben m1555,Burton St,Beeston,Nottingham,01151588443,Ben_m1555@qnitf.sch.uk
1556,Ms,Jenny w1556,Welford Rd,Lenton Abbey,Nottingham,01151558929,Jenny_w1556@ggbvj.sch.uk
1557,Mr,David m1557,Gateway St,Radford,Nottingham,01151024842,David_m1557@uflcb.org
1558,Ms,Sally w1558,Hill St,Lenton Abbey,Nottingham,01151765827,Sally_w1558@gvedy.net
1559,Mr,Simon m1559,Hotel St,Radford,Nottingham,01151159349,Simon_m1559@tyiiy.org
1560,Ms,Lily w1560,Hill St,Hyson Green,Nottingham,01151403683,Lily_w1560@gvjbyco.uk
1561,Mr,Wood m1561,Wharf St,Hyson Green,Nottingham,01151289375,Wood_m1561@saotw.net
1562,Ms,Pam w1562,Gateway St,Beeston,Nottingham,01151088039,Pam_w1562@iqbgvco.uk
2049,Mr,Matthew m2049,Granby St,Radford,Nottingham,01151938462,Matthew_m2049@eemqu.sch.uk
2050,Ms,Jane w2050,Queens Rd,Radford,Nottingham,01151617464,Jane_w2050@sqhxyac.uk
2051,Mr,David m2051,Hotel St,Hyson Green,Nottingham,01151802949,David_m2051@ujlaqco.uk
2052,Ms,Tania w2052,Newton St,Clifton,Nottingham,01151521078,Tania_w2052@hnkce.gov.uk
2053,Mr,Eric m2053,Newton St,Lenton Abbey,Nottingham,01151677078,Eric_m2053@zsthw.net
2054,Ms,Lora w2054,Ring Rd,Beeston,Nottingham,01151801559,Lora_w2054@wbgna.org
2055,Mr,Matthew m2055,Ring Rd,Beeston,Nottingham,01151048952,Matthew_m2055@gsojiac.uk
2056,Ms,Lora w2056,Victory St,Lenton Abbey,Nottingham,01151310430,Lora_w2056@dxwse.org
2057,Mr,Yang m2057,King St,West Bridgford,Nottingham,01151017411,Yang_m2057@mkgkh.sch.uk
2058,Ms,Helen w2058,Newton St,Hyson Green,Nottingham,01151718160,Helen_w2058@lbsxj.net
2059,Mr,Yang m2059,Oxford St,West Bridgford,Nottingham,01151002600,Yang_m2059@sbnfh.net
2060,Ms,Anna w2060,Bond St,Hyson Green,Nottingham,01151339214,Anna_w2060@dgokj.sch.uk
2061,Mr,Dean m2061,Granby St,Radford,Nottingham,01151967188,Dean_m2061@udqizco.uk
2062,Ms,Hana w2062,Wharf St,Beeston,Nottingham,01151712107,Hana_w2062@gblks.net
2063,Mr,Simon m2063,Ring Rd,Radford,Nottingham,01151620072,Simon_m2063@mdmgzac.uk
2064,Ms,Chris w2064,Granby St,Hyson Green,Nottingham,01151495985,Chris_w2064@jetxc.net
2065,Mr,Liu m2065,Oxford St,Beeston,Nottingham,01151988931,Liu_m2065@vdmao.net
2066,Ms,Jane w2066,Ring Rd,West Bridgford,Nottingham,01151743970,Jane_w2066@oaugo.sch.uk
2067,Mr,Liu m2067,Queens Rd,Radford,Nottingham,01151158778,Liu_m2067@qdksi.com
2068,Ms,Jenny w2068,Burton St,Lenton Abbey,Nottingham,01151888445,Jenny_w2068@urcjp.com
2069,Mr,Dean m2069,Bond St,Clifton,Nottingham,01151493952,Dean_m2069@wzgjs.gov.uk
2070,Ms,Jenny w2070,Hotel St,Beeston,Nottingham,01151803371,Jenny_w2070@cygvuac.uk
2071,Mr,Chris m2071,Kent St,Clifton,Nottingham,01151382458,Chris_m2071@whdkm.com
2072,Ms,Pam w2072,Bond St,Radford,Nottingham,01151600479,Pam_w2072@nzwty.sch.uk
2073,Mr,Clinton m2073,Wharf St,Hyson Green,Nottingham,01151335867,Clinton_m2073@blmltac.uk
2074,Ms,Jane w2074,Burton St,Clifton,Nottingham,01151739239,Jane_w2074@taxvk.org
2075,Mr,Zhou m2075,Kent St,Radford,Nottingham,01151471679,Zhou_m2075@byysaco.uk
2076,Ms,Sally w2076,Newton St,Lenton Abbey,Nottingham,01151649852,Sally_w2076@ijkxzco.uk
2077,Mr,Bush m2077,Burton St,Lenton Abbey,Nottingham,01151670796,Bush_m2077@rwmaq.net
2078,Ms,Jenny w2078,Hill St,Lenton Abbey,Nottingham,01151655189,Jenny_w2078@ffggt.net
2079,Mr,Smith m2079,Kent St,Clifton,Nottingham,01151681461,Smith_m2079@nsjzcac.uk
2080,Ms,Diana w2080,Granby St,Lenton Abbey,Nottingham,01151861379,Diana_w2080@kdxle.org
2081,Mr,Smith m2081,Hotel St,Radford,Nottingham,01151791385,Smith_m2081@jafhgco.uk
2082,Ms,Pam w2082,Victory St,Lenton Abbey,Nottingham,01151809327,Pam_w2082@zgmcq.sch.uk
2083,Mr,Yang m2083,Hill St,West Bridgford,Nottingham,01151508336,Yang_m2083@xbskt.com
2084,Ms,Luise w2084,Hill St,Radford,Nottingham,01151108572,Luise_w2084@gvzxx.org
2085,Mr,Matthew m2085,Hotel St,Beeston,Nottingham,01151276383,Matthew_m2085@wejahco.uk
2086,Ms,Sally w2086,Ring Rd,Beeston,Nottingham,01151939569,Sally_w2086@hnvyg.net
2087,Mr,David m2087,Wharf St,Hyson Green,Nottingham,01151897176,David_m2087@gggdy.sch.uk
2088,Ms,Hana w2088,Queens Rd,Beeston,Nottingham,01151208588,Hana_w2088@ubacg.sch.uk
2089,Mr,Watson m2089,Ring Rd,Radford,Nottingham,01151781160,Watson_m2089@eyklq.sch.uk
2090,Ms,Jenny w2090,King St,Beeston,Nottingham,01151732823,Jenny_w2090@eqssf.org
2091,Mr,Scott m2091,London Rd,Hyson Green,Nottingham,01151815632,Scott_m2091@ezgrrco.uk
2092,Ms,Jenny w2092,Ring Rd,Lenton Abbey,Nottingham,01151915628,Jenny_w2092@gugli.com
2093,Mr,Dean m2093,King St,Radford,Nottingham,01151617195,Dean_m2093@scviw.net
2094,Ms,Sally w2094,Granby St,Hyson Green,Nottingham,01151519624,Sally_w2094@dfaqi.net
2095,Mr,Liu m2095,Kent St,Clifton,Nottingham,01151902717,Liu_m2095@zxoqc.sch.uk
2096,Ms,Hana w2096,Hotel St,Beeston,Nottingham,01151048538,Hana_w2096@mthnp.org
2097,Mr,Dean m2097,Newton St,Hyson Green,Nottingham,01151265806,Dean_m2097@leuhh.sch.uk
2098,Ms,Jane w2098,Gateway St,Hyson Green,Nottingham,01151589566,Jane_w2098@kdbnw.org
2099,Mr,Yang m2099,Victory St,Clifton,Nottingham,01151131531,Yang_m2099@fotbo.gov.uk
2100,Ms,Lora w2100,Ring Rd,Clifton,Nottingham,01151932567,Lora_w2100@hulej.net
2101,Mr,Simon m2101,Bond St,Lenton Abbey,Nottingham,01151787461,Simon_m2101@epmsq.sch.uk
2102,Ms,Luise w2102,Hill St,Hyson Green,Nottingham,01151074078,Luise_w2102@wzhiz.org
2103,Mr,Mohammad m2103,Wharf St,Lenton Abbey,Nottingham,01151310357,Mohammad_m2103@nbzkxco.uk
2104,Ms,Luise w2104,Queens Rd,Radford,Nottingham,01151839131,Luise_w2104@zotplco.uk
2105,Mr,Liu m2105,Burton St,Lenton Abbey,Nottingham,01151611026,Liu_m2105@dwhwhac.uk
2106,Ms,Ann w2106,King St,Radford,Nottingham,01151569169,Ann_w2106@rhezc.org
2107,Mr,Simon m2107,Gateway St,Hyson Green,Nottingham,01151391248,Simon_m2107@skvvx.org
2108,Ms,Mina w2108,Kent St,Lenton Abbey,Nottingham,01151642486,Mina_w2108@aajpf.org
2109,Mr,Peter m2109,Bond St,Beeston,Nottingham,01151053074,Peter_m2109@zpnfz.sch.uk
2110,Ms,Diana w2110,Gateway St,Beeston,Nottingham,01151794591,Diana_w2110@cqiri.sch.uk
2111,Mr,David m2111,Hill St,Clifton,Nottingham,01151264461,David_m2111@gkfac.org
2112,Ms,Jenny w2112,Queens Rd,Radford,Nottingham,01151226911,Jenny_w2112@qscez.org
2113,Mr,David m2113,Welford Rd,Hyson Green,Nottingham,01151290967,David_m2113@ercso.net
2114,Ms,Diana w2114,Oxford St,Beeston,Nottingham,01151156200,Diana_w2114@ntgyaac.uk
2115,Mr,Lee m2115,Gateway St,Radford,Nottingham,01151876998,Lee_m2115@xyjgwac.uk
2116,Ms,Luise w2116,Welford Rd,Hyson Green,Nottingham,01151849630,Luise_w2116@wxllw.gov.uk
2117,Mr,Peter m2117,Hotel St,Beeston,Nottingham,01151372501,Peter_m2117@cpuqa.org
2118,Ms,Pam w2118,Victory St,Beeston,Nottingham,01151771650,Pam_w2118@uxkzjac.uk
2119,Mr,Matthew m2119,Wharf St,Hyson Green,Nottingham,01151126119,Matthew_m2119@lsmxe.net
2120,Ms,Mina w2120,Bond St,Clifton,Nottingham,01151906790,Mina_w2120@avafy.net
2121,Mr,Simon m2121,Oxford St,Hyson Green,Nottingham,01151429406,Simon_m2121@mtscg.org
2122,Ms,Ann w2122,King St,Lenton Abbey,Nottingham,01151591256,Ann_w2122@vgjkp.gov.uk
2123,Mr,Watson m2123,Queens Rd,Radford,Nottingham,01151333976,Watson_m2123@qjcbt.sch.uk
2124,Ms,Diana w2124,Bond St,West Bridgford,Nottingham,01151270386,Diana_w2124@ipnboco.uk
2125,Mr,Smith m2125,Ring Rd,Lenton Abbey,Nottingham,01151276964,Smith_m2125@zbwav.org
2126,Ms,Hana w2126,Victory St,Radford,Nottingham,01151708565,Hana_w2126@spntn.gov.uk
2127,Mr,Clinton m2127,Gateway St,Beeston,Nottingham,01151958251,Clinton_m2127@iaikn.sch.uk
2128,Ms,Hana w2128,Queens Rd,Lenton Abbey,Nottingham,01151318015,Hana_w2128@bwpdv.sch.uk
2129,Mr,Zhou m2129,London Rd,Lenton Abbey,Nottingham,01151342495,Zhou_m2129@tidcgco.uk
2130,Ms,Jenny w2130,Victory St,Beeston,Nottingham,01151993378,Jenny_w2130@wboov.net
2131,Mr,Ben m2131,Granby St,Hyson Green,Nottingham,01151516911,Ben_m2131@qqddb.sch.uk
2132,Ms,Hana w2132,Wharf St,Hyson Green,Nottingham,01151647352,Hana_w2132@jktljac.uk
2133,Mr,Simon m2133,Welford Rd,Radford,Nottingham,01151674389,Simon_m2133@puzcv.net
2134,Ms,Chris w2134,Queens Rd,Lenton Abbey,Nottingham,01151906160,Chris_w2134@hnise.gov.uk
2135,Mr,Brown m2135,Bond St,Hyson Green,Nottingham,01151780187,Brown_m2135@lhmfz.sch.uk
2136,Ms,Lily w2136,Oxford St,Clifton,Nottingham,01151670643,Lily_w2136@opqheco.uk
2137,Mr,David m2137,Kent St,Clifton,Nottingham,01151404694,David_m2137@elmnz.net
2138,Ms,Lily w2138,Burton St,West Bridgford,Nottingham,01151640389,Lily_w2138@zrgqf.net
2139,Mr,Mohammad m2139,Gateway St,West Bridgford,Nottingham,01151147168,Mohammad_m2139@crcpk.sch.uk
2140,Ms,Chris w2140,Oxford St,Beeston,Nottingham,01151042340,Chris_w2140@zxzdl.org
2141,Mr,Mohammad m2141,Kent St,Beeston,Nottingham,01151984271,Mohammad_m2141@itocpco.uk
2142,Ms,Jane w2142,Welford Rd,Lenton Abbey,Nottingham,01151261546,Jane_w2142@znalx.net
2143,Mr,William m2143,Gateway St,Lenton Abbey,Nottingham,01151249465,William_m2143@ukbnu.sch.uk
2144,Ms,Lily w2144,Wharf St,West Bridgford,Nottingham,01151791689,Lily_w2144@moauv.net
2145,Mr,David m2145,Newton St,Clifton,Nottingham,01151133484,David_m2145@rumhd.com
2146,Ms,Lora w2146,Wharf St,Lenton Abbey,Nottingham,01151029953,Lora_w2146@vaonf.sch.uk
2147,Mr,Mohammad m2147,Hotel St,Beeston,Nottingham,01151075569,Mohammad_m2147@peusm.com
2148,Ms,Anna w2148,Hotel St,Beeston,Nottingham,01151452113,Anna_w2148@pfget.net
2149,Mr,David m2149,Welford Rd,Radford,Nottingham,01151523875,David_m2149@fgonh.gov.uk
2150,Ms,Jenny w2150,London Rd,Radford,Nottingham,01151308945,Jenny_w2150@yuenfco.uk
2151,Mr,Wilson m2151,Gateway St,Hyson Green,Nottingham,01151759240,Wilson_m2151@secme.org
2152,Ms,Lily w2152,London Rd,Beeston,Nottingham,01151124980,Lily_w2152@gvykq.net
2153,Mr,Ben m2153,London Rd,Beeston,Nottingham,01151427037,Ben_m2153@mflzlco.uk
2154,Ms,Lora w2154,Victory St,Beeston,Nottingham,01151890512,Lora_w2154@dcpdh.net
2155,Mr,Simon m2155,Kent St,Beeston,Nottingham,01151237979,Simon_m2155@iafhnco.uk
2156,Ms,Anna w2156,Victory St,Beeston,Nottingham,01151291102,Anna_w2156@wjneb.net
2157,Mr,David m2157,Granby St,West Bridgford,Nottingham,01151630168,David_m2157@xxlpzco.uk
2158,Ms,Lily w2158,King St,Radford,Nottingham,01151742489,Lily_w2158@euutnco.uk
2159,Mr,Liu m2159,Gateway St,Beeston,Nottingham,01151302258,Liu_m2159@ebmjb.gov.uk
2160,Ms,Ann w2160,Newton St,Lenton Abbey,Nottingham,01151006768,Ann_w2160@zlepx.org
2161,Mr,Zhou m2161,Victory St,Lenton Abbey,Nottingham,01151365143,Zhou_m2161@uonwb.net
2162,Ms,Chris w2162,Queens Rd,Hyson Green,Nottingham,01151690021,Chris_w2162@daerkac.uk
2163,Mr,Mohammad m2163,Granby St,Hyson Green,Nottingham,01151196698,Mohammad_m2163@ojvne.com
2164,Ms,Pam w2164,Kent St,Beeston,Nottingham,01151419381,Pam_w2164@hayzk.sch.uk
2165,Mr,Paco m2165,Oxford St,Radford,Nottingham,01151578949,Paco_m2165@bfrfzco.uk
2166,Ms,Ann w2166,Granby St,Beeston,Nottingham,01151908787,Ann_w2166@onquuac.uk
2167,Mr,Paco m2167,Burton St,Hyson Green,Nottingham,01151949728,Paco_m2167@qdmaaco.uk
2168,Ms,Chris w2168,Ring Rd,Beeston,Nottingham,01151041800,Chris_w2168@lqdadac.uk
2169,Mr,Wood m2169,Queens Rd,West Bridgford,Nottingham,01151828097,Wood_m2169@auonv.gov.uk
2170,Ms,Anna w2170,Welford Rd,Hyson Green,Nottingham,01151263991,Anna_w2170@edbmj.gov.uk
2171,Mr,Yang m2171,Burton St,Beeston,Nottingham,01151432669,Yang_m2171@vvyme.net
2172,Ms,Helen w2172,Granby St,Radford,Nottingham,01151177829,Helen_w2172@zjmjfac.uk
2173,Mr,Chris m2173,Victory St,Clifton,Nottingham,01151174680,Chris_m2173@cyqhoac.uk
2174,Ms,Helen w2174,Hotel St,Hyson Green,Nottingham,01151111880,Helen_w2174@jabze.sch.uk
2175,Mr,Mohammad m2175,Newton St,West Bridgford,Nottingham,01151280932,Mohammad_m2175@cxgxnco.uk
2176,Ms,Hana w2176,Welford Rd,Beeston,Nottingham,01151492062,Hana_w2176@hfudlco.uk
2177,Mr,David m2177,Victory St,West Bridgford,Nottingham,01151893295,David_m2177@arhoaco.uk
2178,Ms,Lora w2178,Victory St,West Bridgford,Nottingham,01151711024,Lora_w2178@bifnw.sch.uk
2179,Mr,Eric m2179,King St,Hyson Green,Nottingham,01151393650,Eric_m2179@ekvglac.uk
2180,Ms,Helen w2180,Kent St,West Bridgford,Nottingham,01151420407,Helen_w2180@dwgyk.sch.uk
2181,Mr,Lee m2181,Ring Rd,Beeston,Nottingham,01151556276,Lee_m2181@dhithco.uk
2182,Ms,Lora w2182,Kent St,Beeston,Nottingham,01151929220,Lora_w2182@pymsx.org
2183,Mr,Peter m2183,Newton St,Radford,Nottingham,01151070174,Peter_m2183@swxdh.org
2184,Ms,Chris w2184,Granby St,Beeston,Nottingham,01151725123,Chris_w2184@eyrty.sch.uk
2185,Mr,Ben m2185,Granby St,Radford,Nottingham,01151073279,Ben_m2185@vrsgi.sch.uk
2186,Ms,Diana w2186,Newton St,Hyson Green,Nottingham,01151091963,Diana_w2186@zcnfu.org
2187,Mr,Brown m2187,Burton St,West Bridgford,Nottingham,01151335552,Brown_m2187@jfkho.org
2188,Ms,Ann w2188,Burton St,Beeston,Nottingham,01151060586,Ann_w2188@wivxgac.uk
2189,Mr,Smith m2189,Newton St,Beeston,Nottingham,01151505375,Smith_m2189@iggrxco.uk
2190,Ms,Helen w2190,London Rd,Beeston,Nottingham,01151242971,Helen_w2190@rvtja.com
2191,Mr,Lee m2191,Oxford St,Hyson Green,Nottingham,01151565380,Lee_m2191@inngh.org
2192,Ms,Lily w2192,Gateway St,West Bridgford,Nottingham,01151833830,Lily_w2192@ecutt.net
2193,Mr,Yang m2193,King St,West Bridgford,Nottingham,01151036335,Yang_m2193@tnyde.org
2194,Ms,Lily w2194,Hill St,Hyson Green,Nottingham,01151490397,Lily_w2194@dgtcv.net
2195,Mr,Zhou m2195,Hotel St,Radford,Nottingham,01151265180,Zhou_m2195@joihfco.uk
2196,Ms,Jenny w2196,Hill St,Lenton Abbey,Nottingham,01151776041,Jenny_w2196@khvwk.net
2197,Mr,Wood m2197,King St,Hyson Green,Nottingham,01151135208,Wood_m2197@balmp.net
2198,Ms,Pam w2198,Kent St,West Bridgford,Nottingham,01151422025,Pam_w2198@prdol.net
2199,Mr,Scott m2199,Oxford St,Radford,Nottingham,01151967153,Scott_m2199@vexxb.sch.uk
2200,Ms,Anna w2200,Welford Rd,Hyson Green,Nottingham,01151752234,Anna_w2200@elbtmco.uk
2201,Mr,Mohammad m2201,London Rd,Beeston,Nottingham,01151981191,Mohammad_m2201@pmnskac.uk
2202,Ms,Lora w2202,Queens Rd,Lenton Abbey,Nottingham,01151291927,Lora_w2202@xanqf.net
2203,Mr,Wood m2203,Queens Rd,Beeston,Nottingham,01151190089,Wood_m2203@grwwc.org
2204,Ms,Lily w2204,Ring Rd,Lenton Abbey,Nottingham,01151599688,Lily_w2204@mbpyt.gov.uk
2205,Mr,Bush m2205,Gateway St,Beeston,Nottingham,01151365964,Bush_m2205@zptde.gov.uk
2206,Ms,Luise w2206,London Rd,Beeston,Nottingham,01151794522,Luise_w2206@oxgonac.uk
2207,Mr,Wilson m2207,Ring Rd,Clifton,Nottingham,01151804683,Wilson_m2207@fsqghac.uk
2208,Ms,Helen w2208,Burton St,Hyson Green,Nottingham,01151125435,Helen_w2208@yfuhaco.uk
2209,Mr,Matthew m2209,Granby St,West Bridgford,Nottingham,01151073818,Matthew_m2209@myueaac.uk
2210,Ms,Lora w2210,King St,Radford,Nottingham,01151060228,Lora_w2210@fxlyb.com
2211,Mr,Matthew m2211,King St,Lenton Abbey,Nottingham,01151002702,Matthew_m2211@czdgw.gov.uk
2212,Ms,Victory w2212,Welford Rd,Beeston,Nottingham,01151639280,Victory_w2212@xrfcaac.uk
2213,Mr,Liu m2213,Burton St,Radford,Nottingham,01151702024,Liu_m2213@aflurco.uk
2214,Ms,Sally w2214,Hotel St,Hyson Green,Nottingham,01151772230,Sally_w2214@yldqsac.uk
2215,Mr,Lee m2215,Gateway St,West Bridgford,Nottingham,01151332763,Lee_m2215@vvril.org
2216,Ms,Anna w2216,Hotel St,Hyson Green,Nottingham,01151501006,Anna_w2216@lbnas.com
2217,Mr,Lee m2217,Hotel St,Beeston,Nottingham,01151258007,Lee_m2217@qagxdco.uk
2218,Ms,Chris w2218,Kent St,Radford,Nottingham,01151120228,Chris_w2218@hztul.gov.uk
2219,Mr,Alex m2219,Queens Rd,Hyson Green,Nottingham,01151813635,Alex_m2219@nhieq.net
2220,Ms,Jane w2220,Hill St,Hyson Green,Nottingham,01151097723,Jane_w2220@zfsde.com
2221,Mr,Scott m2221,Welford Rd,Beeston,Nottingham,01151011398,Scott_m2221@kimqy.net
2222,Ms,Luise w2222,London Rd,Radford,Nottingham,01151114162,Luise_w2222@shtog.org
2223,Mr,Yang m2223,Bond St,Hyson Green,Nottingham,01151968975,Yang_m2223@lnpdm.org
2224,Ms,Victory w2224,Wharf St,Radford,Nottingham,01151960466,Victory_w2224@nsgzw.sch.uk
2225,Mr,Wood m2225,Bond St,Lenton Abbey,Nottingham,01151370713,Wood_m2225@qjvusac.uk
2226,Ms,Anna w2226,Burton St,Hyson Green,Nottingham,01151007700,Anna_w2226@ouwggac.uk
2227,Mr,Bush m2227,Welford Rd,Beeston,Nottingham,01151896161,Bush_m2227@iihlcac.uk
2228,Ms,Chris w2228,Queens Rd,Beeston,Nottingham,01151754275,Chris_w2228@idsxkac.uk
2229,Mr,Lee m2229,Bond St,Lenton Abbey,Nottingham,01151115351,Lee_m2229@iozwg.sch.uk
2230,Ms,Lily w2230,Queens Rd,Radford,Nottingham,01151917518,Lily_w2230@xrldq.com
2231,Mr,Dean m2231,Granby St,Lenton Abbey,Nottingham,01151801301,Dean_m2231@ijekeac.uk
2232,Ms,Hana w2232,Oxford St,Beeston,Nottingham,01151960306,Hana_w2232@vxhez.org
2233,Mr,Ben m2233,Granby St,Beeston,Nottingham,01151293711,Ben_m2233@hfivl.com
2234,Ms,Anna w2234,Queens Rd,Hyson Green,Nottingham,01151618741,Anna_w2234@qbrotco.uk
2235,Mr,Bush m2235,Gateway St,Lenton Abbey,Nottingham,01151191391,Bush_m2235@efrjdco.uk
2236,Ms,Pam w2236,Welford Rd,Hyson Green,Nottingham,01151461555,Pam_w2236@vmkmkac.uk
2237,Mr,Paco m2237,Granby St,Clifton,Nottingham,01151463985,Paco_m2237@wwzfi.gov.uk
2238,Ms,Chris w2238,London Rd,Beeston,Nottingham,01151346121,Chris_w2238@tisco.com
2239,Mr,Clinton m2239,Gateway St,Lenton Abbey,Nottingham,01151641889,Clinton_m2239@ikbuj.gov.uk
2240,Ms,Ann w2240,Wharf St,Beeston,Nottingham,01151037720,Ann_w2240@ksfno.com
2241,Mr,Clinton m2241,Hotel St,Lenton Abbey,Nottingham,01151988930,Clinton_m2241@tdorj.net
2242,Ms,Anna w2242,Queens Rd,Hyson Green,Nottingham,01151410652,Anna_w2242@eqneg.net
2243,Mr,Dean m2243,Granby St,Beeston,Nottingham,01151725218,Dean_m2243@epcbo.sch.uk
2244,Ms,Lily w2244,Oxford St,Lenton Abbey,Nottingham,01151589580,Lily_w2244@wydun.gov.uk
2245,Mr,Ben m2245,Welford Rd,Radford,Nottingham,01151117149,Ben_m2245@ztffm.org
2246,Ms,Lora w2246,Hill St,Beeston,Nottingham,01151198149,Lora_w2246@fwajh.sch.uk
2247,Mr,Yang m2247,Oxford St,West Bridgford,Nottingham,01151874443,Yang_m2247@jeclico.uk
2248,Ms,Ann w2248,Queens Rd,Hyson Green,Nottingham,01151955401,Ann_w2248@pvqknco.uk
2249,Mr,Eric m2249,Gateway St,Lenton Abbey,Nottingham,01151317103,Eric_m2249@jqqft.gov.uk
2250,Ms,Hana w2250,Burton St,Beeston,Nottingham,01151396009,Hana_w2250@ldonu.gov.uk
2251,Mr,Wood m2251,Hill St,Clifton,Nottingham,01151059936,Wood_m2251@oxuoh.sch.uk
2252,Ms,Victory w2252,Wharf St,West Bridgford,Nottingham,01151340177,Victory_w2252@igvmlco.uk
2253,Mr,Scott m2253,Gateway St,Beeston,Nottingham,01151218447,Scott_m2253@hsakqac.uk
2254,Ms,Sally w2254,King St,Radford,Nottingham,01151746890,Sally_w2254@mdylhco.uk
2255,Mr,Watson m2255,Queens Rd,Radford,Nottingham,01151068335,Watson_m2255@bftxr.com
2256,Ms,Diana w2256,Bond St,Lenton Abbey,Nottingham,01151206851,Diana_w2256@kxhdg.sch.uk
2257,Mr,David m2257,King St,Hyson Green,Nottingham,01151014685,David_m2257@zykvhco.uk
2258,Ms,Sally w2258,King St,Beeston,Nottingham,01151582453,Sally_w2258@rjmmxac.uk
2259,Mr,Smith m2259,Victory St,Beeston,Nottingham,01151882805,Smith_m2259@ewffj.sch.uk
2260,Ms,Lily w2260,Newton St,Lenton Abbey,Nottingham,01151660549,Lily_w2260@jdgig.org
2261,Mr,Zhou m2261,Welford Rd,Radford,Nottingham,01151909204,Zhou_m2261@lnwtn.gov.uk
2262,Ms,Anna w2262,London Rd,Hyson Green,Nottingham,01151775461,Anna_w2262@jpjcpac.uk
2263,Mr,Simon m2263,King St,West Bridgford,Nottingham,01151152220,Simon_m2263@ftcruac.uk
2264,Ms,Hana w2264,King St,Hyson Green,Nottingham,01151924121,Hana_w2264@ievvu.com
2265,Mr,Clinton m2265,Gateway St,Radford,Nottingham,01151138487,Clinton_m2265@nlbkd.sch.uk
2266,Ms,Jane w2266,London Rd,Beeston,Nottingham,01151806710,Jane_w2266@kcfuu.org
2267,Mr,Clinton m2267,Welford Rd,Beeston,Nottingham,01151684853,Clinton_m2267@jcthq.net
2268,Ms,Helen w2268,Hotel St,West Bridgford,Nottingham,01151398656,Helen_w2268@tqsbnco.uk
2269,Mr,Yang m2269,Queens Rd,Hyson Green,Nottingham,01151719295,Yang_m2269@xpssa.org
2270,Ms,Luise w2270,Victory St,Hyson Green,Nottingham,01151646572,Luise_w2270@ddtkv.org
2271,Mr,Eric m2271,King St,Lenton Abbey,Nottingham,01151547898,Eric_m2271@zvlraco.uk
2272,Ms,Sally w2272,Oxford St,Radford,Nottingham,01151931865,Sally_w2272@ohnfyac.uk
2273,Mr,Ben m2273,Queens Rd,Beeston,Nottingham,01151834341,Ben_m2273@lhveq.net
2274,Ms,Jane w2274,Gateway St,Lenton Abbey,Nottingham,01151783344,Jane_w2274@jfxlh.net
2275,Mr,Smith m2275,Gateway St,Radford,Nottingham,01151121156,Smith_m2275@gcsxuco.uk
2276,Ms,Anna w2276,Queens Rd,Radford,Nottingham,01151651045,Anna_w2276@nsjaa.org
2277,Mr,Liu m2277,Granby St,West Bridgford,Nottingham,01151000776,Liu_m2277@wkgzdco.uk
2278,Ms,Anna w2278,Oxford St,Clifton,Nottingham,01151100895,Anna_w2278@dsdcpac.uk
2279,Mr,Eric m2279,Queens Rd,Lenton Abbey,Nottingham,01151857425,Eric_m2279@banwg.net
2280,Ms,Jane w2280,Queens Rd,Beeston,Nottingham,01151540106,Jane_w2280@iakro.sch.uk
2281,Mr,Watson m2281,Bond St,Clifton,Nottingham,01151957492,Watson_m2281@cvzzp.net
2282,Ms,Victory w2282,Burton St,Radford,Nottingham,01151816807,Victory_w2282@nczfnco.uk
2283,Mr,David m2283,Newton St,Hyson Green,Nottingham,01151237586,David_m2283@jnhpn.net
2284,Ms,Luise w2284,Bond St,Hyson Green,Nottingham,01151761706,Luise_w2284@ebumo.gov.uk
2285,Mr,Paco m2285,Ring Rd,West Bridgford,Nottingham,01151615003,Paco_m2285@ildpzac.uk
2286,Ms,Sally w2286,Ring Rd,Lenton Abbey,Nottingham,01151103068,Sally_w2286@jlmwg.org
2287,Mr,David m2287,Queens Rd,Hyson Green,Nottingham,01151687390,David_m2287@fbuauco.uk
2288,Ms,Jenny w2288,Burton St,Hyson Green,Nottingham,01151327184,Jenny_w2288@plaie.org
2289,Mr,Ben m2289,Queens Rd,Hyson Green,Nottingham,01151281997,Ben_m2289@eqkfvco.uk
2290,Ms,Helen w2290,Granby St,West Bridgford,Nottingham,01151729966,Helen_w2290@lrqpu.net
2291,Mr,Peter m2291,Wharf St,Hyson Green,Nottingham,01151005286,Peter_m2291@zguha.org
1644,Ms,Mina w1644,King St,West Bridgford,Nottingham,01151349606,Mina_w1644@tdyfnco.uk
1645,Mr,Alex m1645,Burton St,Radford,Nottingham,01151145282,Alex_m1645@uiabaco.uk
1646,Ms,Hana w1646,Burton St,Clifton,Nottingham,01151054468,Hana_w1646@evwubac.uk
1647,Mr,Wilson m1647,Welford Rd,Lenton Abbey,Nottingham,01151527879,Wilson_m1647@sduef.sch.uk
1648,Ms,Anna w1648,Welford Rd,Radford,Nottingham,01151525079,Anna_w1648@pmafm.net
1649,Mr,William m1649,Welford Rd,Lenton Abbey,Nottingham,01151556442,William_m1649@efjauac.uk
1650,Ms,Ann w1650,Ring Rd,Hyson Green,Nottingham,01151014150,Ann_w1650@cexdpco.uk
1651,Mr,Smith m1651,Gateway St,Lenton Abbey,Nottingham,01151065233,Smith_m1651@scpgf.org
1652,Ms,Lora w1652,Hill St,Beeston,Nottingham,01151434618,Lora_w1652@oxcgwac.uk
1653,Mr,Dean m1653,Bond St,Beeston,Nottingham,01151264024,Dean_m1653@csijj.sch.uk
1654,Ms,Pam w1654,Wharf St,Hyson Green,Nottingham,01151755171,Pam_w1654@alnlc.net
1655,Mr,William m1655,Wharf St,Clifton,Nottingham,01151176335,William_m1655@eqyhd.com
1656,Ms,Pam w1656,Hill St,Beeston,Nottingham,01151558190,Pam_w1656@vgqyb.sch.uk
1657,Mr,Smith m1657,Welford Rd,Hyson Green,Nottingham,01151348786,Smith_m1657@kqipd.net
1658,Ms,Luise w1658,Wharf St,Hyson Green,Nottingham,01151437242,Luise_w1658@yqwbkco.uk
1659,Mr,Smith m1659,Newton St,West Bridgford,Nottingham,01151663755,Smith_m1659@ftljlco.uk
1660,Ms,Pam w1660,Newton St,Hyson Green,Nottingham,01151411023,Pam_w1660@tfvvq.net
1661,Mr,Wilson m1661,Wharf St,Hyson Green,Nottingham,01151535261,Wilson_m1661@fricqco.uk
1662,Ms,Mina w1662,Kent St,Beeston,Nottingham,01151790619,Mina_w1662@xfwrnac.uk
1663,Mr,Eric m1663,Bond St,Lenton Abbey,Nottingham,01151589233,Eric_m1663@cavvg.com
1664,Ms,Pam w1664,Kent St,Radford,Nottingham,01151961492,Pam_w1664@nzewu.com
1665,Mr,Clinton m1665,Bond St,Hyson Green,Nottingham,01151366620,Clinton_m1665@uftll.net
1666,Ms,Diana w1666,Oxford St,West Bridgford,Nottingham,01151803081,Diana_w1666@nxdhqac.uk
1667,Mr,Scott m1667,Granby St,Hyson Green,Nottingham,01151552586,Scott_m1667@evylfac.uk
1668,Ms,Sally w1668,Oxford St,West Bridgford,Nottingham,01151918630,Sally_w1668@qojctac.uk
1669,Mr,Mohammad m1669,King St,Radford,Nottingham,01151096975,Mohammad_m1669@qizcq.net
1670,Ms,Hana w1670,Hotel St,Radford,Nottingham,01151689195,Hana_w1670@piucico.uk
1671,Mr,Zhou m1671,Burton St,Clifton,Nottingham,01151668245,Zhou_m1671@ggtfnco.uk
1672,Ms,Lora w1672,King St,Hyson Green,Nottingham,01151311183,Lora_w1672@yjcnl.net
1673,Mr,William m1673,London Rd,Lenton Abbey,Nottingham,01151094039,William_m1673@yzuwp.net
1674,Ms,Luise w1674,Oxford St,Lenton Abbey,Nottingham,01151874829,Luise_w1674@exbkl.org
1675,Mr,Bush m1675,Wharf St,Radford,Nottingham,01151346301,Bush_m1675@hkuyd.org
1676,Ms,Lora w1676,Welford Rd,Radford,Nottingham,01151307091,Lora_w1676@ebhzrac.uk
1677,Mr,Peter m1677,Wharf St,Radford,Nottingham,01151604160,Peter_m1677@godak.org
1678,Ms,Hana w1678,Burton St,Lenton Abbey,Nottingham,01151906965,Hana_w1678@jfwxcac.uk
1679,Mr,Wood m1679,Newton St,Lenton Abbey,Nottingham,01151627461,Wood_m1679@wlelrco.uk
1680,Ms,Chris w1680,Queens Rd,Beeston,Nottingham,01151220345,Chris_w1680@xhyjwco.uk
1681,Mr,Wood m1681,Victory St,Radford,Nottingham,01151282154,Wood_m1681@jpvwo.net
1682,Ms,Luise w1682,Welford Rd,Lenton Abbey,Nottingham,01151892144,Luise_w1682@dfkmgco.uk
1683,Mr,Bush m1683,Oxford St,West Bridgford,Nottingham,01151818570,Bush_m1683@uztvaac.uk
1684,Ms,Helen w1684,Hill St,Radford,Nottingham,01151576107,Helen_w1684@pscnk.sch.uk
1685,Mr,Brown m1685,Granby St,West Bridgford,Nottingham,01151087288,Brown_m1685@wxzfpco.uk
1686,Ms,Pam w1686,Queens Rd,Lenton Abbey,Nottingham,01151477807,Pam_w1686@faxmpac.uk
1687,Mr,Lee m1687,Ring Rd,Radford,Nottingham,01151883725,Lee_m1687@mnvhd.com
1688,Ms,Lily w1688,Ring Rd,West Bridgford,Nottingham,01151922944,Lily_w1688@wxkqvac.uk
1689,Mr,David m1689,King St,Clifton,Nottingham,01151022847,David_m1689@zendtco.uk
1690,Ms,Helen w1690,Oxford St,Hyson Green,Nottingham,01151667679,Helen_w1690@txeazac.uk
1691,Mr,David m1691,Hotel St,Radford,Nottingham,01151941834,David_m1691@cvzqz.sch.uk
1692,Ms,Victory w1692,Queens Rd,Lenton Abbey,Nottingham,01151063842,Victory_w1692@twxxd.sch.uk
1693,Mr,Wood m1693,Queens Rd,Lenton Abbey,Nottingham,01151923713,Wood_m1693@mjkxl.gov.uk
1694,Ms,Diana w1694,King St,Hyson Green,Nottingham,01151074896,Diana_w1694@fnfkhco.uk
1695,Mr,Mohammad m1695,Oxford St,Radford,Nottingham,01151971310,Mohammad_m1695@lvqhfac.uk
1696,Ms,Diana w1696,King St,Lenton Abbey,Nottingham,01151700986,Diana_w1696@hniuuac.uk
1697,Mr,Watson m1697,Wharf St,Radford,Nottingham,01151740576,Watson_m1697@xvmst.sch.uk
1698,Ms,Luise w1698,Gateway St,Lenton Abbey,Nottingham,01151132667,Luise_w1698@ywizq.com
1699,Mr,Yang m1699,Kent St,Beeston,Nottingham,01151212182,Yang_m1699@ntahjco.uk
1700,Ms,Victory w1700,Newton St,Lenton Abbey,Nottingham,01151489223,Victory_w1700@qkawe.com
1701,Mr,Scott m1701,London Rd,Lenton Abbey,Nottingham,01151659940,Scott_m1701@wbffz.com
1702,Ms,Chris w1702,Bond St,Beeston,Nottingham,01151827222,Chris_w1702@iotxd.org
1703,Mr,Ben m1703,Granby St,Lenton Abbey,Nottingham,01151082251,Ben_m1703@ohwji.net
1704,Ms,Tania w1704,Queens Rd,Beeston,Nottingham,01151985272,Tania_w1704@esxqoac.uk
1705,Mr,Lee m1705,Queens Rd,Radford,Nottingham,01151926931,Lee_m1705@ctswuac.uk
1706,Ms,Lora w1706,Bond St,Beeston,Nottingham,01151703782,Lora_w1706@lrwdj.sch.uk
1707,Mr,Clinton m1707,Victory St,Beeston,Nottingham,01151202476,Clinton_m1707@sbanu.net
1708,Ms,Victory w1708,Queens Rd,Radford,Nottingham,01151135065,Victory_w1708@bjvqq.org
1709,Mr,Ben m1709,Burton St,Hyson Green,Nottingham,01151303063,Ben_m1709@tmylm.com
1710,Ms,Helen w1710,Hotel St,Lenton Abbey,Nottingham,01151466404,Helen_w1710@lgtjn.net
1711,Mr,Simon m1711,Wharf St,Lenton Abbey,Nottingham,01151069391,Simon_m1711@pvnwgco.uk
1712,Ms,Ann w1712,Granby St,Beeston,Nottingham,01151566533,Ann_w1712@ooxvbac.uk
1713,Mr,Mohammad m1713,Hotel St,Radford,Nottingham,01151171846,Mohammad_m1713@hfhmy.org
1714,Ms,Pam w1714,Ring Rd,Hyson Green,Nottingham,01151410020,Pam_w1714@zdlsd.net
1715,Mr,Liu m1715,London Rd,Radford,Nottingham,01151281900,Liu_m1715@uqamn.net
1716,Ms,Helen w1716,Hotel St,Beeston,Nottingham,01151669514,Helen_w1716@bajfs.gov.uk
1717,Mr,Clinton m1717,Hill St,Hyson Green,Nottingham,01151891231,Clinton_m1717@atmrqac.uk
1718,Ms,Lora w1718,King St,Beeston,Nottingham,01151305801,Lora_w1718@wffwico.uk
1719,Mr,Simon m1719,Hotel St,Radford,Nottingham,01151425069,Simon_m1719@llsqpac.uk
1720,Ms,Anna w1720,Granby St,Radford,Nottingham,01151062062,Anna_w1720@vqdqw.sch.uk
1721,Mr,Chris m1721,Victory St,Lenton Abbey,Nottingham,01151840575,Chris_m1721@txnuj.sch.uk
1722,Ms,Anna w1722,Hotel St,Beeston,Nottingham,01151899417,Anna_w1722@ukqdw.sch.uk
1723,Mr,Eric m1723,Bond St,Lenton Abbey,Nottingham,01151193579,Eric_m1723@yyqzl.org
1724,Ms,Diana w1724,King St,Clifton,Nottingham,01151955208,Diana_w1724@zvelnac.uk
1725,Mr,Peter m1725,Ring Rd,West Bridgford,Nottingham,01151363398,Peter_m1725@vcuwtac.uk
1726,Ms,Luise w1726,King St,West Bridgford,Nottingham,01151602060,Luise_w1726@swodaco.uk
1727,Mr,Simon m1727,Wharf St,West Bridgford,Nottingham,01151029662,Simon_m1727@bcvoy.com
1728,Ms,Diana w1728,Granby St,Lenton Abbey,Nottingham,01151473543,Diana_w1728@cyacc.net
1729,Mr,Chris m1729,Queens Rd,Radford,Nottingham,01151835333,Chris_m1729@ryhvtac.uk
1730,Ms,Helen w1730,Gateway St,Hyson Green,Nottingham,01151096380,Helen_w1730@chicw.com
1731,Mr,Bush m1731,Burton St,Radford,Nottingham,01151194743,Bush_m1731@lxxstco.uk
1732,Ms,Anna w1732,Burton St,Radford,Nottingham,01151989301,Anna_w1732@kmqzaac.uk
1733,Mr,Lee m1733,Queens Rd,Lenton Abbey,Nottingham,01151495033,Lee_m1733@zyubyco.uk
1734,Ms,Lily w1734,London Rd,Beeston,Nottingham,01151003146,Lily_w1734@gotft.sch.uk
1735,Mr,Lee m1735,Granby St,Lenton Abbey,Nottingham,01151033288,Lee_m1735@xclkg.org
1736,Ms,Sally w1736,Ring Rd,Beeston,Nottingham,01151178479,Sally_w1736@qggjlac.uk
1737,Mr,Chris m1737,Burton St,Hyson Green,Nottingham,01151651457,Chris_m1737@cxruv.org
1738,Ms,Diana w1738,Queens Rd,Hyson Green,Nottingham,01151757913,Diana_w1738@atbavco.uk
1739,Mr,Paco m1739,Oxford St,Beeston,Nottingham,01151275659,Paco_m1739@bakbi.gov.uk
1740,Ms,Luise w1740,Bond St,Lenton Abbey,Nottingham,01151727044,Luise_w1740@ffrfn.org
1741,Mr,Wilson m1741,Victory St,Beeston,Nottingham,01151641312,Wilson_m1741@tncba.net
1742,Ms,Pam w1742,Victory St,Beeston,Nottingham,01151491288,Pam_w1742@krnkwac.uk
1743,Mr,Mohammad m1743,Gateway St,Radford,Nottingham,01151025038,Mohammad_m1743@gyggmac.uk
1744,Ms,Pam w1744,Burton St,Hyson Green,Nottingham,01151905072,Pam_w1744@brerxco.uk
1745,Mr,Yang m1745,Hotel St,Hyson Green,Nottingham,01151470567,Yang_m1745@lnqddco.uk
1746,Ms,Chris w1746,Hotel St,Beeston,Nottingham,01151733417,Chris_w1746@ltrdx.org
1747,Mr,Matthew m1747,Granby St,Beeston,Nottingham,01151332523,Matthew_m1747@lueuz.net
1748,Ms,Diana w1748,Burton St,Beeston,Nottingham,01151051903,Diana_w1748@tfpit.gov.uk
1749,Mr,Peter m1749,Welford Rd,Beeston,Nottingham,01151363197,Peter_m1749@ncgso.org
1750,Ms,Hana w1750,Kent St,Radford,Nottingham,01151468921,Hana_w1750@buuolco.uk
1751,Mr,Brown m1751,Queens Rd,Radford,Nottingham,01151951693,Brown_m1751@demtj.net
1752,Ms,Lora w1752,Ring Rd,Lenton Abbey,Nottingham,01151018560,Lora_w1752@dfuhu.com
1753,Mr,Peter m1753,London Rd,Lenton Abbey,Nottingham,01151940729,Peter_m1753@qqudu.org
1754,Ms,Jane w1754,Kent St,West Bridgford,Nottingham,01151696150,Jane_w1754@xupccac.uk
1755,Mr,Bush m1755,Queens Rd,Radford,Nottingham,01151251334,Bush_m1755@rwhzgco.uk
1756,Ms,Luise w1756,Ring Rd,Lenton Abbey,Nottingham,01151320831,Luise_w1756@vziuj.net
1757,Mr,Ben m1757,Burton St,Beeston,Nottingham,01151955378,Ben_m1757@oowbx.gov.uk
1758,Ms,Diana w1758,Ring Rd,Hyson Green,Nottingham,01151448494,Diana_w1758@bgyou.net
1759,Mr,Chris m1759,King St,Lenton Abbey,Nottingham,01151258140,Chris_m1759@xnwwgco.uk
1760,Ms,Luise w1760,London Rd,Beeston,Nottingham,01151020963,Luise_w1760@oslos.net
1761,Mr,Matthew m1761,King St,Hyson Green,Nottingham,01151021515,Matthew_m1761@zpxmiac.uk
1762,Ms,Helen w1762,Hill St,Beeston,Nottingham,01151041968,Helen_w1762@bqahgco.uk
1763,Mr,Alex m1763,Hotel St,Beeston,Nottingham,01151210895,Alex_m1763@qobbuac.uk
1764,Ms,Helen w1764,Granby St,Clifton,Nottingham,01151084295,Helen_w1764@dgdqlac.uk
1765,Mr,Wilson m1765,King St,Lenton Abbey,Nottingham,01151316123,Wilson_m1765@phckdac.uk
1766,Ms,Jenny w1766,Ring Rd,West Bridgford,Nottingham,01151002303,Jenny_w1766@csqeoac.uk
1767,Mr,Peter m1767,Welford Rd,Hyson Green,Nottingham,01151296253,Peter_m1767@jnnjyco.uk
1768,Ms,Anna w1768,Burton St,West Bridgford,Nottingham,01151953187,Anna_w1768@rtwby.sch.uk
1769,Mr,Wood m1769,Kent St,Hyson Green,Nottingham,01151253364,Wood_m1769@nulrk.sch.uk
1770,Ms,Diana w1770,London Rd,West Bridgford,Nottingham,01151562231,Diana_w1770@ugojgac.uk
1771,Mr,Yang m1771,Oxford St,Clifton,Nottingham,01151018399,Yang_m1771@txjeo.org
1772,Ms,Lily w1772,Burton St,Hyson Green,Nottingham,01151194770,Lily_w1772@ywxtgco.uk
1773,Mr,Mohammad m1773,King St,Radford,Nottingham,01151308616,Mohammad_m1773@ltzvh.org
1774,Ms,Hana w1774,Queens Rd,Lenton Abbey,Nottingham,01151466686,Hana_w1774@nlffy.gov.uk
1775,Mr,Bush m1775,Victory St,Lenton Abbey,Nottingham,01151190789,Bush_m1775@ybtei.sch.uk
1776,Ms,Sally w1776,Wharf St,Hyson Green,Nottingham,01151476057,Sally_w1776@dupfsac.uk
1777,Mr,Simon m1777,Burton St,Lenton Abbey,Nottingham,01151508419,Simon_m1777@nsstr.net
1778,Ms,Ann w1778,Welford Rd,Radford,Nottingham,01151323213,Ann_w1778@xoyhw.org
1779,Mr,Alex m1779,Kent St,Clifton,Nottingham,01151362696,Alex_m1779@ebxlrac.uk
1780,Ms,Sally w1780,Queens Rd,Lenton Abbey,Nottingham,01151799110,Sally_w1780@reroyac.uk
1781,Mr,Brown m1781,Ring Rd,Radford,Nottingham,01151057983,Brown_m1781@jsifl.com
1782,Ms,Anna w1782,Wharf St,West Bridgford,Nottingham,01151424390,Anna_w1782@agpwq.net
1783,Mr,Clinton m1783,Queens Rd,Radford,Nottingham,01151952735,Clinton_m1783@mowpv.sch.uk
1784,Ms,Lily w1784,Victory St,Hyson Green,Nottingham,01151884264,Lily_w1784@tqwsf.org
1785,Mr,William m1785,Gateway St,Hyson Green,Nottingham,01151758349,William_m1785@znpco.org
1786,Ms,Jane w1786,Hill St,Hyson Green,Nottingham,01151916934,Jane_w1786@nhrlt.net
1787,Mr,Zhou m1787,Wharf St,Radford,Nottingham,01151650887,Zhou_m1787@klwetco.uk
1788,Ms,Diana w1788,Ring Rd,West Bridgford,Nottingham,01151468836,Diana_w1788@kssftac.uk
1789,Mr,Mohammad m1789,Victory St,Hyson Green,Nottingham,01151829559,Mohammad_m1789@imsbl.com
1790,Ms,Luise w1790,Oxford St,Radford,Nottingham,01151728421,Luise_w1790@rnexj.net
1791,Mr,Matthew m1791,Bond St,Lenton Abbey,Nottingham,01151928729,Matthew_m1791@yamdu.net
1792,Ms,Lora w1792,Burton St,Beeston,Nottingham,01151600582,Lora_w1792@isxsa.net
1793,Mr,Wilson m1793,Granby St,Lenton Abbey,Nottingham,01151343653,Wilson_m1793@teuifac.uk
1794,Ms,Chris w1794,Oxford St,Beeston,Nottingham,01151757764,Chris_w1794@xcgqf.com
1795,Mr,Clinton m1795,Granby St,Hyson Green,Nottingham,01151825738,Clinton_m1795@unqyt.sch.uk
1796,Ms,Mina w1796,Welford Rd,Lenton Abbey,Nottingham,01151226737,Mina_w1796@njcul.net
1797,Mr,Alex m1797,Newton St,Radford,Nottingham,01151308556,Alex_m1797@grwvdac.uk
1798,Ms,Sally w1798,Ring Rd,Beeston,Nottingham,01151602165,Sally_w1798@sovuo.gov.uk
1799,Mr,Alex m1799,King St,Beeston,Nottingham,01151963821,Alex_m1799@xmjnm.com
1800,Ms,Victory w1800,Burton St,Radford,Nottingham,01151714940,Victory_w1800@vlwseac.uk
1801,Mr,Matthew m1801,Gateway St,West Bridgford,Nottingham,01151909894,Matthew_m1801@bhfbm.gov.uk
1802,Ms,Mina w1802,London Rd,Radford,Nottingham,01151823126,Mina_w1802@plnyl.gov.uk
1803,Mr,Peter m1803,Granby St,Lenton Abbey,Nottingham,01151331269,Peter_m1803@alwxzac.uk
1804,Ms,Victory w1804,Oxford St,Lenton Abbey,Nottingham,01151145138,Victory_w1804@utfnnco.uk
1805,Mr,Matthew m1805,Kent St,Hyson Green,Nottingham,01151485413,Matthew_m1805@humlz.com
1806,Ms,Lily w1806,Granby St,Lenton Abbey,Nottingham,01151781312,Lily_w1806@eptbo.net
1807,Mr,Eric m1807,Burton St,Lenton Abbey,Nottingham,01151940419,Eric_m1807@ypftl.com
1808,Ms,Lily w1808,Granby St,Lenton Abbey,Nottingham,01151386734,Lily_w1808@ayoapco.uk
1809,Mr,David m1809,Oxford St,Radford,Nottingham,01151513502,David_m1809@jxxbj.org
1810,Ms,Jenny w1810,Wharf St,Hyson Green,Nottingham,01151122826,Jenny_w1810@lhmfk.com
1811,Mr,Smith m1811,Queens Rd,Lenton Abbey,Nottingham,01151004716,Smith_m1811@habhsco.uk
1812,Ms,Lora w1812,Victory St,Beeston,Nottingham,01151265025,Lora_w1812@ydwqtac.uk
1813,Mr,Zhou m1813,Burton St,Hyson Green,Nottingham,01151086778,Zhou_m1813@edtzpco.uk
1814,Ms,Chris w1814,Hill St,Radford,Nottingham,01151669905,Chris_w1814@fgwlw.com
1815,Mr,Scott m1815,Queens Rd,Radford,Nottingham,01151285435,Scott_m1815@kcysb.com
1816,Ms,Tania w1816,King St,Radford,Nottingham,01151579419,Tania_w1816@jrmia.gov.uk
1817,Mr,Clinton m1817,Hill St,Radford,Nottingham,01151764981,Clinton_m1817@uzxhr.sch.uk
1818,Ms,Lily w1818,Bond St,Beeston,Nottingham,01151927994,Lily_w1818@elqfx.org
1819,Mr,Simon m1819,Welford Rd,Beeston,Nottingham,01151483080,Simon_m1819@oxqjxac.uk
1820,Ms,Sally w1820,Ring Rd,West Bridgford,Nottingham,01151137262,Sally_w1820@jcafw.sch.uk
1821,Mr,Matthew m1821,Hill St,Lenton Abbey,Nottingham,01151287970,Matthew_m1821@vnnib.net
1822,Ms,Jane w1822,Granby St,Hyson Green,Nottingham,01151347546,Jane_w1822@qhvsyac.uk
1823,Mr,Liu m1823,Victory St,West Bridgford,Nottingham,01151237817,Liu_m1823@qardd.sch.uk
1824,Ms,Pam w1824,Oxford St,Hyson Green,Nottingham,01151063442,Pam_w1824@ebmoj.sch.uk
1825,Mr,David m1825,Oxford St,West Bridgford,Nottingham,01151972248,David_m1825@jbtlbco.uk
1826,Ms,Pam w1826,Queens Rd,Lenton Abbey,Nottingham,01151626476,Pam_w1826@ujuko.sch.uk
1827,Mr,Zhou m1827,Newton St,Hyson Green,Nottingham,01151899295,Zhou_m1827@dgpco.org
1828,Ms,Tania w1828,Granby St,Hyson Green,Nottingham,01151896253,Tania_w1828@kkhpt.sch.uk
1829,Mr,Smith m1829,Burton St,Hyson Green,Nottingham,01151523833,Smith_m1829@wbwxt.gov.uk
1830,Ms,Jane w1830,Oxford St,Hyson Green,Nottingham,01151046612,Jane_w1830@jdndv.com
1831,Mr,Brown m1831,Oxford St,West Bridgford,Nottingham,01151591002,Brown_m1831@zjierac.uk
1832,Ms,Jenny w1832,King St,Lenton Abbey,Nottingham,01151356567,Jenny_w1832@xwqeq.org
1833,Mr,Chris m1833,Gateway St,Lenton Abbey,Nottingham,01151168275,Chris_m1833@kknudac.uk
1834,Ms,Anna w1834,Granby St,Hyson Green,Nottingham,01151759067,Anna_w1834@zrpti.org
1835,Mr,Watson m1835,Hotel St,Lenton Abbey,Nottingham,01151637646,Watson_m1835@tirzx.org
1836,Ms,Jenny w1836,Oxford St,Clifton,Nottingham,01151971604,Jenny_w1836@rucyg.gov.uk
1837,Mr,Lee m1837,London Rd,Clifton,Nottingham,01151368889,Lee_m1837@bnzpe.sch.uk
1838,Ms,Victory w1838,Granby St,Hyson Green,Nottingham,01151301116,Victory_w1838@revwd.net
1839,Mr,Eric m1839,Gateway St,Beeston,Nottingham,01151226074,Eric_m1839@mxhyy.sch.uk
1840,Ms,Helen w1840,Newton St,West Bridgford,Nottingham,01151252866,Helen_w1840@ahgbi.net
1841,Mr,Liu m1841,Oxford St,Beeston,Nottingham,01151486279,Liu_m1841@fxqcc.sch.uk
1842,Ms,Jenny w1842,Oxford St,Hyson Green,Nottingham,01151480174,Jenny_w1842@nyfcnac.uk
1843,Mr,Brown m1843,Granby St,Radford,Nottingham,01151777885,Brown_m1843@ejdkq.sch.uk
1844,Ms,Diana w1844,King St,Lenton Abbey,Nottingham,01151019813,Diana_w1844@kbagh.net
1845,Mr,David m1845,Gateway St,Lenton Abbey,Nottingham,01151136490,David_m1845@vkxoj.org
1846,Ms,Lily w1846,Bond St,Hyson Green,Nottingham,01151826497,Lily_w1846@tcvndco.uk
1847,Mr,Paco m1847,Hill St,Beeston,Nottingham,01151901618,Paco_m1847@lpzluco.uk
1848,Ms,Hana w1848,Hill St,West Bridgford,Nottingham,01151570091,Hana_w1848@pmqtcco.uk
1849,Mr,Wood m1849,Wharf St,Hyson Green,Nottingham,01151102294,Wood_m1849@lfewdac.uk
1850,Ms,Chris w1850,Granby St,Beeston,Nottingham,01151235305,Chris_w1850@uqoxl.org
1851,Mr,Wilson m1851,Oxford St,Beeston,Nottingham,01151236163,Wilson_m1851@ujmpu.gov.uk
1852,Ms,Lora w1852,Ring Rd,Hyson Green,Nottingham,01151901845,Lora_w1852@qvqtaco.uk
1853,Mr,Scott m1853,Hill St,Radford,Nottingham,01151170085,Scott_m1853@phkkm.sch.uk
1854,Ms,Luise w1854,Victory St,Beeston,Nottingham,01151137824,Luise_w1854@hustc.org
1855,Mr,Matthew m1855,Hotel St,Radford,Nottingham,01151047385,Matthew_m1855@fnaim.sch.uk
1856,Ms,Luise w1856,Granby St,Lenton Abbey,Nottingham,01151576851,Luise_w1856@kqffy.net
1857,Mr,Eric m1857,Wharf St,Radford,Nottingham,01151958872,Eric_m1857@qwpgh.com
1858,Ms,Diana w1858,Wharf St,Clifton,Nottingham,01151711965,Diana_w1858@gkfel.org
1859,Mr,Scott m1859,Hill St,Lenton Abbey,Nottingham,01151072912,Scott_m1859@lgryu.net
1860,Ms,Sally w1860,Wharf St,Radford,Nottingham,01151269599,Sally_w1860@oxpob.net
1861,Mr,Matthew m1861,Burton St,Radford,Nottingham,01151279090,Matthew_m1861@znffbco.uk
1862,Ms,Hana w1862,Bond St,West Bridgford,Nottingham,01151766241,Hana_w1862@gojpk.sch.uk
1863,Mr,Bush m1863,Hotel St,Hyson Green,Nottingham,01151835571,Bush_m1863@uxtzqco.uk
1864,Ms,Lily w1864,Welford Rd,Radford,Nottingham,01151924663,Lily_w1864@xpnnc.com
1865,Mr,Wilson m1865,Wharf St,Lenton Abbey,Nottingham,01151413341,Wilson_m1865@riffp.org
1866,Ms,Helen w1866,Burton St,West Bridgford,Nottingham,01151768603,Helen_w1866@blrmvco.uk
1867,Mr,Watson m1867,Wharf St,Radford,Nottingham,01151595633,Watson_m1867@ggdef.sch.uk
1868,Ms,Jenny w1868,Gateway St,Radford,Nottingham,01151825122,Jenny_w1868@xvpicac.uk
1869,Mr,Chris m1869,Burton St,Clifton,Nottingham,01151678345,Chris_m1869@ajfqu.org
1870,Ms,Jenny w1870,Kent St,Hyson Green,Nottingham,01151250966,Jenny_w1870@uregn.org
1871,Mr,Peter m1871,Burton St,Radford,Nottingham,01151886835,Peter_m1871@foopf.net
1872,Ms,Helen w1872,Newton St,Beeston,Nottingham,01151320749,Helen_w1872@jjkng.net
1873,Mr,Wilson m1873,Bond St,Clifton,Nottingham,01151815189,Wilson_m1873@uljxq.com
1874,Ms,Pam w1874,Bond St,Hyson Green,Nottingham,01151031704,Pam_w1874@aubln.gov.uk
1875,Mr,Liu m1875,Granby St,Hyson Green,Nottingham,01151595627,Liu_m1875@tahzeac.uk
1876,Ms,Helen w1876,Victory St,Beeston,Nottingham,01151933359,Helen_w1876@aevlh.org
1877,Mr,Dean m1877,London Rd,Radford,Nottingham,01151651288,Dean_m1877@afazx.sch.uk
1878,Ms,Pam w1878,Hotel St,Radford,Nottingham,01151999448,Pam_w1878@asbtuco.uk
1879,Mr,Bush m1879,Gateway St,Beeston,Nottingham,01151780733,Bush_m1879@evzbw.net
1880,Ms,Anna w1880,Victory St,Clifton,Nottingham,01151938380,Anna_w1880@eubyvac.uk
1881,Mr,Watson m1881,London Rd,Lenton Abbey,Nottingham,01151686057,Watson_m1881@vccox.sch.uk
1882,Ms,Mina w1882,Ring Rd,Clifton,Nottingham,01151089121,Mina_w1882@eyxpk.net
1883,Mr,Eric m1883,Hotel St,Radford,Nottingham,01151547460,Eric_m1883@ajssi.org
1884,Ms,Luise w1884,Granby St,Beeston,Nottingham,01151867717,Luise_w1884@wakcc.gov.uk
1885,Mr,Smith m1885,Gateway St,Hyson Green,Nottingham,01151906654,Smith_m1885@lkwhpco.uk
1886,Ms,Chris w1886,Oxford St,Lenton Abbey,Nottingham,01151386448,Chris_w1886@vczhb.net
1887,Mr,Lee m1887,Bond St,Lenton Abbey,Nottingham,01151910172,Lee_m1887@hwdpw.net
1888,Ms,Diana w1888,Wharf St,Radford,Nottingham,01151090872,Diana_w1888@aidleac.uk
1889,Mr,Clinton m1889,Wharf St,Beeston,Nottingham,01151596861,Clinton_m1889@gtkyh.org
1890,Ms,Pam w1890,Granby St,Beeston,Nottingham,01151548290,Pam_w1890@ppvwm.com
1891,Mr,David m1891,Hill St,Lenton Abbey,Nottingham,01151963183,David_m1891@vuzpaco.uk
1892,Ms,Lily w1892,Welford Rd,Lenton Abbey,Nottingham,01151136499,Lily_w1892@kgpep.com
1893,Mr,Scott m1893,Oxford St,Beeston,Nottingham,01151629710,Scott_m1893@jbepq.com
1894,Ms,Lily w1894,Burton St,Radford,Nottingham,01151120638,Lily_w1894@ngsevco.uk
1895,Mr,Liu m1895,Granby St,Lenton Abbey,Nottingham,01151024484,Liu_m1895@egaxmco.uk
1896,Ms,Mina w1896,Newton St,Radford,Nottingham,01151667712,Mina_w1896@yrton.com
1897,Mr,Zhou m1897,Ring Rd,Beeston,Nottingham,01151407819,Zhou_m1897@jglty.sch.uk
1898,Ms,Jenny w1898,Wharf St,Beeston,Nottingham,01151743892,Jenny_w1898@qqxbs.com
1899,Mr,Alex m1899,Gateway St,Radford,Nottingham,01151587573,Alex_m1899@xmsqr.gov.uk
1900,Ms,Victory w1900,Hill St,Lenton Abbey,Nottingham,01151728617,Victory_w1900@eswmv.sch.uk
1901,Mr,Clinton m1901,Welford Rd,West Bridgford,Nottingham,01151381358,Clinton_m1901@gsgio.net
1902,Ms,Victory w1902,Gateway St,Radford,Nottingham,01151395480,Victory_w1902@blnbaco.uk
1903,Mr,Eric m1903,Welford Rd,Beeston,Nottingham,01151355760,Eric_m1903@lumhg.net
1904,Ms,Lily w1904,King St,West Bridgford,Nottingham,01151161280,Lily_w1904@yykbw.org
1905,Mr,Mohammad m1905,Ring Rd,Radford,Nottingham,01151946015,Mohammad_m1905@eqish.com
1906,Ms,Jane w1906,Queens Rd,Beeston,Nottingham,01151517506,Jane_w1906@ncmpg.sch.uk
1907,Mr,Ben m1907,Oxford St,Lenton Abbey,Nottingham,01151511711,Ben_m1907@ueqfm.com
1908,Ms,Hana w1908,Welford Rd,Lenton Abbey,Nottingham,01151203180,Hana_w1908@hbojuco.uk
1909,Mr,Ben m1909,Queens Rd,Clifton,Nottingham,01151327858,Ben_m1909@retpo.org
1910,Ms,Mina w1910,Hotel St,Lenton Abbey,Nottingham,01151470978,Mina_w1910@djfhb.net
1911,Mr,Dean m1911,Hill St,Clifton,Nottingham,01151503638,Dean_m1911@jwxqxac.uk
1912,Ms,Pam w1912,King St,Beeston,Nottingham,01151757771,Pam_w1912@fzxzaco.uk
1913,Mr,Ben m1913,Gateway St,Radford,Nottingham,01151090854,Ben_m1913@iotgico.uk
1914,Ms,Lora w1914,Welford Rd,Beeston,Nottingham,01151256262,Lora_w1914@tqxxx.gov.uk
1915,Mr,Simon m1915,Burton St,West Bridgford,Nottingham,01151061879,Simon_m1915@iwmio.sch.uk
1916,Ms,Hana w1916,Bond St,Radford,Nottingham,01151839913,Hana_w1916@ostbe.sch.uk
1917,Mr,Zhou m1917,Kent St,Hyson Green,Nottingham,01151184787,Zhou_m1917@clbfu.com
1918,Ms,Chris w1918,Ring Rd,Beeston,Nottingham,01151965054,Chris_w1918@catfh.net
1919,Mr,Ben m1919,Ring Rd,Clifton,Nottingham,01151478102,Ben_m1919@hqtmj.com
1920,Ms,Tania w1920,Hotel St,Hyson Green,Nottingham,01151646567,Tania_w1920@npfpgac.uk
1921,Mr,Smith m1921,Burton St,Radford,Nottingham,01151073039,Smith_m1921@ploka.org
1922,Ms,Hana w1922,Ring Rd,Radford,Nottingham,01151349733,Hana_w1922@wzbeqac.uk
1923,Mr,Yang m1923,Gateway St,Radford,Nottingham,01151612405,Yang_m1923@cxxpk.org
1924,Ms,Anna w1924,Granby St,Lenton Abbey,Nottingham,01151845994,Anna_w1924@mlhukac.uk
1925,Mr,Dean m1925,Ring Rd,Radford,Nottingham,01151467344,Dean_m1925@ggmki.gov.uk
1926,Ms,Ann w1926,Wharf St,Beeston,Nottingham,01151355027,Ann_w1926@jvhph.net
1927,Mr,Simon m1927,Granby St,Radford,Nottingham,01151886200,Simon_m1927@ctwtw.sch.uk
1928,Ms,Victory w1928,Bond St,Clifton,Nottingham,01151102657,Victory_w1928@zaepp.sch.uk
1929,Mr,Eric m1929,Queens Rd,Lenton Abbey,Nottingham,01151932654,Eric_m1929@cmdsico.uk
1930,Ms,Ann w1930,Hotel St,Beeston,Nottingham,01151198372,Ann_w1930@xlzsg.com
1931,Mr,William m1931,Gateway St,Radford,Nottingham,01151077004,William_m1931@oqrib.org
1932,Ms,Anna w1932,Welford Rd,Hyson Green,Nottingham,01151944763,Anna_w1932@dszwsco.uk
1933,Mr,Ben m1933,Hotel St,Beeston,Nottingham,01151896026,Ben_m1933@vsgmv.org
1934,Ms,Diana w1934,Wharf St,Hyson Green,Nottingham,01151294317,Diana_w1934@dzdyz.sch.uk
1935,Mr,Wilson m1935,Hotel St,Radford,Nottingham,01151565661,Wilson_m1935@qlqne.net
1936,Ms,Jenny w1936,Kent St,Lenton Abbey,Nottingham,01151878110,Jenny_w1936@zxrux.org
1937,Mr,Peter m1937,Bond St,Hyson Green,Nottingham,01151922218,Peter_m1937@tdrdqac.uk
1938,Ms,Diana w1938,London Rd,Clifton,Nottingham,01151788840,Diana_w1938@luyao.gov.uk
1939,Mr,David m1939,Granby St,Clifton,Nottingham,01151885977,David_m1939@andnt.org
1940,Ms,Sally w1940,Kent St,West Bridgford,Nottingham,01151297277,Sally_w1940@pjfxq.net
1941,Mr,Wilson m1941,London Rd,Radford,Nottingham,01151464313,Wilson_m1941@icznjco.uk
1942,Ms,Diana w1942,Bond St,Clifton,Nottingham,01151747276,Diana_w1942@lwyoh.org
1943,Mr,Mohammad m1943,Newton St,West Bridgford,Nottingham,01151272958,Mohammad_m1943@ksdtd.net
1944,Ms,Diana w1944,London Rd,Radford,Nottingham,01151398527,Diana_w1944@obmleac.uk
1945,Mr,Ben m1945,Granby St,Radford,Nottingham,01151730198,Ben_m1945@mzezm.sch.uk
1946,Ms,Anna w1946,Oxford St,Radford,Nottingham,01151336983,Anna_w1946@laxfv.org
1947,Mr,Chris m1947,Hill St,Beeston,Nottingham,01151696102,Chris_m1947@joonr.org
1948,Ms,Pam w1948,Hill St,Lenton Abbey,Nottingham,01151340562,Pam_w1948@xsgctco.uk
1949,Mr,Watson m1949,Gateway St,Clifton,Nottingham,01151024690,Watson_m1949@xkzruco.uk
1950,Ms,Pam w1950,Kent St,Beeston,Nottingham,01151811764,Pam_w1950@rkhnk.sch.uk
1951,Mr,Wood m1951,Kent St,West Bridgford,Nottingham,01151734829,Wood_m1951@tbpmvac.uk
1952,Ms,Helen w1952,Ring Rd,Lenton Abbey,Nottingham,01151161661,Helen_w1952@hjziq.net
1953,Mr,Watson m1953,Queens Rd,Hyson Green,Nottingham,01151277768,Watson_m1953@wbefu.com
1954,Ms,Lora w1954,Oxford St,West Bridgford,Nottingham,01151037811,Lora_w1954@yhsrd.sch.uk
1955,Mr,Liu m1955,Wharf St,Beeston,Nottingham,01151586017,Liu_m1955@fxneb.sch.uk
1956,Ms,Mina w1956,Hotel St,Radford,Nottingham,01151478043,Mina_w1956@xvvqico.uk
1957,Mr,Paco m1957,Kent St,Radford,Nottingham,01151703012,Paco_m1957@yaciy.net
1958,Ms,Anna w1958,Oxford St,Beeston,Nottingham,01151661763,Anna_w1958@zsmfx.org
1959,Mr,Paco m1959,Kent St,Beeston,Nottingham,01151214251,Paco_m1959@nggtg.sch.uk
1960,Ms,Lily w1960,Victory St,Hyson Green,Nottingham,01151698768,Lily_w1960@rmjdt.org
1961,Mr,Simon m1961,Bond St,Lenton Abbey,Nottingham,01151687442,Simon_m1961@xatzoco.uk
1962,Ms,Ann w1962,Queens Rd,Hyson Green,Nottingham,01151133391,Ann_w1962@ejjptco.uk
1963,Mr,Bush m1963,Burton St,Beeston,Nottingham,01151404086,Bush_m1963@torar.net
1964,Ms,Lily w1964,Queens Rd,Radford,Nottingham,01151212197,Lily_w1964@cqiil.net
1965,Mr,Simon m1965,Hill St,Beeston,Nottingham,01151452488,Simon_m1965@sxeasac.uk
1966,Ms,Lily w1966,Oxford St,Hyson Green,Nottingham,01151993341,Lily_w1966@rgkfe.org
1967,Mr,Alex m1967,London Rd,Radford,Nottingham,01151066511,Alex_m1967@dvdizco.uk
1968,Ms,Luise w1968,Hill St,Clifton,Nottingham,01151501160,Luise_w1968@trfai.org
1969,Mr,Smith m1969,Newton St,Beeston,Nottingham,01151388501,Smith_m1969@vyzguac.uk
1970,Ms,Jenny w1970,Welford Rd,Hyson Green,Nottingham,01151587558,Jenny_w1970@guynw.gov.uk
1971,Mr,Chris m1971,Victory St,West Bridgford,Nottingham,01151402480,Chris_m1971@lxamgco.uk
1972,Ms,Mina w1972,Gateway St,Beeston,Nottingham,01151288509,Mina_w1972@ehopd.sch.uk
1973,Mr,Ben m1973,Wharf St,West Bridgford,Nottingham,01151210353,Ben_m1973@mysacac.uk
1974,Ms,Helen w1974,Welford Rd,Beeston,Nottingham,01151875354,Helen_w1974@dtefe.net
1975,Mr,Zhou m1975,Queens Rd,Beeston,Nottingham,01151410642,Zhou_m1975@gefku.org
1976,Ms,Tania w1976,Kent St,Beeston,Nottingham,01151183853,Tania_w1976@cyegmco.uk
1977,Mr,Watson m1977,Wharf St,Lenton Abbey,Nottingham,01151517939,Watson_m1977@bzoohac.uk
1978,Ms,Tania w1978,King St,Beeston,Nottingham,01151246719,Tania_w1978@szqhz.com
1979,Mr,Chris m1979,Gateway St,Lenton Abbey,Nottingham,01151524444,Chris_m1979@drrfj.net
1980,Ms,Chris w1980,Oxford St,Lenton Abbey,Nottingham,01151269529,Chris_w1980@uskph.sch.uk
1981,Mr,Ben m1981,Hill St,Beeston,Nottingham,01151171586,Ben_m1981@xryjx.com
1982,Ms,Hana w1982,Wharf St,Lenton Abbey,Nottingham,01151664906,Hana_w1982@gpjwg.net
1983,Mr,Alex m1983,Welford Rd,Lenton Abbey,Nottingham,01151667939,Alex_m1983@yndpwco.uk
1984,Ms,Lora w1984,Ring Rd,Beeston,Nottingham,01151908941,Lora_w1984@ieozlac.uk
1985,Mr,Eric m1985,Wharf St,Beeston,Nottingham,01151180649,Eric_m1985@ewwlp.org
1986,Ms,Lily w1986,Oxford St,West Bridgford,Nottingham,01151025163,Lily_w1986@yeibv.org
1987,Mr,Wood m1987,Gateway St,Hyson Green,Nottingham,01151021197,Wood_m1987@uguuk.net
1988,Ms,Anna w1988,Gateway St,Lenton Abbey,Nottingham,01151231617,Anna_w1988@saspq.org
1989,Mr,Ben m1989,Welford Rd,Beeston,Nottingham,01151508845,Ben_m1989@hospjac.uk
1990,Ms,Anna w1990,Burton St,Clifton,Nottingham,01151390476,Anna_w1990@gaazoac.uk
1991,Mr,Eric m1991,Oxford St,Lenton Abbey,Nottingham,01151098329,Eric_m1991@uqhkf.gov.uk
1992,Ms,Diana w1992,King St,Beeston,Nottingham,01151081775,Diana_w1992@quolh.sch.uk
1993,Mr,Peter m1993,Gateway St,West Bridgford,Nottingham,01151696213,Peter_m1993@aqqfdco.uk
1994,Ms,Victory w1994,Hill St,Radford,Nottingham,01151523786,Victory_w1994@wgoyq.org
1995,Mr,Smith m1995,Wharf St,Hyson Green,Nottingham,01151376355,Smith_m1995@scwyd.com
1996,Ms,Anna w1996,Burton St,Hyson Green,Nottingham,01151309061,Anna_w1996@eycrd.com
1997,Mr,Zhou m1997,London Rd,Hyson Green,Nottingham,01151696322,Zhou_m1997@qsuki.sch.uk
1998,Ms,Tania w1998,Oxford St,Hyson Green,Nottingham,01151781097,Tania_w1998@zlqpkac.uk
1999,Mr,Alex m1999,King St,Beeston,Nottingham,01151418757,Alex_m1999@awohn.org
2000,Ms,Helen w2000,Kent St,Beeston,Nottingham,01151188590,Helen_w2000@mmstfco.uk
2001,Mr,Brown m2001,Queens Rd,Hyson Green,Nottingham,01151636120,Brown_m2001@rxgzi.sch.uk
2002,Ms,Ann w2002,Ring Rd,Beeston,Nottingham,01151838973,Ann_w2002@uivyjac.uk
2003,Mr,Clinton m2003,Hotel St,Radford,Nottingham,01151116927,Clinton_m2003@cmlvvco.uk
2004,Ms,Tania w2004,London Rd,Lenton Abbey,Nottingham,01151996915,Tania_w2004@uwwutco.uk
2005,Mr,Bush m2005,London Rd,Radford,Nottingham,01151462034,Bush_m2005@itqevac.uk
2006,Ms,Jane w2006,Hotel St,Lenton Abbey,Nottingham,01151706552,Jane_w2006@ihtxr.org
2007,Mr,Yang m2007,Burton St,Radford,Nottingham,01151756454,Yang_m2007@tuysuac.uk
2008,Ms,Pam w2008,King St,Beeston,Nottingham,01151761946,Pam_w2008@grwwg.sch.uk
2009,Mr,Clinton m2009,Hill St,Hyson Green,Nottingham,01151972383,Clinton_m2009@ntabo.net
2010,Ms,Anna w2010,Burton St,West Bridgford,Nottingham,01151143135,Anna_w2010@bjhjo.sch.uk
2011,Mr,Wilson m2011,Oxford St,Radford,Nottingham,01151562820,Wilson_m2011@npigdac.uk
2012,Ms,Ann w2012,London Rd,Lenton Abbey,Nottingham,01151108353,Ann_w2012@rtrwd.com
2013,Mr,Alex m2013,Wharf St,Radford,Nottingham,01151338953,Alex_m2013@tthmo.org
2014,Ms,Jenny w2014,Queens Rd,Lenton Abbey,Nottingham,01151443435,Jenny_w2014@fvnju.org
2015,Mr,Lee m2015,Burton St,Beeston,Nottingham,01151117266,Lee_m2015@whdhi.sch.uk
2016,Ms,Luise w2016,Hill St,Radford,Nottingham,01151462022,Luise_w2016@uewbx.net
2017,Mr,Liu m2017,Welford Rd,Lenton Abbey,Nottingham,01151748457,Liu_m2017@txmdmco.uk
2018,Ms,Lora w2018,Hill St,West Bridgford,Nottingham,01151782627,Lora_w2018@ciqthac.uk
2019,Mr,Matthew m2019,Ring Rd,Beeston,Nottingham,01151335177,Matthew_m2019@jdxrz.sch.uk
2020,Ms,Tania w2020,Oxford St,Beeston,Nottingham,01151226268,Tania_w2020@fnayx.net
2021,Mr,Liu m2021,Victory St,Beeston,Nottingham,01151000985,Liu_m2021@xitip.net
2022,Ms,Jenny w2022,Hotel St,Beeston,Nottingham,01151943371,Jenny_w2022@zgkqc.org
2023,Mr,Liu m2023,Queens Rd,Lenton Abbey,Nottingham,01151628455,Liu_m2023@nloctco.uk
2024,Ms,Hana w2024,Granby St,Lenton Abbey,Nottingham,01151539075,Hana_w2024@ngixb.net
2025,Mr,Wood m2025,Burton St,West Bridgford,Nottingham,01151937392,Wood_m2025@jicam.net
2026,Ms,Hana w2026,King St,Radford,Nottingham,01151929869,Hana_w2026@ifyqk.org
2027,Mr,Watson m2027,Wharf St,Hyson Green,Nottingham,01151259612,Watson_m2027@wtosq.org
2028,Ms,Victory w2028,Welford Rd,West Bridgford,Nottingham,01151637894,Victory_w2028@dgaln.net
2029,Mr,Wilson m2029,Kent St,Beeston,Nottingham,01151845301,Wilson_m2029@rjavo.org
2030,Ms,Anna w2030,Kent St,Hyson Green,Nottingham,01151525888,Anna_w2030@wceahco.uk
2031,Mr,Matthew m2031,Kent St,Hyson Green,Nottingham,01151341540,Matthew_m2031@atzvyco.uk
2032,Ms,Jane w2032,London Rd,Lenton Abbey,Nottingham,01151843418,Jane_w2032@zgoai.sch.uk
2033,Mr,Mohammad m2033,Oxford St,Radford,Nottingham,01151114916,Mohammad_m2033@hdrbc.gov.uk
2034,Ms,Luise w2034,Bond St,Beeston,Nottingham,01151816169,Luise_w2034@mtovx.org
2035,Mr,Bush m2035,Welford Rd,Beeston,Nottingham,01151911843,Bush_m2035@zdajoac.uk
2036,Ms,Jenny w2036,Newton St,Lenton Abbey,Nottingham,01151892016,Jenny_w2036@hdyefco.uk
2037,Mr,Bush m2037,Ring Rd,Radford,Nottingham,01151038552,Bush_m2037@yuwhkco.uk
2038,Ms,Anna w2038,Queens Rd,Hyson Green,Nottingham,01151868066,Anna_w2038@awbyf.org
2039,Mr,Mohammad m2039,Victory St,West Bridgford,Nottingham,01151229066,Mohammad_m2039@rzonw.net
2040,Ms,Hana w2040,Hotel St,Hyson Green,Nottingham,01151843759,Hana_w2040@zzikqco.uk
2041,Mr,Mohammad m2041,London Rd,Radford,Nottingham,01151493379,Mohammad_m2041@wjoss.org
2042,Ms,Hana w2042,Bond St,West Bridgford,Nottingham,01151406642,Hana_w2042@ywwrpac.uk
2043,Mr,Matthew m2043,Hill St,Beeston,Nottingham,01151465280,Matthew_m2043@fssry.org
2044,Ms,Hana w2044,Welford Rd,Lenton Abbey,Nottingham,01151889346,Hana_w2044@lkats.gov.uk
2045,Mr,Clinton m2045,Welford Rd,Hyson Green,Nottingham,01151368297,Clinton_m2045@capvy.net
2046,Ms,Ann w2046,Queens Rd,Lenton Abbey,Nottingham,01151616641,Ann_w2046@dgukf.org
2047,Mr,Dean m2047,Ring Rd,West Bridgford,Nottingham,01151382637,Dean_m2047@xohikac.uk
2048,Ms,Victory w2048,Queens Rd,Beeston,Nottingham,01151590349,Victory_w2048@ufxov.org
2292,Ms,Chris w2292,London Rd,West Bridgford,Nottingham,01151458034,Chris_w2292@dkigc.sch.uk
2293,Mr,Chris m2293,Gateway St,Lenton Abbey,Nottingham,01151203285,Chris_m2293@zossnco.uk
2294,Ms,Sally w2294,Wharf St,Clifton,Nottingham,01151273090,Sally_w2294@ktglnac.uk
2295,Mr,Simon m2295,Hill St,Lenton Abbey,Nottingham,01151032541,Simon_m2295@agvyd.gov.uk
2296,Ms,Lily w2296,Bond St,Hyson Green,Nottingham,01151368388,Lily_w2296@rkcbp.net
2297,Mr,Liu m2297,Kent St,Hyson Green,Nottingham,01151642006,Liu_m2297@nfixk.com
2298,Ms,Jane w2298,Queens Rd,Radford,Nottingham,01151984095,Jane_w2298@wjsflac.uk
2299,Mr,Clinton m2299,Burton St,Lenton Abbey,Nottingham,01151862541,Clinton_m2299@paovp.net
2300,Ms,Luise w2300,Hotel St,Radford,Nottingham,01151805018,Luise_w2300@wpfxd.sch.uk
2301,Mr,Peter m2301,Ring Rd,Hyson Green,Nottingham,01151924105,Peter_m2301@azrzuac.uk
2302,Ms,Helen w2302,Queens Rd,West Bridgford,Nottingham,01151616843,Helen_w2302@vqisw.sch.uk
2303,Mr,Dean m2303,Burton St,Lenton Abbey,Nottingham,01151808889,Dean_m2303@tgvjg.net
2304,Ms,Ann w2304,Gateway St,West Bridgford,Nottingham,01151785607,Ann_w2304@lsqiaac.uk
2305,Mr,Chris m2305,King St,Clifton,Nottingham,01151409221,Chris_m2305@wifwv.com
2306,Ms,Lora w2306,Gateway St,Lenton Abbey,Nottingham,01151098338,Lora_w2306@dknrt.org
2307,Mr,Simon m2307,Gateway St,Lenton Abbey,Nottingham,01151901853,Simon_m2307@cniop.com
2308,Ms,Diana w2308,Queens Rd,Hyson Green,Nottingham,01151979301,Diana_w2308@zsbsq.com
2309,Mr,Watson m2309,Victory St,Lenton Abbey,Nottingham,01151270652,Watson_m2309@pbrzu.gov.uk
2310,Ms,Chris w2310,Burton St,West Bridgford,Nottingham,01151041646,Chris_w2310@rheea.sch.uk
2311,Mr,Clinton m2311,King St,Hyson Green,Nottingham,01151239343,Clinton_m2311@bsyniac.uk
2312,Ms,Diana w2312,Queens Rd,Hyson Green,Nottingham,01151578883,Diana_w2312@afqof.sch.uk
2313,Mr,Simon m2313,Wharf St,Hyson Green,Nottingham,01151972573,Simon_m2313@tkeqbac.uk
2314,Ms,Victory w2314,King St,Radford,Nottingham,01151341180,Victory_w2314@dbqog.net
2315,Mr,Smith m2315,Gateway St,Hyson Green,Nottingham,01151324593,Smith_m2315@zrqhl.sch.uk
2316,Ms,Victory w2316,Queens Rd,Radford,Nottingham,01151025413,Victory_w2316@lwrqi.org
2317,Mr,Scott m2317,Oxford St,Hyson Green,Nottingham,01151719205,Scott_m2317@ahlmn.com
2318,Ms,Anna w2318,Oxford St,Radford,Nottingham,01151866193,Anna_w2318@xavri.com
2319,Mr,Alex m2319,Granby St,Lenton Abbey,Nottingham,01151647380,Alex_m2319@hgykn.net
2320,Ms,Anna w2320,Bond St,Hyson Green,Nottingham,01151719753,Anna_w2320@vtatm.gov.uk
2321,Mr,Simon m2321,Burton St,Hyson Green,Nottingham,01151170378,Simon_m2321@czhoyco.uk
2322,Ms,Hana w2322,Burton St,West Bridgford,Nottingham,01151434453,Hana_w2322@cqaeh.com
2323,Mr,Clinton m2323,Granby St,Radford,Nottingham,01151099266,Clinton_m2323@sgjse.sch.uk
2324,Ms,Anna w2324,Burton St,Beeston,Nottingham,01151648979,Anna_w2324@xhpsb.net
2325,Mr,Zhou m2325,Ring Rd,Lenton Abbey,Nottingham,01151702222,Zhou_m2325@rjvvmac.uk
2326,Ms,Jenny w2326,London Rd,West Bridgford,Nottingham,01151000460,Jenny_w2326@wafgy.net
2327,Mr,Alex m2327,Burton St,Beeston,Nottingham,01151622434,Alex_m2327@ansugac.uk
2328,Ms,Lily w2328,Hill St,Lenton Abbey,Nottingham,01151439453,Lily_w2328@xbnlq.net
2329,Mr,Smith m2329,London Rd,Lenton Abbey,Nottingham,01151098113,Smith_m2329@njrga.gov.uk
2330,Ms,Anna w2330,Gateway St,West Bridgford,Nottingham,01151117596,Anna_w2330@qcjlw.sch.uk
2331,Mr,Liu m2331,Kent St,West Bridgford,Nottingham,01151639055,Liu_m2331@uhecw.org
2332,Ms,Hana w2332,Welford Rd,Lenton Abbey,Nottingham,01151527764,Hana_w2332@urwnjco.uk
2333,Mr,Liu m2333,Newton St,Radford,Nottingham,01151448724,Liu_m2333@kptzico.uk
2334,Ms,Anna w2334,Burton St,Radford,Nottingham,01151837344,Anna_w2334@zttkc.com
2335,Mr,Dean m2335,Oxford St,Beeston,Nottingham,01151299890,Dean_m2335@dxuaa.sch.uk
2336,Ms,Helen w2336,Granby St,Hyson Green,Nottingham,01151257337,Helen_w2336@dqmgf.org
2337,Mr,Wilson m2337,Welford Rd,Radford,Nottingham,01151202168,Wilson_m2337@tuats.org
2338,Ms,Anna w2338,Bond St,Lenton Abbey,Nottingham,01151675734,Anna_w2338@ffkzf.org
2339,Mr,Matthew m2339,Queens Rd,West Bridgford,Nottingham,01151644977,Matthew_m2339@bxxil.sch.uk
2340,Ms,Sally w2340,Kent St,Beeston,Nottingham,01151055137,Sally_w2340@cofkc.org
2341,Mr,Bush m2341,Hill St,Beeston,Nottingham,01151483430,Bush_m2341@ovnre.sch.uk
2342,Ms,Lora w2342,Gateway St,Beeston,Nottingham,01151415127,Lora_w2342@jmvdyco.uk
2343,Mr,Lee m2343,Granby St,Hyson Green,Nottingham,01151444518,Lee_m2343@wjuscac.uk
2344,Ms,Lora w2344,Welford Rd,Hyson Green,Nottingham,01151590185,Lora_w2344@dsevn.gov.uk
2345,Mr,Bush m2345,Bond St,Clifton,Nottingham,01151922575,Bush_m2345@uxboeco.uk
2346,Ms,Anna w2346,Hotel St,Clifton,Nottingham,01151358002,Anna_w2346@rqwavco.uk
2347,Mr,Bush m2347,Bond St,Radford,Nottingham,01151907911,Bush_m2347@masxf.net
2348,Ms,Anna w2348,Bond St,Clifton,Nottingham,01151403791,Anna_w2348@auwtq.net
2349,Mr,Watson m2349,King St,West Bridgford,Nottingham,01151657863,Watson_m2349@kyovcco.uk
2350,Ms,Luise w2350,Newton St,Lenton Abbey,Nottingham,01151961040,Luise_w2350@jtwuuco.uk
2351,Mr,David m2351,Gateway St,Radford,Nottingham,01151916205,David_m2351@jdwwi.sch.uk
2352,Ms,Victory w2352,Hill St,Hyson Green,Nottingham,01151105303,Victory_w2352@rylwf.sch.uk
2353,Mr,Wood m2353,Welford Rd,West Bridgford,Nottingham,01151006711,Wood_m2353@cagbk.com
2354,Ms,Ann w2354,Gateway St,Beeston,Nottingham,01151294706,Ann_w2354@ycpnx.gov.uk
2355,Mr,Smith m2355,Queens Rd,Radford,Nottingham,01151893698,Smith_m2355@cttjo.net
2356,Ms,Lily w2356,Bond St,Beeston,Nottingham,01151849117,Lily_w2356@fxvzu.org
2357,Mr,Wilson m2357,Welford Rd,Radford,Nottingham,01151859227,Wilson_m2357@athqt.org
2358,Ms,Luise w2358,Queens Rd,Radford,Nottingham,01151047829,Luise_w2358@fftzm.gov.uk
2359,Mr,Smith m2359,Kent St,West Bridgford,Nottingham,01151665466,Smith_m2359@pewqkco.uk
2360,Ms,Tania w2360,Victory St,Hyson Green,Nottingham,01151410445,Tania_w2360@kxnty.com
2361,Mr,Simon m2361,Granby St,Lenton Abbey,Nottingham,01151434045,Simon_m2361@guwqn.gov.uk
2362,Ms,Lora w2362,Hotel St,Radford,Nottingham,01151760674,Lora_w2362@twpzo.gov.uk
2363,Mr,Clinton m2363,Kent St,Clifton,Nottingham,01151845796,Clinton_m2363@fyalm.sch.uk
2364,Ms,Ann w2364,Wharf St,Hyson Green,Nottingham,01151324313,Ann_w2364@gwterac.uk
2365,Mr,Lee m2365,Kent St,Beeston,Nottingham,01151439042,Lee_m2365@szeigco.uk
2366,Ms,Lily w2366,Welford Rd,Lenton Abbey,Nottingham,01151379579,Lily_w2366@qedro.org
2367,Mr,Scott m2367,Granby St,Beeston,Nottingham,01151125176,Scott_m2367@hoocyco.uk
2368,Ms,Victory w2368,Granby St,Beeston,Nottingham,01151363953,Victory_w2368@bqkll.sch.uk
2369,Mr,Brown m2369,Ring Rd,West Bridgford,Nottingham,01151347600,Brown_m2369@yksdjac.uk
2370,Ms,Pam w2370,Hill St,Radford,Nottingham,01151831229,Pam_w2370@qjthyco.uk
2371,Mr,Eric m2371,Burton St,Hyson Green,Nottingham,01151860734,Eric_m2371@tfeajco.uk
2779,Mr,Yang m2779,Kent St,City Centre,Leicester,01162976005,Yang_m2779@glkvy.sch.uk
2780,Ms,Ann w2780,Victory St,Oadby,Leicester,01162833893,Ann_w2780@psnqu.sch.uk
2781,Mr,Matthew m2781,Hotel St,Oadby,Leicester,01162036376,Matthew_m2781@lbuhc.org
2782,Ms,Victory w2782,Wharf St,Wigston,Leicester,01162569801,Victory_w2782@qbhsi.sch.uk
2783,Mr,David m2783,Hill St,New Park,Leicester,01162288400,David_m2783@xhwvlac.uk
2784,Ms,Chris w2784,Welford Rd,West Knighton,Leicester,01162090820,Chris_w2784@cndlu.org
2785,Mr,Wilson m2785,Wharf St,City Centre,Leicester,01162166910,Wilson_m2785@vklngco.uk
2786,Ms,Victory w2786,Ring Rd,West Knighton,Leicester,01162959566,Victory_w2786@rutpm.gov.uk
2787,Mr,Clinton m2787,Hill St,Oadby,Leicester,01162023039,Clinton_m2787@nhptb.org
2788,Ms,Sally w2788,Newton St,Oadby,Leicester,01162320661,Sally_w2788@uxckr.org
2789,Mr,Mohammad m2789,Hill St,Oadby,Leicester,01162300835,Mohammad_m2789@golwn.com
2790,Ms,Diana w2790,Ring Rd,Wigston,Leicester,01162698411,Diana_w2790@doyxj.net
2791,Mr,Eric m2791,Kent St,City Centre,Leicester,01162621822,Eric_m2791@werlpac.uk
2792,Ms,Lora w2792,King St,West Knighton,Leicester,01162684352,Lora_w2792@hnjqo.sch.uk
2793,Mr,Dean m2793,Victory St,New Park,Leicester,01162725344,Dean_m2793@xkoeyco.uk
2794,Ms,Pam w2794,Hill St,City Centre,Leicester,01162227102,Pam_w2794@ibpnrac.uk
2795,Mr,Matthew m2795,Burton St,West Knighton,Leicester,01162814706,Matthew_m2795@czmmgac.uk
2796,Ms,Anna w2796,Ring Rd,Birstall,Leicester,01162780649,Anna_w2796@iibnpac.uk
2797,Mr,Alex m2797,Victory St,New Park,Leicester,01162883493,Alex_m2797@ftuhq.gov.uk
2798,Ms,Ann w2798,Kent St,Wigston,Leicester,01162511110,Ann_w2798@sgpql.gov.uk
2799,Mr,Scott m2799,Welford Rd,Wigston,Leicester,01162392875,Scott_m2799@nbqza.net
2800,Ms,Lily w2800,Welford Rd,West Knighton,Leicester,01162518100,Lily_w2800@tfqgkco.uk
2801,Mr,Watson m2801,Queens Rd,Oadby,Leicester,01162502741,Watson_m2801@pqshj.org
2802,Ms,Anna w2802,Wharf St,West Knighton,Leicester,01162513316,Anna_w2802@iossp.sch.uk
2803,Mr,Brown m2803,Kent St,Birstall,Leicester,01162533768,Brown_m2803@dyboi.com
2804,Ms,Anna w2804,Oxford St,West Knighton,Leicester,01162597375,Anna_w2804@xvqst.org
2805,Mr,Watson m2805,Queens Rd,Oadby,Leicester,01162748644,Watson_m2805@lpxwmac.uk
2806,Ms,Hana w2806,Granby St,Wigston,Leicester,01162884981,Hana_w2806@asckv.net
2807,Mr,Scott m2807,Gateway St,Oadby,Leicester,01162440783,Scott_m2807@eruhuco.uk
2808,Ms,Lily w2808,Welford Rd,Birstall,Leicester,01162407213,Lily_w2808@eeezrac.uk
2809,Mr,Watson m2809,London Rd,Oadby,Leicester,01162037673,Watson_m2809@okhmn.net
2810,Ms,Anna w2810,Bond St,Wigston,Leicester,01162655252,Anna_w2810@bcpzg.org
2811,Mr,Peter m2811,Oxford St,Oadby,Leicester,01162453300,Peter_m2811@vorsqco.uk
2812,Ms,Lily w2812,Hill St,New Park,Leicester,01162119119,Lily_w2812@tqukgac.uk
2813,Mr,Ben m2813,Welford Rd,Oadby,Leicester,01162465186,Ben_m2813@fottbac.uk
2814,Ms,Lily w2814,Hotel St,Birstall,Leicester,01162558957,Lily_w2814@qesme.org
2815,Mr,Scott m2815,London Rd,Birstall,Leicester,01162043364,Scott_m2815@remsv.gov.uk
2816,Ms,Sally w2816,Granby St,City Centre,Leicester,01162746397,Sally_w2816@xmgld.net
2817,Mr,Mohammad m2817,Kent St,Oadby,Leicester,01162734617,Mohammad_m2817@thjzfac.uk
2818,Ms,Jenny w2818,Welford Rd,Birstall,Leicester,01162553418,Jenny_w2818@ufeuqac.uk
2819,Mr,Alex m2819,Burton St,Oadby,Leicester,01162798863,Alex_m2819@aawrq.gov.uk
2820,Ms,Mina w2820,King St,Wigston,Leicester,01162095935,Mina_w2820@wtnwxco.uk
2821,Mr,Matthew m2821,Ring Rd,Birstall,Leicester,01162308053,Matthew_m2821@ogmvt.org
2822,Ms,Lily w2822,King St,Oadby,Leicester,01162967810,Lily_w2822@fcudj.net
2823,Mr,Alex m2823,Wharf St,West Knighton,Leicester,01162634287,Alex_m2823@ipsmcac.uk
2824,Ms,Tania w2824,Victory St,Oadby,Leicester,01162785803,Tania_w2824@qzpab.net
2825,Mr,Yang m2825,Welford Rd,New Park,Leicester,01162808098,Yang_m2825@olsfs.com
2826,Ms,Diana w2826,King St,Oadby,Leicester,01162836554,Diana_w2826@kfter.net
2827,Mr,Wood m2827,Granby St,Oadby,Leicester,01162782415,Wood_m2827@fjvstco.uk
2828,Ms,Ann w2828,King St,Oadby,Leicester,01162195764,Ann_w2828@chdnl.sch.uk
2829,Mr,Eric m2829,Victory St,City Centre,Leicester,01162832511,Eric_m2829@fldyjac.uk
2830,Ms,Luise w2830,Ring Rd,Wigston,Leicester,01162682014,Luise_w2830@hlurc.org
2831,Mr,Dean m2831,Victory St,Wigston,Leicester,01162214563,Dean_m2831@qpbro.org
2832,Ms,Luise w2832,Newton St,New Park,Leicester,01162262471,Luise_w2832@emabh.sch.uk
2833,Mr,Mohammad m2833,Gateway St,Wigston,Leicester,01162947730,Mohammad_m2833@gyzzcac.uk
2834,Ms,Lora w2834,Oxford St,West Knighton,Leicester,01162712630,Lora_w2834@rtstnac.uk
2835,Mr,Eric m2835,Hotel St,Wigston,Leicester,01162370982,Eric_m2835@fjepm.net
2836,Ms,Pam w2836,Granby St,Oadby,Leicester,01162507386,Pam_w2836@mggxo.sch.uk
2837,Mr,Eric m2837,Wharf St,New Park,Leicester,01162602109,Eric_m2837@cmggrco.uk
2838,Ms,Diana w2838,Hotel St,Oadby,Leicester,01162531691,Diana_w2838@zygwm.org
2839,Mr,Alex m2839,Newton St,Birstall,Leicester,01162275072,Alex_m2839@zrsxj.com
2840,Ms,Luise w2840,Burton St,Wigston,Leicester,01162142786,Luise_w2840@qzxhcac.uk
2841,Mr,Wood m2841,Oxford St,West Knighton,Leicester,01162322306,Wood_m2841@foxhuac.uk
2842,Ms,Tania w2842,Queens Rd,New Park,Leicester,01162681599,Tania_w2842@wniqo.net
2843,Mr,Alex m2843,London Rd,New Park,Leicester,01162126106,Alex_m2843@reyuo.gov.uk
2844,Ms,Luise w2844,Victory St,Birstall,Leicester,01162204758,Luise_w2844@oqdqnac.uk
2845,Mr,Wood m2845,Gateway St,Oadby,Leicester,01162911177,Wood_m2845@wqqbpac.uk
2846,Ms,Ann w2846,King St,City Centre,Leicester,01162068580,Ann_w2846@ptegx.com
2847,Mr,Simon m2847,Queens Rd,Wigston,Leicester,01162310179,Simon_m2847@vaqgp.org
2848,Ms,Anna w2848,Queens Rd,Birstall,Leicester,01162642005,Anna_w2848@ammdwac.uk
2849,Mr,Matthew m2849,Burton St,City Centre,Leicester,01162439173,Matthew_m2849@brwib.net
2850,Ms,Helen w2850,Victory St,Wigston,Leicester,01162115724,Helen_w2850@htmgp.sch.uk
2851,Mr,Alex m2851,Hill St,New Park,Leicester,01162364599,Alex_m2851@iejngco.uk
2852,Ms,Ann w2852,Bond St,Birstall,Leicester,01162145102,Ann_w2852@zskokco.uk
2853,Mr,Brown m2853,Ring Rd,Birstall,Leicester,01162993245,Brown_m2853@hyvzf.com
2854,Ms,Ann w2854,Hotel St,New Park,Leicester,01162921423,Ann_w2854@qapeh.sch.uk
2855,Mr,David m2855,Victory St,Wigston,Leicester,01162418812,David_m2855@cbyxxco.uk
2856,Ms,Chris w2856,Wharf St,Wigston,Leicester,01162856482,Chris_w2856@iqouv.net
2857,Mr,Smith m2857,Wharf St,Wigston,Leicester,01162946543,Smith_m2857@zloxl.sch.uk
2858,Ms,Diana w2858,Wharf St,Oadby,Leicester,01162459470,Diana_w2858@efofrco.uk
2859,Mr,Chris m2859,London Rd,Wigston,Leicester,01162413474,Chris_m2859@hgfby.net
2860,Ms,Lora w2860,Bond St,New Park,Leicester,01162680771,Lora_w2860@txdep.gov.uk
2861,Mr,Clinton m2861,Welford Rd,City Centre,Leicester,01162263640,Clinton_m2861@slgdzco.uk
2372,Ms,Hana w2372,Wharf St,West Bridgford,Nottingham,01151004258,Hana_w2372@muuarco.uk
2373,Mr,Zhou m2373,Bond St,Beeston,Nottingham,01151882738,Zhou_m2373@aiqtoco.uk
2374,Ms,Lora w2374,London Rd,Clifton,Nottingham,01151561589,Lora_w2374@vndbhac.uk
2375,Mr,Peter m2375,Ring Rd,West Bridgford,Nottingham,01151416269,Peter_m2375@jtfjt.org
2376,Ms,Diana w2376,Bond St,Hyson Green,Nottingham,01151358766,Diana_w2376@lzodw.gov.uk
2377,Mr,David m2377,Oxford St,Radford,Nottingham,01151439525,David_m2377@ipegc.com
2378,Ms,Hana w2378,Hotel St,Beeston,Nottingham,01151242167,Hana_w2378@uzgxc.org
2379,Mr,Yang m2379,Victory St,Radford,Nottingham,01151286685,Yang_m2379@ydrbf.gov.uk
2380,Ms,Mina w2380,Oxford St,Lenton Abbey,Nottingham,01151944619,Mina_w2380@qxefr.sch.uk
2381,Mr,Eric m2381,Welford Rd,Lenton Abbey,Nottingham,01151109382,Eric_m2381@jmvebco.uk
2382,Ms,Diana w2382,Burton St,Lenton Abbey,Nottingham,01151592472,Diana_w2382@srqupac.uk
2383,Mr,Simon m2383,Bond St,Beeston,Nottingham,01151804161,Simon_m2383@kjvzuac.uk
2384,Ms,Victory w2384,Oxford St,Hyson Green,Nottingham,01151665663,Victory_w2384@jihch.net
2385,Mr,Alex m2385,Bond St,Lenton Abbey,Nottingham,01151119286,Alex_m2385@yesmm.gov.uk
2386,Ms,Sally w2386,Burton St,Radford,Nottingham,01151423690,Sally_w2386@vofdqco.uk
2387,Mr,Simon m2387,Hill St,Beeston,Nottingham,01151738797,Simon_m2387@vjvukac.uk
2388,Ms,Anna w2388,Wharf St,Hyson Green,Nottingham,01151203459,Anna_w2388@hwlgz.org
2389,Mr,Lee m2389,Burton St,Hyson Green,Nottingham,01151982310,Lee_m2389@uapygco.uk
2390,Ms,Lora w2390,Hotel St,West Bridgford,Nottingham,01151605837,Lora_w2390@sszrxco.uk
2391,Mr,David m2391,Wharf St,Beeston,Nottingham,01151978214,David_m2391@flfcb.net
2392,Ms,Tania w2392,Bond St,Clifton,Nottingham,01151529682,Tania_w2392@pmsji.sch.uk
2393,Mr,Paco m2393,Newton St,Radford,Nottingham,01151307030,Paco_m2393@blutd.sch.uk
2394,Ms,Luise w2394,Ring Rd,Lenton Abbey,Nottingham,01151950998,Luise_w2394@bjmbw.gov.uk
2395,Mr,Mohammad m2395,King St,Radford,Nottingham,01151733266,Mohammad_m2395@zhjqj.org
2396,Ms,Jane w2396,Hotel St,Lenton Abbey,Nottingham,01151206246,Jane_w2396@omozo.org
2397,Mr,Simon m2397,Victory St,Beeston,Nottingham,01151662080,Simon_m2397@ghrsr.net
2398,Ms,Anna w2398,Queens Rd,Radford,Nottingham,01151231159,Anna_w2398@udetaac.uk
2399,Mr,Yang m2399,Burton St,Radford,Nottingham,01151076648,Yang_m2399@nnheq.gov.uk
2400,Ms,Mina w2400,Queens Rd,Hyson Green,Nottingham,01151872755,Mina_w2400@tlqwv.com
2401,Mr,Matthew m2401,Granby St,Radford,Nottingham,01151632956,Matthew_m2401@tqztr.org
2402,Ms,Anna w2402,Bond St,Beeston,Nottingham,01151198568,Anna_w2402@uebza.sch.uk
2403,Mr,Scott m2403,Queens Rd,Beeston,Nottingham,01151102258,Scott_m2403@nzmdd.sch.uk
2404,Ms,Diana w2404,Queens Rd,Hyson Green,Nottingham,01151620491,Diana_w2404@fggfj.org
2405,Mr,Scott m2405,Oxford St,Clifton,Nottingham,01151502907,Scott_m2405@eayij.sch.uk
2406,Ms,Pam w2406,Gateway St,West Bridgford,Nottingham,01151046374,Pam_w2406@nffgw.org
2407,Mr,David m2407,Hill St,Radford,Nottingham,01151994723,David_m2407@qvnqv.sch.uk
2408,Ms,Anna w2408,London Rd,Hyson Green,Nottingham,01151926331,Anna_w2408@kevuu.org
2409,Mr,Yang m2409,London Rd,Lenton Abbey,Nottingham,01151498459,Yang_m2409@wkebu.net
2410,Ms,Ann w2410,Hotel St,West Bridgford,Nottingham,01151011560,Ann_w2410@vmpaoac.uk
2411,Mr,Wilson m2411,Wharf St,Lenton Abbey,Nottingham,01151138249,Wilson_m2411@icmzn.gov.uk
2412,Ms,Sally w2412,Kent St,Lenton Abbey,Nottingham,01151776990,Sally_w2412@tdbfp.net
2413,Mr,Wood m2413,Hotel St,Radford,Nottingham,01151105224,Wood_m2413@cwvaq.org
2414,Ms,Chris w2414,Oxford St,Radford,Nottingham,01151768433,Chris_w2414@xedgu.org
2415,Mr,David m2415,Victory St,Beeston,Nottingham,01151230660,David_m2415@qmtty.org
2416,Ms,Luise w2416,Hill St,Radford,Nottingham,01151309837,Luise_w2416@ulezk.net
2417,Mr,Brown m2417,Ring Rd,Radford,Nottingham,01151655750,Brown_m2417@gqrdn.com
2418,Ms,Lora w2418,Gateway St,Hyson Green,Nottingham,01151974994,Lora_w2418@ovbhq.sch.uk
2419,Mr,Wilson m2419,Queens Rd,Beeston,Nottingham,01151835359,Wilson_m2419@ygxzgac.uk
2420,Ms,Mina w2420,Queens Rd,Radford,Nottingham,01151910019,Mina_w2420@jbzymco.uk
2421,Mr,Bush m2421,Hill St,Hyson Green,Nottingham,01151008387,Bush_m2421@ginby.org
2422,Ms,Mina w2422,Victory St,Lenton Abbey,Nottingham,01151851777,Mina_w2422@ydxec.org
2423,Mr,Alex m2423,Bond St,Hyson Green,Nottingham,01151750784,Alex_m2423@gskab.sch.uk
2424,Ms,Tania w2424,Kent St,Radford,Nottingham,01151934206,Tania_w2424@wvgnb.sch.uk
2425,Mr,Simon m2425,Ring Rd,Hyson Green,Nottingham,01151988440,Simon_m2425@ohzep.com
2426,Ms,Victory w2426,Wharf St,Radford,Nottingham,01151927403,Victory_w2426@mvqnr.sch.uk
2427,Mr,Zhou m2427,Gateway St,Hyson Green,Nottingham,01151482810,Zhou_m2427@foalkac.uk
2428,Ms,Ann w2428,Queens Rd,Beeston,Nottingham,01151725501,Ann_w2428@yxoea.gov.uk
2429,Mr,Dean m2429,Oxford St,Radford,Nottingham,01151396067,Dean_m2429@mpxglco.uk
2430,Ms,Anna w2430,Wharf St,West Bridgford,Nottingham,01151392008,Anna_w2430@akaii.sch.uk
2431,Mr,Clinton m2431,Burton St,Clifton,Nottingham,01151215160,Clinton_m2431@hveiico.uk
2432,Ms,Lily w2432,Burton St,Clifton,Nottingham,01151369957,Lily_w2432@sucpuco.uk
2433,Mr,Dean m2433,King St,Hyson Green,Nottingham,01151160895,Dean_m2433@frjsr.net
2434,Ms,Victory w2434,Gateway St,Clifton,Nottingham,01151232443,Victory_w2434@joztrco.uk
2435,Mr,Zhou m2435,Newton St,Radford,Nottingham,01151841419,Zhou_m2435@ankln.net
2436,Ms,Mina w2436,Hotel St,Hyson Green,Nottingham,01151583804,Mina_w2436@zsgdh.gov.uk
2437,Mr,Dean m2437,Hill St,Radford,Nottingham,01151994602,Dean_m2437@trubxac.uk
2438,Ms,Lily w2438,Victory St,West Bridgford,Nottingham,01151993707,Lily_w2438@acektco.uk
2439,Mr,Clinton m2439,Hotel St,Lenton Abbey,Nottingham,01151706835,Clinton_m2439@gtaqs.sch.uk
2440,Ms,Victory w2440,Gateway St,Clifton,Nottingham,01151761395,Victory_w2440@ryeza.sch.uk
2441,Mr,Yang m2441,Wharf St,Radford,Nottingham,01151273069,Yang_m2441@tgquj.net
2442,Ms,Hana w2442,Burton St,Radford,Nottingham,01151725334,Hana_w2442@lpjoq.net
2443,Mr,Smith m2443,Ring Rd,Lenton Abbey,Nottingham,01151723797,Smith_m2443@afmhwac.uk
2444,Ms,Chris w2444,Victory St,West Bridgford,Nottingham,01151651011,Chris_w2444@awuxnco.uk
2445,Mr,Dean m2445,Newton St,Beeston,Nottingham,01151046915,Dean_m2445@ycsmz.org
2446,Ms,Hana w2446,Queens Rd,Hyson Green,Nottingham,01151421166,Hana_w2446@fdjdvac.uk
2447,Mr,Smith m2447,Bond St,Clifton,Nottingham,01151324153,Smith_m2447@tvnwn.com
2448,Ms,Sally w2448,Hill St,Clifton,Nottingham,01151424048,Sally_w2448@qddpt.org
2449,Mr,Zhou m2449,Granby St,Radford,Nottingham,01151743336,Zhou_m2449@gwcqz.net
2450,Ms,Mina w2450,Burton St,Radford,Nottingham,01151646712,Mina_w2450@mmvsu.sch.uk
2451,Mr,Liu m2451,Hotel St,Radford,Nottingham,01151159642,Liu_m2451@hzhcc.sch.uk
2452,Ms,Lora w2452,Bond St,Hyson Green,Nottingham,01151089774,Lora_w2452@vrqzi.com
2453,Mr,Dean m2453,London Rd,Beeston,Nottingham,01151588786,Dean_m2453@quope.net
2454,Ms,Ann w2454,Gateway St,Radford,Nottingham,01151824950,Ann_w2454@imhnx.org
2455,Mr,Liu m2455,Kent St,Hyson Green,Nottingham,01151989181,Liu_m2455@wqlwhac.uk
2456,Ms,Anna w2456,Victory St,West Bridgford,Nottingham,01151440813,Anna_w2456@azpso.sch.uk
2457,Mr,Peter m2457,King St,Radford,Nottingham,01151894457,Peter_m2457@mgfun.gov.uk
2458,Ms,Lora w2458,Hotel St,Beeston,Nottingham,01151789641,Lora_w2458@amewh.org
2459,Mr,Chris m2459,Hotel St,Lenton Abbey,Nottingham,01151401300,Chris_m2459@stvnq.gov.uk
2460,Ms,Victory w2460,Oxford St,Radford,Nottingham,01151842657,Victory_w2460@xpjnsco.uk
2461,Mr,Chris m2461,Gateway St,West Bridgford,Nottingham,01151122418,Chris_m2461@nqncv.net
2462,Ms,Helen w2462,Victory St,Beeston,Nottingham,01151855186,Helen_w2462@woqjtco.uk
2463,Mr,Zhou m2463,Welford Rd,Hyson Green,Nottingham,01151434399,Zhou_m2463@muakpco.uk
2464,Ms,Anna w2464,Granby St,Hyson Green,Nottingham,01151539110,Anna_w2464@rupuq.net
2465,Mr,Chris m2465,Ring Rd,Hyson Green,Nottingham,01151748031,Chris_m2465@qfgdsac.uk
2466,Ms,Chris w2466,King St,Hyson Green,Nottingham,01151294239,Chris_w2466@nlmag.gov.uk
2467,Mr,Chris m2467,Hotel St,Lenton Abbey,Nottingham,01151326684,Chris_m2467@txunk.sch.uk
2468,Ms,Jane w2468,Hotel St,Radford,Nottingham,01151946882,Jane_w2468@vqqqu.org
2469,Mr,David m2469,Hotel St,Radford,Nottingham,01151760060,David_m2469@ftbvl.net
2470,Ms,Anna w2470,Queens Rd,Radford,Nottingham,01151309320,Anna_w2470@ouhjm.sch.uk
2471,Mr,Wood m2471,Gateway St,Radford,Nottingham,01151496332,Wood_m2471@swrbr.sch.uk
2472,Ms,Jane w2472,Queens Rd,Radford,Nottingham,01151226982,Jane_w2472@bypqr.sch.uk
2473,Mr,David m2473,Bond St,Beeston,Nottingham,01151491083,David_m2473@eeqli.sch.uk
2474,Ms,Diana w2474,Hill St,Radford,Nottingham,01151965617,Diana_w2474@bxvzr.sch.uk
2475,Mr,Mohammad m2475,Wharf St,Clifton,Nottingham,01151129651,Mohammad_m2475@kdnhz.net
2476,Ms,Lora w2476,Queens Rd,Hyson Green,Nottingham,01151789492,Lora_w2476@lmvoxac.uk
2477,Mr,David m2477,Bond St,Lenton Abbey,Nottingham,01151342914,David_m2477@cziwb.net
2478,Ms,Jenny w2478,Hotel St,Beeston,Nottingham,01151340627,Jenny_w2478@ojfwpco.uk
2479,Mr,Zhou m2479,Hill St,Lenton Abbey,Nottingham,01151099610,Zhou_m2479@tsios.org
2480,Ms,Mina w2480,King St,Beeston,Nottingham,01151522860,Mina_w2480@cwrewco.uk
2481,Mr,Peter m2481,Ring Rd,Lenton Abbey,Nottingham,01151150795,Peter_m2481@bnccwco.uk
2482,Ms,Pam w2482,Hotel St,Hyson Green,Nottingham,01151847413,Pam_w2482@onzow.com
2483,Mr,Zhou m2483,Welford Rd,Beeston,Nottingham,01151565056,Zhou_m2483@bfeth.sch.uk
2484,Ms,Chris w2484,Queens Rd,Clifton,Nottingham,01151450495,Chris_w2484@yjblm.net
2485,Mr,Liu m2485,Ring Rd,Clifton,Nottingham,01151567043,Liu_m2485@bfhuoco.uk
2486,Ms,Luise w2486,Oxford St,Lenton Abbey,Nottingham,01151982225,Luise_w2486@fwhigco.uk
2487,Mr,Matthew m2487,King St,Radford,Nottingham,01151303871,Matthew_m2487@qxsyu.net
2488,Ms,Lily w2488,Kent St,Radford,Nottingham,01151419912,Lily_w2488@bdlegac.uk
2489,Mr,Liu m2489,Hotel St,Beeston,Nottingham,01151970244,Liu_m2489@wydrn.sch.uk
2490,Ms,Pam w2490,Queens Rd,Beeston,Nottingham,01151632228,Pam_w2490@vrxkbac.uk
2491,Mr,Simon m2491,Welford Rd,Radford,Nottingham,01151198603,Simon_m2491@jotrv.sch.uk
2492,Ms,Lily w2492,Newton St,Hyson Green,Nottingham,01151423944,Lily_w2492@ktdxd.org
2493,Mr,Bush m2493,Queens Rd,Beeston,Nottingham,01151674123,Bush_m2493@eamnl.sch.uk
2494,Ms,Pam w2494,Victory St,Lenton Abbey,Nottingham,01151561756,Pam_w2494@ykahqco.uk
2495,Mr,Scott m2495,Victory St,Hyson Green,Nottingham,01151250466,Scott_m2495@lixeo.net
2496,Ms,Mina w2496,Oxford St,West Bridgford,Nottingham,01151565128,Mina_w2496@zxujnco.uk
2497,Mr,Lee m2497,Bond St,Hyson Green,Nottingham,01151216296,Lee_m2497@xcdzi.sch.uk
2498,Ms,Diana w2498,Hill St,Radford,Nottingham,01151320378,Diana_w2498@stpauco.uk
2499,Mr,Ben m2499,Hotel St,Beeston,Nottingham,01151480987,Ben_m2499@rjygx.gov.uk
2500,Ms,Diana w2500,Burton St,West Bridgford,Nottingham,01151377295,Diana_w2500@obyfd.net
2501,Mr,Smith m2501,Kent St,Hyson Green,Nottingham,01151125969,Smith_m2501@rcyqqac.uk
2502,Ms,Sally w2502,Wharf St,Beeston,Nottingham,01151788708,Sally_w2502@usuws.net
2503,Mr,Watson m2503,Hill St,Radford,Nottingham,01151249584,Watson_m2503@mqfrpco.uk
2504,Ms,Lora w2504,Hill St,Lenton Abbey,Nottingham,01151701406,Lora_w2504@regesac.uk
2505,Mr,Zhou m2505,Wharf St,Radford,Nottingham,01151018734,Zhou_m2505@lymhwco.uk
2506,Ms,Ann w2506,Gateway St,Lenton Abbey,Nottingham,01151127180,Ann_w2506@chfyoco.uk
2507,Mr,Mohammad m2507,Gateway St,Beeston,Nottingham,01151413414,Mohammad_m2507@ruzab.net
2508,Ms,Ann w2508,Bond St,Beeston,Nottingham,01151535473,Ann_w2508@sbiss.net
2509,Mr,Matthew m2509,Granby St,West Bridgford,Nottingham,01151130154,Matthew_m2509@xedir.gov.uk
2510,Ms,Victory w2510,Newton St,Lenton Abbey,Nottingham,01151826471,Victory_w2510@hxnoc.sch.uk
2511,Mr,Brown m2511,Burton St,West Bridgford,Nottingham,01151924333,Brown_m2511@svbso.com
2512,Ms,Victory w2512,Queens Rd,Hyson Green,Nottingham,01151260243,Victory_w2512@ntffc.sch.uk
2513,Mr,Peter m2513,Ring Rd,Beeston,Nottingham,01151134443,Peter_m2513@qnamn.net
2514,Ms,Helen w2514,Gateway St,Beeston,Nottingham,01151471198,Helen_w2514@jgedmac.uk
2515,Mr,Smith m2515,Burton St,Beeston,Nottingham,01151636679,Smith_m2515@uozgc.sch.uk
2516,Ms,Jane w2516,Wharf St,Radford,Nottingham,01151983379,Jane_w2516@yolhwco.uk
2517,Mr,Eric m2517,Victory St,Lenton Abbey,Nottingham,01151437176,Eric_m2517@agqjx.gov.uk
2518,Ms,Mina w2518,Oxford St,West Bridgford,Nottingham,01151306901,Mina_w2518@qvgrv.net
2519,Mr,Mohammad m2519,Newton St,Clifton,Nottingham,01151953466,Mohammad_m2519@gvhmpco.uk
2520,Ms,Lora w2520,Newton St,Lenton Abbey,Nottingham,01151117159,Lora_w2520@myekm.net
2521,Mr,Watson m2521,Victory St,West Bridgford,Nottingham,01151744190,Watson_m2521@dydkgac.uk
2522,Ms,Anna w2522,London Rd,Hyson Green,Nottingham,01151172558,Anna_w2522@rtuli.sch.uk
2523,Mr,Chris m2523,Kent St,Hyson Green,Nottingham,01151637750,Chris_m2523@buxfv.org
2524,Ms,Luise w2524,Gateway St,Hyson Green,Nottingham,01151358517,Luise_w2524@zwxjqac.uk
2525,Mr,Zhou m2525,Kent St,Beeston,Nottingham,01151900123,Zhou_m2525@zkxop.org
2526,Ms,Diana w2526,Wharf St,West Bridgford,Nottingham,01151984657,Diana_w2526@qctbh.sch.uk
2527,Mr,Scott m2527,Gateway St,Lenton Abbey,Nottingham,01151774037,Scott_m2527@ufnme.gov.uk
2528,Ms,Hana w2528,Newton St,West Bridgford,Nottingham,01151450078,Hana_w2528@tombfac.uk
2529,Mr,Smith m2529,Victory St,Lenton Abbey,Nottingham,01151807086,Smith_m2529@fcdgt.sch.uk
2530,Ms,Victory w2530,Queens Rd,Lenton Abbey,Nottingham,01151341512,Victory_w2530@vlyxg.org
2531,Mr,Wilson m2531,London Rd,Clifton,Nottingham,01151951191,Wilson_m2531@okzif.org
2532,Ms,Sally w2532,Bond St,Lenton Abbey,Nottingham,01151675420,Sally_w2532@ihqyxco.uk
2533,Mr,Scott m2533,Ring Rd,Radford,Nottingham,01151971804,Scott_m2533@tvdqi.gov.uk
2534,Ms,Lora w2534,Granby St,Clifton,Nottingham,01151275687,Lora_w2534@wtfwp.gov.uk
2535,Mr,Matthew m2535,Granby St,Lenton Abbey,Nottingham,01151933330,Matthew_m2535@ngzpjco.uk
2536,Ms,Sally w2536,Welford Rd,Clifton,Nottingham,01151043722,Sally_w2536@ydyvp.gov.uk
2537,Mr,Matthew m2537,King St,Radford,Nottingham,01151253645,Matthew_m2537@nzmdb.gov.uk
2538,Ms,Helen w2538,Burton St,Hyson Green,Nottingham,01151805822,Helen_w2538@kdgegco.uk
2539,Mr,Yang m2539,Hotel St,Radford,Nottingham,01151902729,Yang_m2539@amcfq.org
2540,Ms,Tania w2540,Hotel St,Beeston,Nottingham,01151252253,Tania_w2540@vmkjl.org
2541,Mr,Watson m2541,Welford Rd,West Bridgford,Nottingham,01151240756,Watson_m2541@hhqur.org
2542,Ms,Lily w2542,Granby St,Radford,Nottingham,01151391570,Lily_w2542@jymsyac.uk
2543,Mr,Wilson m2543,Oxford St,Beeston,Nottingham,01151960912,Wilson_m2543@njpdnac.uk
2544,Ms,Hana w2544,Burton St,Beeston,Nottingham,01151086199,Hana_w2544@soyyi.net
2545,Mr,Chris m2545,Bond St,Clifton,Nottingham,01151954796,Chris_m2545@tynlw.gov.uk
2546,Ms,Mina w2546,Kent St,Hyson Green,Nottingham,01151677625,Mina_w2546@ncjfl.sch.uk
2547,Mr,Mohammad m2547,Wharf St,Beeston,Nottingham,01151550066,Mohammad_m2547@aedlj.net
2548,Ms,Mina w2548,Kent St,Hyson Green,Nottingham,01151529335,Mina_w2548@toblc.gov.uk
2549,Mr,Liu m2549,Hill St,West Bridgford,Nottingham,01151219125,Liu_m2549@vsylb.org
2550,Ms,Mina w2550,Welford Rd,Hyson Green,Nottingham,01151669940,Mina_w2550@mqgxpac.uk
2551,Mr,Mohammad m2551,Granby St,Lenton Abbey,Nottingham,01151040755,Mohammad_m2551@fyfpb.sch.uk
2552,Ms,Helen w2552,Wharf St,Radford,Nottingham,01151445821,Helen_w2552@zdqsrac.uk
2553,Mr,Scott m2553,Oxford St,Radford,Nottingham,01151379891,Scott_m2553@pncrl.gov.uk
2554,Ms,Mina w2554,Bond St,Hyson Green,Nottingham,01151636834,Mina_w2554@tenfl.sch.uk
2555,Mr,Watson m2555,Wharf St,Clifton,Nottingham,01151200834,Watson_m2555@zlroc.gov.uk
2556,Ms,Chris w2556,King St,Hyson Green,Nottingham,01151013258,Chris_w2556@imjry.sch.uk
2557,Mr,Yang m2557,Oxford St,Clifton,Nottingham,01151074803,Yang_m2557@cdihy.net
2558,Ms,Mina w2558,Newton St,West Bridgford,Nottingham,01151870965,Mina_w2558@klhxr.net
2559,Mr,Simon m2559,Hotel St,Beeston,Nottingham,01151346047,Simon_m2559@ewpku.org
2560,Ms,Tania w2560,Victory St,Hyson Green,Nottingham,01151503667,Tania_w2560@gvzogco.uk
2561,Mr,Matthew m2561,Hill St,Lenton Abbey,Nottingham,01151244012,Matthew_m2561@tiugtac.uk
2562,Ms,Tania w2562,Bond St,Lenton Abbey,Nottingham,01151068049,Tania_w2562@ufkyj.org
2563,Mr,Mohammad m2563,Queens Rd,Lenton Abbey,Nottingham,01151903574,Mohammad_m2563@vamow.net
2564,Ms,Lora w2564,Kent St,West Bridgford,Nottingham,01151930918,Lora_w2564@lqxzj.net
2565,Mr,Lee m2565,Bond St,Beeston,Nottingham,01151537960,Lee_m2565@ckjcy.com
2566,Ms,Anna w2566,Welford Rd,Hyson Green,Nottingham,01151523016,Anna_w2566@llnah.com
2567,Mr,Wood m2567,Kent St,West Bridgford,Nottingham,01151499993,Wood_m2567@ianotco.uk
2568,Ms,Luise w2568,Gateway St,West Bridgford,Nottingham,01151926822,Luise_w2568@jyweiac.uk
2569,Mr,Clinton m2569,Welford Rd,Lenton Abbey,Nottingham,01151464045,Clinton_m2569@nozfx.org
2570,Ms,Victory w2570,Kent St,Beeston,Nottingham,01151861333,Victory_w2570@idzktco.uk
2571,Mr,Wood m2571,Hill St,Radford,Nottingham,01151277696,Wood_m2571@mgpws.sch.uk
2572,Ms,Lily w2572,Hill St,Beeston,Nottingham,01151345253,Lily_w2572@xkoka.sch.uk
2573,Mr,Yang m2573,King St,West Bridgford,Nottingham,01151518827,Yang_m2573@drevmac.uk
2574,Ms,Anna w2574,Oxford St,Lenton Abbey,Nottingham,01151318175,Anna_w2574@kwugh.net
2575,Mr,Alex m2575,King St,Radford,Nottingham,01151991630,Alex_m2575@arsxa.net
2576,Ms,Diana w2576,Burton St,Lenton Abbey,Nottingham,01151389387,Diana_w2576@thqir.org
2577,Mr,Matthew m2577,Gateway St,Beeston,Nottingham,01151868504,Matthew_m2577@zkixrac.uk
2578,Ms,Sally w2578,Gateway St,Beeston,Nottingham,01151422904,Sally_w2578@tgozo.net
2579,Mr,Wilson m2579,Hotel St,Lenton Abbey,Nottingham,01151079433,Wilson_m2579@udqzn.sch.uk
2580,Ms,Anna w2580,Hill St,Hyson Green,Nottingham,01151262148,Anna_w2580@ltilr.com
2581,Mr,Eric m2581,Hill St,Lenton Abbey,Nottingham,01151766926,Eric_m2581@ofsusac.uk
2582,Ms,Lora w2582,Kent St,Hyson Green,Nottingham,01151805767,Lora_w2582@alyit.net
2583,Mr,David m2583,Burton St,Radford,Nottingham,01151044679,David_m2583@msfmt.org
2584,Ms,Jenny w2584,Burton St,Beeston,Nottingham,01151386388,Jenny_w2584@vqthr.org
2585,Mr,Brown m2585,Bond St,Hyson Green,Nottingham,01151551007,Brown_m2585@nvmei.gov.uk
2586,Ms,Diana w2586,Kent St,Radford,Nottingham,01151069568,Diana_w2586@ekrywac.uk
2587,Mr,Lee m2587,Bond St,Beeston,Nottingham,01151199659,Lee_m2587@fgzye.sch.uk
2588,Ms,Sally w2588,Oxford St,Lenton Abbey,Nottingham,01151872289,Sally_w2588@fspia.sch.uk
2589,Mr,Bush m2589,Ring Rd,Beeston,Nottingham,01151940609,Bush_m2589@ikdpp.sch.uk
2590,Ms,Anna w2590,Victory St,Hyson Green,Nottingham,01151930093,Anna_w2590@wcutdac.uk
2591,Mr,Liu m2591,Victory St,Radford,Nottingham,01151429360,Liu_m2591@hpuij.sch.uk
2592,Ms,Anna w2592,Granby St,West Bridgford,Nottingham,01151342269,Anna_w2592@jsqys.sch.uk
2593,Mr,Bush m2593,King St,Lenton Abbey,Nottingham,01151590483,Bush_m2593@nbemo.net
2594,Ms,Chris w2594,Welford Rd,West Bridgford,Nottingham,01151483390,Chris_w2594@dnfzr.org
2595,Mr,Clinton m2595,Victory St,West Bridgford,Nottingham,01151516188,Clinton_m2595@ksvgx.sch.uk
2596,Ms,Luise w2596,Welford Rd,Hyson Green,Nottingham,01151741407,Luise_w2596@adbfq.sch.uk
2597,Mr,Matthew m2597,Kent St,Lenton Abbey,Nottingham,01151624455,Matthew_m2597@fqjlico.uk
2598,Ms,Jane w2598,Queens Rd,Lenton Abbey,Nottingham,01151101510,Jane_w2598@nmwte.com
2599,Mr,Brown m2599,Wharf St,Clifton,Nottingham,01151949441,Brown_m2599@jxllwac.uk
2600,Ms,Victory w2600,Granby St,Radford,Nottingham,01151248035,Victory_w2600@rchwjco.uk
2601,Mr,David m2601,Kent St,Birstall,Leicester,01162700141,David_m2601@anzic.net
2602,Ms,Ann w2602,Welford Rd,Oadby,Leicester,01162612215,Ann_w2602@kimjpac.uk
2603,Mr,Zhou m2603,Kent St,City Centre,Leicester,01162153354,Zhou_m2603@tfaej.sch.uk
2604,Ms,Helen w2604,Queens Rd,Oadby,Leicester,01162211477,Helen_w2604@bdpdaco.uk
2605,Mr,Smith m2605,Gateway St,Birstall,Leicester,01162494984,Smith_m2605@vlorp.org
2606,Ms,Mina w2606,Wharf St,Birstall,Leicester,01162059148,Mina_w2606@plsyl.sch.uk
2607,Mr,William m2607,Gateway St,Wigston,Leicester,01162871759,William_m2607@rrtsnco.uk
2608,Ms,Diana w2608,Oxford St,Oadby,Leicester,01162177345,Diana_w2608@wbjcm.net
2609,Mr,Eric m2609,Wharf St,Birstall,Leicester,01162653503,Eric_m2609@siiypco.uk
2610,Ms,Diana w2610,Wharf St,Birstall,Leicester,01162352623,Diana_w2610@mjdxico.uk
2611,Mr,Zhou m2611,Wharf St,City Centre,Leicester,01162909089,Zhou_m2611@mbvqxac.uk
2612,Ms,Lily w2612,King St,City Centre,Leicester,01162409443,Lily_w2612@hvyvq.com
2613,Mr,Scott m2613,Victory St,West Knighton,Leicester,01162658743,Scott_m2613@ladhu.net
2614,Ms,Victory w2614,Oxford St,Oadby,Leicester,01162024870,Victory_w2614@suhqhco.uk
2615,Mr,Watson m2615,Oxford St,New Park,Leicester,01162482819,Watson_m2615@ldoqx.net
2616,Ms,Luise w2616,Victory St,Birstall,Leicester,01162647306,Luise_w2616@egpii.org
2617,Mr,Lee m2617,Hill St,Oadby,Leicester,01162769675,Lee_m2617@dtisk.org
2618,Ms,Tania w2618,Hill St,Wigston,Leicester,01162553248,Tania_w2618@iruaf.gov.uk
2619,Mr,Simon m2619,Welford Rd,City Centre,Leicester,01162446665,Simon_m2619@kdwrz.org
2620,Ms,Diana w2620,Burton St,City Centre,Leicester,01162738026,Diana_w2620@nhojk.com
2621,Mr,Ben m2621,Victory St,West Knighton,Leicester,01162181044,Ben_m2621@rvzrc.net
2622,Ms,Jenny w2622,Victory St,New Park,Leicester,01162335140,Jenny_w2622@wvtic.org
2623,Mr,Bush m2623,Wharf St,Birstall,Leicester,01162484797,Bush_m2623@oaejeco.uk
2624,Ms,Ann w2624,Hotel St,Wigston,Leicester,01162245885,Ann_w2624@dmkdu.sch.uk
2625,Mr,Brown m2625,Wharf St,City Centre,Leicester,01162220102,Brown_m2625@jzgafco.uk
2626,Ms,Anna w2626,Hotel St,Oadby,Leicester,01162941890,Anna_w2626@kinju.net
2627,Mr,Chris m2627,Bond St,New Park,Leicester,01162398728,Chris_m2627@frdrz.sch.uk
2628,Ms,Lora w2628,Ring Rd,West Knighton,Leicester,01162648403,Lora_w2628@bpuux.org
2629,Mr,Chris m2629,Wharf St,Birstall,Leicester,01162781156,Chris_m2629@qschdco.uk
2630,Ms,Sally w2630,Burton St,Birstall,Leicester,01162941472,Sally_w2630@yylut.org
2631,Mr,Eric m2631,Hill St,Birstall,Leicester,01162260605,Eric_m2631@jaitbco.uk
2632,Ms,Helen w2632,Victory St,Wigston,Leicester,01162864900,Helen_w2632@zpjiaco.uk
2633,Mr,Clinton m2633,Newton St,West Knighton,Leicester,01162318948,Clinton_m2633@yfrac.net
2634,Ms,Chris w2634,Granby St,New Park,Leicester,01162608214,Chris_w2634@ncupuac.uk
2635,Mr,Wilson m2635,Wharf St,Wigston,Leicester,01162924740,Wilson_m2635@bwassco.uk
2636,Ms,Luise w2636,Queens Rd,New Park,Leicester,01162243775,Luise_w2636@kexwu.org
2637,Mr,Watson m2637,Queens Rd,Oadby,Leicester,01162765573,Watson_m2637@mjfuiac.uk
2638,Ms,Anna w2638,Wharf St,City Centre,Leicester,01162377984,Anna_w2638@mbpdt.gov.uk
2639,Mr,Clinton m2639,Gateway St,Oadby,Leicester,01162280855,Clinton_m2639@pafnico.uk
2640,Ms,Hana w2640,Hotel St,New Park,Leicester,01162838255,Hana_w2640@wrvbf.gov.uk
2641,Mr,Peter m2641,Gateway St,Oadby,Leicester,01162319407,Peter_m2641@kdakz.org
2642,Ms,Anna w2642,Welford Rd,Birstall,Leicester,01162741044,Anna_w2642@shmkk.gov.uk
2643,Mr,Liu m2643,Wharf St,Oadby,Leicester,01162956195,Liu_m2643@zzgrrac.uk
2644,Ms,Sally w2644,King St,Birstall,Leicester,01162433026,Sally_w2644@swbny.gov.uk
2645,Mr,Wood m2645,Ring Rd,New Park,Leicester,01162358804,Wood_m2645@tfjya.gov.uk
2646,Ms,Jane w2646,London Rd,West Knighton,Leicester,01162180742,Jane_w2646@cxgeg.net
2647,Mr,Bush m2647,Wharf St,West Knighton,Leicester,01162239749,Bush_m2647@qirxi.org
2648,Ms,Jane w2648,Victory St,New Park,Leicester,01162506810,Jane_w2648@mnjza.sch.uk
2649,Mr,Smith m2649,Hill St,West Knighton,Leicester,01162120462,Smith_m2649@mizfu.org
2650,Ms,Jenny w2650,Gateway St,Oadby,Leicester,01162594307,Jenny_w2650@chscxco.uk
2651,Mr,Wood m2651,Hill St,West Knighton,Leicester,01162412921,Wood_m2651@worip.net
2652,Ms,Jenny w2652,Kent St,Oadby,Leicester,01162936612,Jenny_w2652@kbyzs.org
2653,Mr,Chris m2653,Oxford St,City Centre,Leicester,01162730748,Chris_m2653@dvlwvac.uk
2654,Ms,Jenny w2654,Hill St,New Park,Leicester,01162286335,Jenny_w2654@xgoucac.uk
2655,Mr,Simon m2655,Bond St,Birstall,Leicester,01162978646,Simon_m2655@ufgxeco.uk
2656,Ms,Helen w2656,Hotel St,Oadby,Leicester,01162161486,Helen_w2656@zsnak.sch.uk
2657,Mr,Peter m2657,King St,Wigston,Leicester,01162522278,Peter_m2657@nqukqco.uk
2658,Ms,Chris w2658,Gateway St,Oadby,Leicester,01162219739,Chris_w2658@mvqan.net
2659,Mr,Bush m2659,Oxford St,Birstall,Leicester,01162509406,Bush_m2659@uhjjy.sch.uk
2660,Ms,Diana w2660,Victory St,City Centre,Leicester,01162165522,Diana_w2660@taeyvco.uk
2661,Mr,Zhou m2661,Queens Rd,Oadby,Leicester,01162315010,Zhou_m2661@nbwtw.net
2662,Ms,Anna w2662,Oxford St,Oadby,Leicester,01162075442,Anna_w2662@jcdkv.sch.uk
2663,Mr,Matthew m2663,Kent St,City Centre,Leicester,01162120376,Matthew_m2663@fynxv.gov.uk
2664,Ms,Jane w2664,Wharf St,New Park,Leicester,01162926338,Jane_w2664@wygcx.org
2665,Mr,Yang m2665,Victory St,Oadby,Leicester,01162792412,Yang_m2665@aagxoac.uk
2666,Ms,Hana w2666,Welford Rd,West Knighton,Leicester,01162675949,Hana_w2666@ymjvw.net
2667,Mr,Liu m2667,Oxford St,Wigston,Leicester,01162806197,Liu_m2667@ycumr.sch.uk
2668,Ms,Lora w2668,Bond St,Oadby,Leicester,01162924698,Lora_w2668@gwgzw.net
2669,Mr,Zhou m2669,Welford Rd,New Park,Leicester,01162788156,Zhou_m2669@tjledco.uk
2670,Ms,Tania w2670,Victory St,City Centre,Leicester,01162840976,Tania_w2670@fdvgu.org
2671,Mr,Chris m2671,Welford Rd,New Park,Leicester,01162002249,Chris_m2671@hbkzaac.uk
2672,Ms,Luise w2672,Wharf St,Oadby,Leicester,01162071270,Luise_w2672@yqpneco.uk
2673,Mr,Clinton m2673,Granby St,Birstall,Leicester,01162848669,Clinton_m2673@xffduac.uk
2674,Ms,Lily w2674,Welford Rd,Birstall,Leicester,01162268447,Lily_w2674@lupylco.uk
2675,Mr,Mohammad m2675,Burton St,Birstall,Leicester,01162658804,Mohammad_m2675@hibks.sch.uk
2676,Ms,Luise w2676,Gateway St,Wigston,Leicester,01162214944,Luise_w2676@mapbu.net
2677,Mr,Alex m2677,Welford Rd,New Park,Leicester,01162660714,Alex_m2677@pevmdco.uk
2678,Ms,Sally w2678,Oxford St,West Knighton,Leicester,01162916382,Sally_w2678@tdsmh.sch.uk
2679,Mr,Bush m2679,Newton St,Oadby,Leicester,01162317183,Bush_m2679@klzej.com
2680,Ms,Sally w2680,Hill St,West Knighton,Leicester,01162906671,Sally_w2680@piqcc.sch.uk
2681,Mr,William m2681,Hotel St,Birstall,Leicester,01162869159,William_m2681@jlxnrco.uk
2682,Ms,Pam w2682,King St,Birstall,Leicester,01162477891,Pam_w2682@tnehm.org
2683,Mr,Scott m2683,Wharf St,City Centre,Leicester,01162078321,Scott_m2683@jmcaz.net
2684,Ms,Mina w2684,Kent St,Oadby,Leicester,01162831785,Mina_w2684@feqbz.com
2685,Mr,Chris m2685,Hotel St,Birstall,Leicester,01162586786,Chris_m2685@zzunq.sch.uk
2686,Ms,Luise w2686,King St,West Knighton,Leicester,01162006630,Luise_w2686@zqwweac.uk
2687,Mr,Simon m2687,Ring Rd,New Park,Leicester,01162545390,Simon_m2687@vvtvsco.uk
2688,Ms,Lily w2688,Ring Rd,Birstall,Leicester,01162821965,Lily_w2688@caxwqac.uk
2689,Mr,Brown m2689,Hotel St,West Knighton,Leicester,01162975797,Brown_m2689@wauis.com
2690,Ms,Luise w2690,Ring Rd,Oadby,Leicester,01162657986,Luise_w2690@leknwco.uk
2691,Mr,Clinton m2691,King St,Wigston,Leicester,01162802775,Clinton_m2691@vdltv.sch.uk
2692,Ms,Luise w2692,Granby St,New Park,Leicester,01162264509,Luise_w2692@aloxw.sch.uk
2693,Mr,Wood m2693,King St,Birstall,Leicester,01162301415,Wood_m2693@uoezbac.uk
2694,Ms,Mina w2694,Gateway St,New Park,Leicester,01162991868,Mina_w2694@uaofe.org
2695,Mr,Simon m2695,Hill St,Birstall,Leicester,01162862155,Simon_m2695@upzmw.sch.uk
2696,Ms,Helen w2696,Kent St,City Centre,Leicester,01162503443,Helen_w2696@rwfvg.sch.uk
2697,Mr,Alex m2697,Granby St,Oadby,Leicester,01162689938,Alex_m2697@pxhwe.sch.uk
2698,Ms,Chris w2698,Kent St,West Knighton,Leicester,01162316219,Chris_w2698@ylkwv.sch.uk
2699,Mr,Matthew m2699,Bond St,Oadby,Leicester,01162532040,Matthew_m2699@kvoazco.uk
2700,Ms,Victory w2700,Hotel St,West Knighton,Leicester,01162967992,Victory_w2700@tajcm.net
2701,Mr,Peter m2701,Hill St,New Park,Leicester,01162538044,Peter_m2701@dzzlk.gov.uk
2702,Ms,Sally w2702,London Rd,Birstall,Leicester,01162004813,Sally_w2702@mporb.net
2703,Mr,Watson m2703,Wharf St,New Park,Leicester,01162507926,Watson_m2703@yrfloac.uk
2704,Ms,Lily w2704,Welford Rd,New Park,Leicester,01162488437,Lily_w2704@gyjyvco.uk
2705,Mr,Peter m2705,Hill St,Wigston,Leicester,01162261213,Peter_m2705@ryxdm.org
2706,Ms,Luise w2706,Hill St,Oadby,Leicester,01162840932,Luise_w2706@xlarw.com
2707,Mr,Bush m2707,Burton St,Wigston,Leicester,01162967094,Bush_m2707@lbkld.sch.uk
2708,Ms,Jane w2708,Hill St,City Centre,Leicester,01162010037,Jane_w2708@dknjrco.uk
2709,Mr,Peter m2709,Burton St,Birstall,Leicester,01162340102,Peter_m2709@wkiotac.uk
2710,Ms,Sally w2710,Wharf St,Birstall,Leicester,01162774849,Sally_w2710@ilndmac.uk
2711,Mr,Matthew m2711,Granby St,Wigston,Leicester,01162793204,Matthew_m2711@knref.net
2712,Ms,Victory w2712,Queens Rd,New Park,Leicester,01162694804,Victory_w2712@eyocg.com
2713,Mr,Zhou m2713,Victory St,Oadby,Leicester,01162026171,Zhou_m2713@hcnrt.org
2714,Ms,Pam w2714,Granby St,Wigston,Leicester,01162950196,Pam_w2714@rteol.net
2715,Mr,Wilson m2715,Hotel St,Birstall,Leicester,01162484093,Wilson_m2715@unvraco.uk
2716,Ms,Mina w2716,Bond St,Wigston,Leicester,01162582487,Mina_w2716@nausi.sch.uk
2717,Mr,Eric m2717,Kent St,New Park,Leicester,01162754436,Eric_m2717@mpjuqac.uk
2718,Ms,Sally w2718,Queens Rd,Wigston,Leicester,01162635231,Sally_w2718@pyjxc.sch.uk
2719,Mr,Bush m2719,Bond St,Wigston,Leicester,01162164895,Bush_m2719@exhqd.sch.uk
2720,Ms,Mina w2720,Hotel St,Birstall,Leicester,01162701807,Mina_w2720@vbfxy.net
2721,Mr,Wilson m2721,Oxford St,New Park,Leicester,01162818825,Wilson_m2721@oxfby.net
2722,Ms,Mina w2722,Ring Rd,New Park,Leicester,01162264308,Mina_w2722@ccdik.net
2723,Mr,Simon m2723,Oxford St,City Centre,Leicester,01162944692,Simon_m2723@pvwzw.net
2724,Ms,Sally w2724,Bond St,Oadby,Leicester,01162415529,Sally_w2724@zgyex.com
2725,Mr,Dean m2725,King St,Oadby,Leicester,01162952912,Dean_m2725@cpcytco.uk
2726,Ms,Helen w2726,Hotel St,Wigston,Leicester,01162762302,Helen_w2726@berwrac.uk
2727,Mr,Chris m2727,King St,Wigston,Leicester,01162011349,Chris_m2727@acyad.com
2728,Ms,Victory w2728,Queens Rd,Birstall,Leicester,01162674291,Victory_w2728@zlcye.org
2729,Mr,Simon m2729,Kent St,New Park,Leicester,01162147753,Simon_m2729@wfcilac.uk
2730,Ms,Chris w2730,King St,Wigston,Leicester,01162689725,Chris_w2730@chgpv.gov.uk
2731,Mr,Bush m2731,Bond St,Birstall,Leicester,01162346885,Bush_m2731@xyhwhco.uk
2732,Ms,Diana w2732,Gateway St,New Park,Leicester,01162980873,Diana_w2732@eorrqac.uk
2733,Mr,Scott m2733,Kent St,Oadby,Leicester,01162243483,Scott_m2733@pgyok.sch.uk
2734,Ms,Hana w2734,Ring Rd,Birstall,Leicester,01162118281,Hana_w2734@qowhm.sch.uk
2735,Mr,Wood m2735,Queens Rd,Wigston,Leicester,01162736084,Wood_m2735@gityxac.uk
2736,Ms,Victory w2736,Bond St,Wigston,Leicester,01162870282,Victory_w2736@wvnpb.net
2737,Mr,Alex m2737,Newton St,New Park,Leicester,01162357692,Alex_m2737@lfolgco.uk
2738,Ms,Luise w2738,Granby St,New Park,Leicester,01162884779,Luise_w2738@xvsnzac.uk
2739,Mr,Eric m2739,Gateway St,Oadby,Leicester,01162869367,Eric_m2739@cgicc.net
2740,Ms,Luise w2740,Hotel St,Oadby,Leicester,01162284215,Luise_w2740@jistico.uk
2741,Mr,Brown m2741,Ring Rd,Oadby,Leicester,01162293289,Brown_m2741@dpzxc.net
2742,Ms,Chris w2742,Gateway St,New Park,Leicester,01162165592,Chris_w2742@cjvolac.uk
2743,Mr,Chris m2743,Hotel St,Oadby,Leicester,01162046953,Chris_m2743@xghlb.org
2744,Ms,Chris w2744,Victory St,Wigston,Leicester,01162101321,Chris_w2744@hwcpzco.uk
2745,Mr,Smith m2745,Gateway St,New Park,Leicester,01162898996,Smith_m2745@kqnlu.org
2746,Ms,Sally w2746,Kent St,Oadby,Leicester,01162665958,Sally_w2746@fgmdi.net
2747,Mr,Peter m2747,Queens Rd,Birstall,Leicester,01162140310,Peter_m2747@stsqwac.uk
2748,Ms,Jenny w2748,King St,Wigston,Leicester,01162012771,Jenny_w2748@vvvaw.sch.uk
2749,Mr,Liu m2749,King St,Birstall,Leicester,01162904088,Liu_m2749@llwcyco.uk
2750,Ms,Hana w2750,Victory St,West Knighton,Leicester,01162652580,Hana_w2750@lfjkfac.uk
2751,Mr,Wilson m2751,Gateway St,Wigston,Leicester,01162819741,Wilson_m2751@liytcac.uk
2752,Ms,Lora w2752,Oxford St,Oadby,Leicester,01162645779,Lora_w2752@ogntz.net
2753,Mr,Liu m2753,Bond St,West Knighton,Leicester,01162184844,Liu_m2753@zffhc.sch.uk
2754,Ms,Anna w2754,Granby St,City Centre,Leicester,01162623496,Anna_w2754@vqxli.org
2755,Mr,Lee m2755,Hotel St,New Park,Leicester,01162403252,Lee_m2755@wwwivco.uk
2756,Ms,Sally w2756,Gateway St,West Knighton,Leicester,01162673009,Sally_w2756@qugkd.org
2757,Mr,David m2757,Kent St,Birstall,Leicester,01162303991,David_m2757@nqele.sch.uk
2758,Ms,Pam w2758,Welford Rd,Birstall,Leicester,01162245374,Pam_w2758@nttvx.com
2759,Mr,Wood m2759,Victory St,Birstall,Leicester,01162359358,Wood_m2759@iabyp.sch.uk
2760,Ms,Hana w2760,Ring Rd,Oadby,Leicester,01162727021,Hana_w2760@okfkwac.uk
2761,Mr,Zhou m2761,Newton St,Birstall,Leicester,01162653194,Zhou_m2761@gbmin.org
2762,Ms,Jenny w2762,Hotel St,Wigston,Leicester,01162481179,Jenny_w2762@gnpji.sch.uk
2763,Mr,Wilson m2763,Gateway St,Wigston,Leicester,01162857718,Wilson_m2763@uxwys.org
2764,Ms,Chris w2764,Ring Rd,Birstall,Leicester,01162452704,Chris_w2764@gkday.net
2765,Mr,Alex m2765,Burton St,City Centre,Leicester,01162350891,Alex_m2765@jhegd.org
2766,Ms,Jane w2766,Newton St,West Knighton,Leicester,01162339243,Jane_w2766@sgwgw.org
2767,Mr,Bush m2767,Bond St,New Park,Leicester,01162636982,Bush_m2767@tunor.gov.uk
2768,Ms,Lora w2768,Welford Rd,Oadby,Leicester,01162133079,Lora_w2768@cmtuh.org
2769,Mr,Bush m2769,Burton St,Birstall,Leicester,01162138943,Bush_m2769@dghyx.org
2770,Ms,Jane w2770,Granby St,Oadby,Leicester,01162336477,Jane_w2770@nrbav.sch.uk
2771,Mr,Wilson m2771,Burton St,New Park,Leicester,01162411471,Wilson_m2771@kcbjy.org
2772,Ms,Anna w2772,Kent St,City Centre,Leicester,01162834113,Anna_w2772@ezdlw.sch.uk
2773,Mr,Yang m2773,Gateway St,West Knighton,Leicester,01162112726,Yang_m2773@knxqw.com
2774,Ms,Luise w2774,Victory St,Birstall,Leicester,01162129271,Luise_w2774@tgnol.org
2775,Mr,Smith m2775,Victory St,West Knighton,Leicester,01162066591,Smith_m2775@ikuwrac.uk
2776,Ms,Pam w2776,Gateway St,Birstall,Leicester,01162682809,Pam_w2776@lbzmq.org
2777,Mr,Matthew m2777,Kent St,Birstall,Leicester,01162219627,Matthew_m2777@nppyuco.uk
2778,Ms,Jenny w2778,Granby St,Birstall,Leicester,01162004138,Jenny_w2778@yinrb.net
3277,Mr,Chris m3277,Wharf St,City Centre,Leicester,01162779816,Chris_m3277@jdcbr.net
3278,Ms,Sally w3278,Granby St,Oadby,Leicester,01162505977,Sally_w3278@thwhcco.uk
3279,Mr,Liu m3279,Ring Rd,Birstall,Leicester,01162620124,Liu_m3279@espzz.net
3280,Ms,Jenny w3280,Kent St,Wigston,Leicester,01162666634,Jenny_w3280@zbyco.com
3281,Mr,Lee m3281,King St,Wigston,Leicester,01162809996,Lee_m3281@ftthn.net
3282,Ms,Anna w3282,Burton St,New Park,Leicester,01162055826,Anna_w3282@lvqfd.org
3283,Mr,Clinton m3283,Hotel St,City Centre,Leicester,01162185757,Clinton_m3283@kugojac.uk
3284,Ms,Pam w3284,Oxford St,City Centre,Leicester,01162172109,Pam_w3284@rcbpb.sch.uk
3285,Mr,Watson m3285,Burton St,New Park,Leicester,01162024243,Watson_m3285@wbaeeco.uk
3286,Ms,Lily w3286,Bond St,City Centre,Leicester,01162031619,Lily_w3286@fmhzlco.uk
3287,Mr,Clinton m3287,King St,Wigston,Leicester,01162475811,Clinton_m3287@fmwgrco.uk
3288,Ms,Jane w3288,Victory St,Oadby,Leicester,01162987821,Jane_w3288@ijmegac.uk
3289,Mr,Wilson m3289,Hotel St,Birstall,Leicester,01162176028,Wilson_m3289@namdy.sch.uk
3290,Ms,Hana w3290,Ring Rd,Birstall,Leicester,01162315168,Hana_w3290@xyspyac.uk
3291,Mr,Bush m3291,Gateway St,New Park,Leicester,01162287025,Bush_m3291@aumhmac.uk
3292,Ms,Luise w3292,Hotel St,Oadby,Leicester,01162802724,Luise_w3292@uvfpfac.uk
3293,Mr,Dean m3293,Wharf St,Oadby,Leicester,01162884862,Dean_m3293@ctfkpac.uk
3294,Ms,Jenny w3294,Hotel St,Oadby,Leicester,01162023028,Jenny_w3294@ycvyn.net
3295,Mr,Paco m3295,Gateway St,Wigston,Leicester,01162833425,Paco_m3295@ooekpco.uk
3296,Ms,Anna w3296,Queens Rd,Wigston,Leicester,01162629163,Anna_w3296@ioers.net
3297,Mr,Watson m3297,Kent St,New Park,Leicester,01162438331,Watson_m3297@ovjsoac.uk
3298,Ms,Lora w3298,London Rd,Birstall,Leicester,01162548869,Lora_w3298@weocy.sch.uk
3299,Mr,Dean m3299,Newton St,Oadby,Leicester,01162594152,Dean_m3299@labdoac.uk
3300,Ms,Ann w3300,King St,Oadby,Leicester,01162673329,Ann_w3300@oqntr.net
3301,Mr,Wood m3301,Granby St,Birstall,Leicester,01162661074,Wood_m3301@opzsd.org
3302,Ms,Ann w3302,Ring Rd,City Centre,Leicester,01162570123,Ann_w3302@uheuuco.uk
3303,Mr,Alex m3303,Gateway St,New Park,Leicester,01162832871,Alex_m3303@hsgux.org
3304,Ms,Diana w3304,King St,New Park,Leicester,01162811547,Diana_w3304@lmyihac.uk
3305,Mr,Yang m3305,Granby St,Oadby,Leicester,01162783471,Yang_m3305@hnoee.gov.uk
3306,Ms,Diana w3306,Gateway St,Birstall,Leicester,01162005160,Diana_w3306@bnpde.net
3307,Mr,Wilson m3307,Hill St,New Park,Leicester,01162179123,Wilson_m3307@iypri.org
3308,Ms,Lora w3308,Granby St,Oadby,Leicester,01162696110,Lora_w3308@mcnkrac.uk
3309,Mr,Bush m3309,Gateway St,New Park,Leicester,01162467327,Bush_m3309@yitwo.gov.uk
3310,Ms,Pam w3310,Hill St,Birstall,Leicester,01162803171,Pam_w3310@dqaja.sch.uk
3311,Mr,Chris m3311,Granby St,West Knighton,Leicester,01162562851,Chris_m3311@bbjqp.org
3312,Ms,Pam w3312,Victory St,City Centre,Leicester,01162479568,Pam_w3312@uzkvg.com
3313,Mr,David m3313,Burton St,Wigston,Leicester,01162607246,David_m3313@wuugv.sch.uk
3314,Ms,Jane w3314,Hill St,New Park,Leicester,01162756784,Jane_w3314@uoshv.gov.uk
3315,Mr,Chris m3315,Gateway St,City Centre,Leicester,01162858529,Chris_m3315@gvbud.gov.uk
3316,Ms,Jane w3316,Granby St,New Park,Leicester,01162396912,Jane_w3316@mjhdd.gov.uk
3317,Mr,Eric m3317,Gateway St,Birstall,Leicester,01162705658,Eric_m3317@pborn.net
3318,Ms,Hana w3318,Gateway St,Birstall,Leicester,01162716612,Hana_w3318@ulvboco.uk
3319,Mr,Bush m3319,Hotel St,City Centre,Leicester,01162764808,Bush_m3319@lndxo.org
3320,Ms,Mina w3320,Newton St,Birstall,Leicester,01162083753,Mina_w3320@cnncu.com
3321,Mr,Clinton m3321,King St,Oadby,Leicester,01162445171,Clinton_m3321@ghrzr.org
3322,Ms,Jenny w3322,Burton St,Oadby,Leicester,01162680155,Jenny_w3322@plsrd.com
3323,Mr,Chris m3323,Burton St,Oadby,Leicester,01162020527,Chris_m3323@jrcei.org
3324,Ms,Sally w3324,Ring Rd,Birstall,Leicester,01162120140,Sally_w3324@wdigz.org
3325,Mr,Dean m3325,Wharf St,Oadby,Leicester,01162446761,Dean_m3325@jeutx.net
3326,Ms,Diana w3326,Ring Rd,Oadby,Leicester,01162162599,Diana_w3326@jnkgi.net
3327,Mr,Watson m3327,Queens Rd,Birstall,Leicester,01162793385,Watson_m3327@hopax.gov.uk
3328,Ms,Chris w3328,Granby St,Wigston,Leicester,01162239094,Chris_w3328@yernp.org
3329,Mr,Dean m3329,Burton St,Wigston,Leicester,01162716803,Dean_m3329@tfkkhco.uk
3330,Ms,Mina w3330,Gateway St,New Park,Leicester,01162867760,Mina_w3330@htygz.sch.uk
3331,Mr,Zhou m3331,Bond St,Oadby,Leicester,01162790054,Zhou_m3331@leilb.org
3332,Ms,Victory w3332,Gateway St,Wigston,Leicester,01162723959,Victory_w3332@psgln.sch.uk
3333,Mr,Yang m3333,Newton St,West Knighton,Leicester,01162325866,Yang_m3333@bvsvgco.uk
3334,Ms,Anna w3334,Burton St,Oadby,Leicester,01162283540,Anna_w3334@rcite.sch.uk
3335,Mr,Wood m3335,Hotel St,Wigston,Leicester,01162428406,Wood_m3335@nglzvco.uk
3336,Ms,Mina w3336,Victory St,New Park,Leicester,01162225713,Mina_w3336@kwifs.sch.uk
3337,Mr,Brown m3337,Bond St,Birstall,Leicester,01162847402,Brown_m3337@oxrxgco.uk
3338,Ms,Tania w3338,Welford Rd,City Centre,Leicester,01162920493,Tania_w3338@dqjdn.com
3339,Mr,Brown m3339,Queens Rd,New Park,Leicester,01162509763,Brown_m3339@ddhdw.com
3340,Ms,Hana w3340,Hill St,New Park,Leicester,01162443000,Hana_w3340@mkqbf.net
3341,Mr,Matthew m3341,Granby St,Birstall,Leicester,01162700510,Matthew_m3341@ajhno.sch.uk
3342,Ms,Pam w3342,Burton St,Wigston,Leicester,01162426958,Pam_w3342@qrjzlco.uk
3343,Mr,Clinton m3343,King St,Birstall,Leicester,01162739010,Clinton_m3343@vyazlac.uk
3344,Ms,Hana w3344,Bond St,Oadby,Leicester,01162854146,Hana_w3344@uoecu.net
3345,Mr,Chris m3345,Queens Rd,New Park,Leicester,01162636671,Chris_m3345@jdqdv.net
3346,Ms,Hana w3346,Kent St,Birstall,Leicester,01162107863,Hana_w3346@mqohh.org
3347,Mr,Clinton m3347,Kent St,City Centre,Leicester,01162610443,Clinton_m3347@zfyjv.gov.uk
3348,Ms,Anna w3348,Ring Rd,West Knighton,Leicester,01162172091,Anna_w3348@itwdv.net
3349,Mr,Wood m3349,Oxford St,City Centre,Leicester,01162600760,Wood_m3349@iuwmj.org
3350,Ms,Pam w3350,Welford Rd,New Park,Leicester,01162843763,Pam_w3350@jimtw.sch.uk
3351,Mr,David m3351,King St,New Park,Leicester,01162750898,David_m3351@zmucp.gov.uk
3352,Ms,Helen w3352,Gateway St,Oadby,Leicester,01162512688,Helen_w3352@bukufco.uk
3353,Mr,Liu m3353,Hotel St,Oadby,Leicester,01162835835,Liu_m3353@ifmxz.sch.uk
3354,Ms,Jane w3354,Kent St,Oadby,Leicester,01162743312,Jane_w3354@scjym.net
3355,Mr,Brown m3355,Wharf St,Birstall,Leicester,01162362127,Brown_m3355@trzus.com
3356,Ms,Victory w3356,Queens Rd,Oadby,Leicester,01162724061,Victory_w3356@lghqr.org
3357,Mr,Dean m3357,Kent St,Birstall,Leicester,01162469673,Dean_m3357@komue.gov.uk
3358,Ms,Mina w3358,King St,Oadby,Leicester,01162152805,Mina_w3358@vifegac.uk
3359,Mr,Simon m3359,Queens Rd,Wigston,Leicester,01162943936,Simon_m3359@hkgkoac.uk
3360,Ms,Sally w3360,Newton St,New Park,Leicester,01162176955,Sally_w3360@kynwu.gov.uk
3361,Mr,Dean m3361,Hotel St,Birstall,Leicester,01162807771,Dean_m3361@oqgwp.sch.uk
3362,Ms,Jane w3362,Newton St,Oadby,Leicester,01162074924,Jane_w3362@kumck.com
3363,Mr,Chris m3363,Victory St,New Park,Leicester,01162791264,Chris_m3363@uegnoac.uk
3364,Ms,Lora w3364,Victory St,Oadby,Leicester,01162188394,Lora_w3364@zfszp.org
3365,Mr,Ben m3365,Granby St,New Park,Leicester,01162515633,Ben_m3365@fhyijco.uk
3366,Ms,Hana w3366,Gateway St,Oadby,Leicester,01162165475,Hana_w3366@kxajm.gov.uk
3367,Mr,Zhou m3367,Gateway St,Oadby,Leicester,01162385522,Zhou_m3367@mwiot.org
3368,Ms,Sally w3368,Burton St,City Centre,Leicester,01162769597,Sally_w3368@iuhfzac.uk
3369,Mr,Scott m3369,Gateway St,New Park,Leicester,01162705131,Scott_m3369@agzrr.sch.uk
3370,Ms,Pam w3370,Welford Rd,Birstall,Leicester,01162544020,Pam_w3370@edmfiac.uk
3371,Mr,Brown m3371,Hotel St,Oadby,Leicester,01162855115,Brown_m3371@aizmn.net
3372,Ms,Helen w3372,Welford Rd,Birstall,Leicester,01162697374,Helen_w3372@wkffkco.uk
3373,Mr,Brown m3373,Queens Rd,Birstall,Leicester,01162720147,Brown_m3373@wkrrcco.uk
3374,Ms,Luise w3374,Oxford St,Birstall,Leicester,01162411229,Luise_w3374@zhnniac.uk
3375,Mr,Smith m3375,Ring Rd,Oadby,Leicester,01162077914,Smith_m3375@cwnnz.net
3376,Ms,Tania w3376,Victory St,Birstall,Leicester,01162080852,Tania_w3376@covxsco.uk
3377,Mr,Watson m3377,Hill St,City Centre,Leicester,01162250827,Watson_m3377@gxmgp.gov.uk
3378,Ms,Luise w3378,Hotel St,New Park,Leicester,01162880631,Luise_w3378@edmvfac.uk
3379,Mr,Lee m3379,Queens Rd,Birstall,Leicester,01162496391,Lee_m3379@zsiei.net
3380,Ms,Anna w3380,Kent St,Birstall,Leicester,01162693114,Anna_w3380@zowdh.sch.uk
3381,Mr,William m3381,Granby St,Wigston,Leicester,01162183343,William_m3381@primf.com
3382,Ms,Sally w3382,Gateway St,Wigston,Leicester,01162257716,Sally_w3382@sjvwh.org
3383,Mr,Ben m3383,Burton St,Wigston,Leicester,01162358319,Ben_m3383@jwltf.com
3384,Ms,Mina w3384,Burton St,New Park,Leicester,01162938184,Mina_w3384@cvhrp.net
3385,Mr,William m3385,Ring Rd,Birstall,Leicester,01162381140,William_m3385@dhmou.net
3386,Ms,Jenny w3386,Gateway St,Oadby,Leicester,01162481394,Jenny_w3386@dblzwco.uk
3387,Mr,Paco m3387,Bond St,Wigston,Leicester,01162017289,Paco_m3387@gerqw.org
3388,Ms,Mina w3388,Bond St,Birstall,Leicester,01162188446,Mina_w3388@amvjfac.uk
3389,Mr,Peter m3389,Wharf St,Wigston,Leicester,01162368733,Peter_m3389@rwuxg.org
3390,Ms,Anna w3390,Bond St,Wigston,Leicester,01162527097,Anna_w3390@evcpr.gov.uk
3391,Mr,Matthew m3391,Hotel St,Birstall,Leicester,01162474778,Matthew_m3391@bbysnac.uk
3392,Ms,Diana w3392,Wharf St,Birstall,Leicester,01162997672,Diana_w3392@umabe.gov.uk
3393,Mr,David m3393,Wharf St,Oadby,Leicester,01162150115,David_m3393@pxwiy.org
3394,Ms,Pam w3394,Burton St,Oadby,Leicester,01162904969,Pam_w3394@hgmsw.net
3395,Mr,Brown m3395,Victory St,Wigston,Leicester,01162726749,Brown_m3395@xudlg.net
3396,Ms,Pam w3396,Gateway St,Oadby,Leicester,01162374977,Pam_w3396@kdebp.com
3397,Mr,Yang m3397,Kent St,New Park,Leicester,01162544076,Yang_m3397@svsmx.sch.uk
3398,Ms,Jenny w3398,Granby St,City Centre,Leicester,01162723219,Jenny_w3398@ugfzkac.uk
3399,Mr,Eric m3399,Wharf St,Birstall,Leicester,01162652424,Eric_m3399@fuxbgac.uk
3400,Ms,Helen w3400,Queens Rd,Birstall,Leicester,01162198236,Helen_w3400@itsftco.uk
3401,Mr,Bush m3401,Hill St,West Knighton,Leicester,01162996623,Bush_m3401@ngvmk.com
3402,Ms,Jane w3402,Oxford St,Wigston,Leicester,01162583996,Jane_w3402@hjyhkac.uk
3403,Mr,Clinton m3403,King St,Birstall,Leicester,01162917787,Clinton_m3403@lyvdg.net
3404,Ms,Lily w3404,Kent St,New Park,Leicester,01162215880,Lily_w3404@kvqleco.uk
3405,Mr,Ben m3405,Queens Rd,Wigston,Leicester,01162567838,Ben_m3405@nelqdac.uk
3406,Ms,Ann w3406,Wharf St,Oadby,Leicester,01162447711,Ann_w3406@gbxvyco.uk
3407,Mr,Yang m3407,Hill St,Birstall,Leicester,01162189538,Yang_m3407@knbzy.gov.uk
3408,Ms,Anna w3408,King St,Wigston,Leicester,01162692498,Anna_w3408@urdgkac.uk
3409,Mr,Scott m3409,Granby St,West Knighton,Leicester,01162419669,Scott_m3409@zgfapac.uk
3410,Ms,Anna w3410,Burton St,West Knighton,Leicester,01162126259,Anna_w3410@kqfah.gov.uk
3411,Mr,Dean m3411,Burton St,New Park,Leicester,01162440020,Dean_m3411@ymugk.sch.uk
3412,Ms,Anna w3412,Wharf St,Birstall,Leicester,01162936591,Anna_w3412@keuhu.net
3413,Mr,Mohammad m3413,Gateway St,City Centre,Leicester,01162804064,Mohammad_m3413@psrawac.uk
3414,Ms,Lora w3414,Burton St,New Park,Leicester,01162602691,Lora_w3414@eokpj.net
3415,Mr,Ben m3415,Bond St,Birstall,Leicester,01162181234,Ben_m3415@rhlbh.org
3416,Ms,Helen w3416,Newton St,Wigston,Leicester,01162413670,Helen_w3416@nydhn.sch.uk
3417,Mr,Yang m3417,Burton St,New Park,Leicester,01162435063,Yang_m3417@xafvq.net
3418,Ms,Mina w3418,King St,New Park,Leicester,01162247361,Mina_w3418@kxaem.sch.uk
3419,Mr,William m3419,Oxford St,Birstall,Leicester,01162040420,William_m3419@lsiohco.uk
3420,Ms,Victory w3420,Wharf St,West Knighton,Leicester,01162870326,Victory_w3420@joqje.com
3421,Mr,Mohammad m3421,Ring Rd,Birstall,Leicester,01162427016,Mohammad_m3421@zuzfb.org
3422,Ms,Anna w3422,Ring Rd,Birstall,Leicester,01162188281,Anna_w3422@krftjco.uk
3423,Mr,Chris m3423,Queens Rd,Birstall,Leicester,01162238807,Chris_m3423@rzopd.org
3424,Ms,Luise w3424,Newton St,New Park,Leicester,01162109990,Luise_w3424@dtyyx.com
3425,Mr,Wilson m3425,London Rd,Oadby,Leicester,01162852497,Wilson_m3425@eszub.org
3426,Ms,Lily w3426,Bond St,New Park,Leicester,01162790467,Lily_w3426@pdlkuac.uk
3427,Mr,William m3427,King St,Birstall,Leicester,01162474911,William_m3427@vbyvn.sch.uk
3428,Ms,Mina w3428,Granby St,City Centre,Leicester,01162806953,Mina_w3428@aoexx.org
3429,Mr,Peter m3429,Victory St,City Centre,Leicester,01162455136,Peter_m3429@vhlqlac.uk
3430,Ms,Hana w3430,Victory St,Wigston,Leicester,01162865107,Hana_w3430@sejpb.net
3431,Mr,Zhou m3431,Hotel St,West Knighton,Leicester,01162340810,Zhou_m3431@cirai.sch.uk
3432,Ms,Chris w3432,Oxford St,Wigston,Leicester,01162246497,Chris_w3432@yszaoac.uk
3433,Mr,Wilson m3433,Kent St,Wigston,Leicester,01162916667,Wilson_m3433@eksmy.sch.uk
3434,Ms,Anna w3434,Bond St,Oadby,Leicester,01162500422,Anna_w3434@vvepyac.uk
3435,Mr,Matthew m3435,Victory St,Birstall,Leicester,01162157569,Matthew_m3435@qalru.gov.uk
3436,Ms,Hana w3436,Ring Rd,Birstall,Leicester,01162370773,Hana_w3436@dgthoac.uk
3437,Mr,Chris m3437,Hotel St,Wigston,Leicester,01162627109,Chris_m3437@ntnpp.net
3438,Ms,Diana w3438,Burton St,West Knighton,Leicester,01162522523,Diana_w3438@czxgr.gov.uk
3439,Mr,Alex m3439,Kent St,Oadby,Leicester,01162102094,Alex_m3439@dutwa.gov.uk
3440,Ms,Helen w3440,Bond St,Wigston,Leicester,01162676770,Helen_w3440@xcecl.org
3441,Mr,Smith m3441,Welford Rd,Oadby,Leicester,01162427250,Smith_m3441@hrzzv.gov.uk
3442,Ms,Lily w3442,Wharf St,Oadby,Leicester,01162643725,Lily_w3442@bukqxco.uk
3443,Mr,Alex m3443,Victory St,City Centre,Leicester,01162687998,Alex_m3443@jtxya.com
3444,Ms,Helen w3444,Victory St,Birstall,Leicester,01162712530,Helen_w3444@ltrbm.net
3445,Mr,Smith m3445,Granby St,Birstall,Leicester,01162968175,Smith_m3445@kczuo.gov.uk
3446,Ms,Anna w3446,Queens Rd,New Park,Leicester,01162466428,Anna_w3446@vhumb.net
3447,Mr,Clinton m3447,Oxford St,New Park,Leicester,01162819688,Clinton_m3447@uofix.org
3448,Ms,Victory w3448,Bond St,West Knighton,Leicester,01162941269,Victory_w3448@bdnpx.org
3449,Mr,Ben m3449,Burton St,West Knighton,Leicester,01162839625,Ben_m3449@bvdej.org
3450,Ms,Jenny w3450,Bond St,New Park,Leicester,01162707693,Jenny_w3450@ryqqa.gov.uk
3451,Mr,Dean m3451,Granby St,New Park,Leicester,01162003609,Dean_m3451@uxgmiac.uk
3452,Ms,Hana w3452,Hotel St,Birstall,Leicester,01162786353,Hana_w3452@vkbcoco.uk
3453,Mr,Brown m3453,Welford Rd,Wigston,Leicester,01162528540,Brown_m3453@pfegi.sch.uk
3454,Ms,Helen w3454,Hill St,Oadby,Leicester,01162771755,Helen_w3454@mvthyco.uk
3455,Mr,David m3455,Hill St,Birstall,Leicester,01162820625,David_m3455@akbtjac.uk
3456,Ms,Mina w3456,Queens Rd,City Centre,Leicester,01162771665,Mina_w3456@kuyje.com
3457,Mr,Bush m3457,Ring Rd,West Knighton,Leicester,01162428777,Bush_m3457@eiffk.com
3458,Ms,Lora w3458,Oxford St,Wigston,Leicester,01162973604,Lora_w3458@mpevxac.uk
3459,Mr,Simon m3459,King St,West Knighton,Leicester,01162086843,Simon_m3459@cfpez.org
3460,Ms,Diana w3460,Hill St,Oadby,Leicester,01162181131,Diana_w3460@hbmyj.net
3461,Mr,Mohammad m3461,Granby St,City Centre,Leicester,01162009820,Mohammad_m3461@faqom.net
3462,Ms,Lily w3462,Victory St,New Park,Leicester,01162523415,Lily_w3462@uuekh.org
3463,Mr,Scott m3463,Bond St,Wigston,Leicester,01162322827,Scott_m3463@fgwnyac.uk
3464,Ms,Chris w3464,Hill St,Birstall,Leicester,01162304986,Chris_w3464@ftygk.net
3465,Mr,Scott m3465,Wharf St,Wigston,Leicester,01162048039,Scott_m3465@uqisf.org
3466,Ms,Lora w3466,Gateway St,Wigston,Leicester,01162999751,Lora_w3466@mxnxp.sch.uk
3467,Mr,Simon m3467,Wharf St,Birstall,Leicester,01162632144,Simon_m3467@yzyyo.net
3468,Ms,Sally w3468,Ring Rd,West Knighton,Leicester,01162949663,Sally_w3468@fmdbtac.uk
3469,Mr,David m3469,Bond St,West Knighton,Leicester,01162994624,David_m3469@zkkls.sch.uk
3470,Ms,Diana w3470,King St,Wigston,Leicester,01162523527,Diana_w3470@tkehgco.uk
3471,Mr,Brown m3471,Newton St,Oadby,Leicester,01162360612,Brown_m3471@jvqeyac.uk
3472,Ms,Chris w3472,Granby St,New Park,Leicester,01162310038,Chris_w3472@svgiu.org
3473,Mr,Brown m3473,Oxford St,City Centre,Leicester,01162668370,Brown_m3473@iwyivac.uk
3474,Ms,Tania w3474,Ring Rd,City Centre,Leicester,01162642235,Tania_w3474@ehqztco.uk
3475,Mr,Peter m3475,Hill St,Oadby,Leicester,01162954593,Peter_m3475@euaqsco.uk
3476,Ms,Hana w3476,Welford Rd,New Park,Leicester,01162814534,Hana_w3476@krtrj.org
3477,Mr,Yang m3477,King St,New Park,Leicester,01162116425,Yang_m3477@lduzy.net
3478,Ms,Helen w3478,King St,Wigston,Leicester,01162398445,Helen_w3478@hermd.org
3479,Mr,Matthew m3479,Burton St,City Centre,Leicester,01162641552,Matthew_m3479@yrjqlac.uk
3480,Ms,Luise w3480,Bond St,Wigston,Leicester,01162109605,Luise_w3480@tetypac.uk
3481,Mr,Simon m3481,King St,Wigston,Leicester,01162132336,Simon_m3481@bdypy.org
3482,Ms,Anna w3482,Gateway St,West Knighton,Leicester,01162601906,Anna_w3482@jznpoco.uk
3483,Mr,Wood m3483,King St,New Park,Leicester,01162249227,Wood_m3483@ggjcb.org
3484,Ms,Hana w3484,Hotel St,Oadby,Leicester,01162408127,Hana_w3484@duuwi.org
3485,Mr,Peter m3485,Granby St,New Park,Leicester,01162724485,Peter_m3485@vpmbzco.uk
3486,Ms,Luise w3486,Burton St,West Knighton,Leicester,01162017501,Luise_w3486@mcnak.sch.uk
3487,Mr,Yang m3487,Burton St,Birstall,Leicester,01162516061,Yang_m3487@agfub.gov.uk
3488,Ms,Pam w3488,Queens Rd,Birstall,Leicester,01162064519,Pam_w3488@bxlgtco.uk
3489,Mr,Yang m3489,Queens Rd,New Park,Leicester,01162458476,Yang_m3489@gsgef.com
3490,Ms,Lora w3490,Granby St,Birstall,Leicester,01162507479,Lora_w3490@xzkja.gov.uk
3491,Mr,David m3491,Oxford St,Oadby,Leicester,01162202579,David_m3491@umfcx.org
3492,Ms,Victory w3492,Burton St,Wigston,Leicester,01162685069,Victory_w3492@exwvc.org
3493,Mr,Mohammad m3493,Burton St,City Centre,Leicester,01162167700,Mohammad_m3493@zeaxp.sch.uk
3494,Ms,Anna w3494,Granby St,New Park,Leicester,01162640222,Anna_w3494@lnyfw.sch.uk
3495,Mr,Yang m3495,Gateway St,Birstall,Leicester,01162718527,Yang_m3495@wvcno.com
3496,Ms,Tania w3496,Hill St,Birstall,Leicester,01162850831,Tania_w3496@enhvzac.uk
3497,Mr,Smith m3497,Welford Rd,Birstall,Leicester,01162045413,Smith_m3497@loybh.com
3498,Ms,Anna w3498,Queens Rd,Birstall,Leicester,01162437699,Anna_w3498@yufrc.sch.uk
3499,Mr,Yang m3499,Welford Rd,New Park,Leicester,01162152526,Yang_m3499@kfgvm.net
3500,Ms,Anna w3500,Queens Rd,Birstall,Leicester,01162806392,Anna_w3500@sonth.net
3501,Mr,Peter m3501,Gateway St,Wigston,Leicester,01162671690,Peter_m3501@ruuhn.sch.uk
3502,Ms,Hana w3502,Queens Rd,Wigston,Leicester,01162511890,Hana_w3502@dbizfco.uk
3503,Mr,Ben m3503,Welford Rd,West Knighton,Leicester,01162788976,Ben_m3503@pkzbs.net
3504,Ms,Mina w3504,Hill St,Wigston,Leicester,01162956812,Mina_w3504@usznu.net
3505,Mr,Dean m3505,Kent St,Birstall,Leicester,01162372494,Dean_m3505@yffuu.org
3506,Ms,Diana w3506,Granby St,Birstall,Leicester,01162590401,Diana_w3506@yttwa.gov.uk
3507,Mr,Dean m3507,King St,Oadby,Leicester,01162753638,Dean_m3507@ewonsco.uk
3508,Ms,Victory w3508,Ring Rd,Birstall,Leicester,01162973114,Victory_w3508@tnmowco.uk
3509,Mr,Alex m3509,Newton St,New Park,Leicester,01162319401,Alex_m3509@lollx.net
3510,Ms,Anna w3510,Hotel St,Wigston,Leicester,01162849454,Anna_w3510@hgwbtac.uk
3511,Mr,Brown m3511,Victory St,Oadby,Leicester,01162235557,Brown_m3511@npfls.sch.uk
3512,Ms,Chris w3512,Wharf St,Birstall,Leicester,01162821228,Chris_w3512@vmyleac.uk
3513,Mr,Brown m3513,King St,Birstall,Leicester,01162019466,Brown_m3513@lmsyy.gov.uk
3514,Ms,Ann w3514,Hill St,Birstall,Leicester,01162126047,Ann_w3514@czojd.net
3515,Mr,Zhou m3515,Kent St,Oadby,Leicester,01162185497,Zhou_m3515@hzuleac.uk
3516,Ms,Hana w3516,Gateway St,Wigston,Leicester,01162632764,Hana_w3516@upcuo.sch.uk
3517,Mr,William m3517,Gateway St,West Knighton,Leicester,01162999275,William_m3517@cmndhco.uk
3518,Ms,Diana w3518,Queens Rd,Wigston,Leicester,01162482715,Diana_w3518@xyxwd.sch.uk
3519,Mr,Scott m3519,Newton St,City Centre,Leicester,01162939722,Scott_m3519@cbywdco.uk
3520,Ms,Jane w3520,Granby St,Birstall,Leicester,01162160714,Jane_w3520@kxffu.net
3521,Mr,Watson m3521,Granby St,West Knighton,Leicester,01162610560,Watson_m3521@nmtch.net
3522,Ms,Luise w3522,Ring Rd,Birstall,Leicester,01162706041,Luise_w3522@aebsw.sch.uk
3523,Mr,Bush m3523,Gateway St,Birstall,Leicester,01162604720,Bush_m3523@qlmfc.net
3524,Ms,Victory w3524,Welford Rd,City Centre,Leicester,01162349643,Victory_w3524@adkyn.sch.uk
3525,Mr,Watson m3525,Ring Rd,Oadby,Leicester,01162506226,Watson_m3525@eafhcco.uk
3526,Ms,Luise w3526,Bond St,City Centre,Leicester,01162388794,Luise_w3526@fiube.sch.uk
2862,Ms,Helen w2862,Wharf St,Birstall,Leicester,01162268205,Helen_w2862@cifao.org
2863,Mr,Brown m2863,Hotel St,Oadby,Leicester,01162361287,Brown_m2863@cgxxi.org
2864,Ms,Jenny w2864,London Rd,New Park,Leicester,01162766494,Jenny_w2864@arcoz.net
2865,Mr,Dean m2865,King St,Oadby,Leicester,01162131481,Dean_m2865@ntzqx.com
2866,Ms,Anna w2866,Wharf St,Oadby,Leicester,01162429423,Anna_w2866@rcwdj.com
2867,Mr,Wood m2867,Granby St,City Centre,Leicester,01162911268,Wood_m2867@nqrog.org
2868,Ms,Chris w2868,Wharf St,Oadby,Leicester,01162873268,Chris_w2868@tpwpb.net
2869,Mr,Dean m2869,Gateway St,City Centre,Leicester,01162907009,Dean_m2869@bsgjv.sch.uk
2870,Ms,Diana w2870,Kent St,Birstall,Leicester,01162434434,Diana_w2870@tevzf.sch.uk
2871,Mr,Alex m2871,Hotel St,Oadby,Leicester,01162229447,Alex_m2871@ovcleac.uk
2872,Ms,Hana w2872,Bond St,Wigston,Leicester,01162150938,Hana_w2872@nphdl.sch.uk
2873,Mr,Wilson m2873,Burton St,Birstall,Leicester,01162503333,Wilson_m2873@hneibac.uk
2874,Ms,Diana w2874,King St,West Knighton,Leicester,01162126528,Diana_w2874@zwoqc.net
2875,Mr,Matthew m2875,Wharf St,Wigston,Leicester,01162472864,Matthew_m2875@rqwqx.gov.uk
2876,Ms,Anna w2876,Wharf St,Wigston,Leicester,01162461005,Anna_w2876@essskco.uk
2877,Mr,Brown m2877,London Rd,Birstall,Leicester,01162130733,Brown_m2877@tnquh.net
2878,Ms,Pam w2878,Hotel St,New Park,Leicester,01162351947,Pam_w2878@tytwyco.uk
2879,Mr,Chris m2879,King St,New Park,Leicester,01162518563,Chris_m2879@zuyav.net
2880,Ms,Chris w2880,Burton St,Oadby,Leicester,01162698117,Chris_w2880@vvnob.gov.uk
2881,Mr,Ben m2881,London Rd,Birstall,Leicester,01162240592,Ben_m2881@dcttw.gov.uk
2882,Ms,Lily w2882,Victory St,City Centre,Leicester,01162431618,Lily_w2882@osstk.net
2883,Mr,Scott m2883,London Rd,City Centre,Leicester,01162925829,Scott_m2883@urprpco.uk
2884,Ms,Jane w2884,Kent St,New Park,Leicester,01162499848,Jane_w2884@amyys.net
2885,Mr,Alex m2885,London Rd,Oadby,Leicester,01162922445,Alex_m2885@chghj.net
2886,Ms,Chris w2886,Burton St,Oadby,Leicester,01162882328,Chris_w2886@iwpsrco.uk
2887,Mr,Wilson m2887,Kent St,New Park,Leicester,01162325196,Wilson_m2887@uwhws.org
2888,Ms,Tania w2888,Queens Rd,Birstall,Leicester,01162529467,Tania_w2888@zeevfac.uk
2889,Mr,Matthew m2889,Kent St,New Park,Leicester,01162086567,Matthew_m2889@tmeptco.uk
2890,Ms,Victory w2890,Ring Rd,Wigston,Leicester,01162315903,Victory_w2890@xiaba.sch.uk
2891,Mr,David m2891,Burton St,Wigston,Leicester,01162429061,David_m2891@anpyw.sch.uk
2892,Ms,Helen w2892,Ring Rd,Wigston,Leicester,01162007981,Helen_w2892@efwtq.org
2893,Mr,Peter m2893,Burton St,Birstall,Leicester,01162723473,Peter_m2893@vawfdco.uk
2894,Ms,Anna w2894,Hill St,West Knighton,Leicester,01162656721,Anna_w2894@lndalac.uk
2895,Mr,Peter m2895,Bond St,City Centre,Leicester,01162695803,Peter_m2895@askjm.org
2896,Ms,Mina w2896,Hotel St,City Centre,Leicester,01162269766,Mina_w2896@eocdg.sch.uk
2897,Mr,Dean m2897,Gateway St,West Knighton,Leicester,01162698890,Dean_m2897@kuvzk.org
2898,Ms,Anna w2898,Gateway St,New Park,Leicester,01162139647,Anna_w2898@ymrfk.com
2899,Mr,Mohammad m2899,Granby St,New Park,Leicester,01162143071,Mohammad_m2899@bjeyvac.uk
2900,Ms,Jenny w2900,Welford Rd,New Park,Leicester,01162775565,Jenny_w2900@okfld.com
2901,Mr,Liu m2901,Burton St,New Park,Leicester,01162097417,Liu_m2901@mexif.org
2902,Ms,Ann w2902,Granby St,Oadby,Leicester,01162636223,Ann_w2902@xtkvsac.uk
2903,Mr,Mohammad m2903,Hill St,City Centre,Leicester,01162950076,Mohammad_m2903@yxwpn.net
2904,Ms,Pam w2904,London Rd,Birstall,Leicester,01162112832,Pam_w2904@jhzol.net
2905,Mr,Alex m2905,Queens Rd,City Centre,Leicester,01162574262,Alex_m2905@ognhc.sch.uk
2906,Ms,Pam w2906,Queens Rd,Birstall,Leicester,01162345730,Pam_w2906@voikoac.uk
2907,Mr,Simon m2907,Hill St,West Knighton,Leicester,01162426801,Simon_m2907@jfqjfco.uk
2908,Ms,Lora w2908,Oxford St,Oadby,Leicester,01162927879,Lora_w2908@zxcmm.org
2909,Mr,Bush m2909,Gateway St,West Knighton,Leicester,01162698204,Bush_m2909@oxetgco.uk
2910,Ms,Luise w2910,Bond St,Oadby,Leicester,01162961859,Luise_w2910@njupj.net
2911,Mr,Clinton m2911,Burton St,West Knighton,Leicester,01162792095,Clinton_m2911@vytel.gov.uk
2912,Ms,Diana w2912,Oxford St,Oadby,Leicester,01162111446,Diana_w2912@msalv.sch.uk
2913,Mr,Eric m2913,Oxford St,Wigston,Leicester,01162125628,Eric_m2913@xmsucco.uk
2914,Ms,Anna w2914,Gateway St,New Park,Leicester,01162284702,Anna_w2914@rmaweco.uk
2915,Mr,Simon m2915,Ring Rd,Birstall,Leicester,01162980065,Simon_m2915@pegug.org
2916,Ms,Hana w2916,Bond St,City Centre,Leicester,01162311539,Hana_w2916@isjrm.org
2917,Mr,Simon m2917,Hill St,City Centre,Leicester,01162480113,Simon_m2917@ljlsz.net
2918,Ms,Jenny w2918,Hill St,West Knighton,Leicester,01162580814,Jenny_w2918@mqmaj.sch.uk
2919,Mr,Liu m2919,Gateway St,West Knighton,Leicester,01162912800,Liu_m2919@riasx.org
2920,Ms,Anna w2920,Hotel St,New Park,Leicester,01162339905,Anna_w2920@mtrjk.net
2921,Mr,Watson m2921,Bond St,West Knighton,Leicester,01162281842,Watson_m2921@xoeogac.uk
2922,Ms,Chris w2922,Burton St,Wigston,Leicester,01162648787,Chris_w2922@coylsco.uk
2923,Mr,Lee m2923,Kent St,City Centre,Leicester,01162287517,Lee_m2923@xvazfac.uk
2924,Ms,Sally w2924,Bond St,West Knighton,Leicester,01162993334,Sally_w2924@fbtvv.org
2925,Mr,Yang m2925,Welford Rd,Birstall,Leicester,01162591501,Yang_m2925@mgcumco.uk
2926,Ms,Mina w2926,Kent St,New Park,Leicester,01162947149,Mina_w2926@igqum.sch.uk
2927,Mr,Brown m2927,Granby St,New Park,Leicester,01162242339,Brown_m2927@gwznbac.uk
2928,Ms,Hana w2928,Granby St,Wigston,Leicester,01162637086,Hana_w2928@adwapac.uk
2929,Mr,Bush m2929,Hill St,New Park,Leicester,01162398362,Bush_m2929@uowhe.net
2930,Ms,Lora w2930,Queens Rd,Oadby,Leicester,01162062958,Lora_w2930@xxaim.org
2931,Mr,Peter m2931,Bond St,New Park,Leicester,01162729328,Peter_m2931@ffiij.net
2932,Ms,Mina w2932,Newton St,Oadby,Leicester,01162027602,Mina_w2932@bxwjr.sch.uk
2933,Mr,Wood m2933,Bond St,West Knighton,Leicester,01162467881,Wood_m2933@hfghaac.uk
2934,Ms,Diana w2934,Hill St,Oadby,Leicester,01162945381,Diana_w2934@phbjc.org
2935,Mr,Zhou m2935,Gateway St,Wigston,Leicester,01162699884,Zhou_m2935@fsiyx.net
2936,Ms,Luise w2936,Victory St,Wigston,Leicester,01162640734,Luise_w2936@hjxdgac.uk
2937,Mr,Mohammad m2937,Burton St,City Centre,Leicester,01162914570,Mohammad_m2937@qdnfb.sch.uk
2938,Ms,Anna w2938,Ring Rd,Oadby,Leicester,01162093021,Anna_w2938@atjtp.sch.uk
2939,Mr,Simon m2939,Kent St,Oadby,Leicester,01162765384,Simon_m2939@tunlcco.uk
2940,Ms,Anna w2940,Bond St,West Knighton,Leicester,01162946677,Anna_w2940@uyoou.sch.uk
2941,Mr,David m2941,Welford Rd,Oadby,Leicester,01162666983,David_m2941@xymwxco.uk
2942,Ms,Diana w2942,Queens Rd,Oadby,Leicester,01162129662,Diana_w2942@putxr.com
2943,Mr,Liu m2943,Hill St,Birstall,Leicester,01162746443,Liu_m2943@xyqws.net
2944,Ms,Lora w2944,Victory St,Oadby,Leicester,01162556941,Lora_w2944@dktytac.uk
2945,Mr,Watson m2945,Oxford St,Wigston,Leicester,01162085506,Watson_m2945@csmnyac.uk
2946,Ms,Sally w2946,Victory St,West Knighton,Leicester,01162190135,Sally_w2946@hqaku.net
2947,Mr,Peter m2947,Ring Rd,Birstall,Leicester,01162044541,Peter_m2947@gwqip.org
2948,Ms,Luise w2948,Bond St,Birstall,Leicester,01162212762,Luise_w2948@ycxen.net
2949,Mr,Liu m2949,Oxford St,Oadby,Leicester,01162278783,Liu_m2949@bfqfu.org
2950,Ms,Victory w2950,Hill St,West Knighton,Leicester,01162510407,Victory_w2950@oiscjac.uk
2951,Mr,Ben m2951,Queens Rd,City Centre,Leicester,01162474064,Ben_m2951@lgdxc.gov.uk
2952,Ms,Helen w2952,King St,New Park,Leicester,01162506507,Helen_w2952@fosnc.net
2953,Mr,Ben m2953,Oxford St,Oadby,Leicester,01162566387,Ben_m2953@tkmke.org
2954,Ms,Chris w2954,Hotel St,Oadby,Leicester,01162080096,Chris_w2954@qnycm.org
2955,Mr,Lee m2955,King St,Oadby,Leicester,01162015462,Lee_m2955@xdqsj.sch.uk
2956,Ms,Ann w2956,Wharf St,New Park,Leicester,01162006790,Ann_w2956@jsoqk.org
2957,Mr,Zhou m2957,Granby St,Birstall,Leicester,01162003170,Zhou_m2957@fljwq.org
2958,Ms,Victory w2958,Queens Rd,West Knighton,Leicester,01162677853,Victory_w2958@qadon.com
2959,Mr,Dean m2959,Queens Rd,Wigston,Leicester,01162403273,Dean_m2959@legjw.net
2960,Ms,Anna w2960,Granby St,New Park,Leicester,01162360294,Anna_w2960@uzpce.org
2961,Mr,Zhou m2961,Welford Rd,Wigston,Leicester,01162038081,Zhou_m2961@wgzwd.org
2962,Ms,Pam w2962,Victory St,Oadby,Leicester,01162426857,Pam_w2962@rifmaac.uk
2963,Mr,Wilson m2963,Victory St,Oadby,Leicester,01162034468,Wilson_m2963@qvqcp.sch.uk
2964,Ms,Victory w2964,King St,West Knighton,Leicester,01162855282,Victory_w2964@ybgjp.gov.uk
2965,Mr,Lee m2965,Wharf St,West Knighton,Leicester,01162552553,Lee_m2965@gzuyr.gov.uk
2966,Ms,Jenny w2966,Ring Rd,Birstall,Leicester,01162146065,Jenny_w2966@vjgxl.com
2967,Mr,Wood m2967,Granby St,City Centre,Leicester,01162577662,Wood_m2967@vtwsb.org
2968,Ms,Chris w2968,Queens Rd,Oadby,Leicester,01162426184,Chris_w2968@estoi.org
2969,Mr,Ben m2969,Hotel St,Birstall,Leicester,01162685266,Ben_m2969@xynls.net
2970,Ms,Mina w2970,Wharf St,Oadby,Leicester,01162904043,Mina_w2970@gbxgv.net
2971,Mr,Dean m2971,Granby St,Wigston,Leicester,01162479751,Dean_m2971@jiplv.net
2972,Ms,Anna w2972,Burton St,New Park,Leicester,01162872144,Anna_w2972@drame.org
2973,Mr,Smith m2973,Granby St,Wigston,Leicester,01162143642,Smith_m2973@gfrwf.gov.uk
2974,Ms,Diana w2974,London Rd,Birstall,Leicester,01162021223,Diana_w2974@etfng.sch.uk
2975,Mr,Peter m2975,Hill St,New Park,Leicester,01162582715,Peter_m2975@claxt.net
2976,Ms,Hana w2976,Welford Rd,New Park,Leicester,01162759277,Hana_w2976@nntptco.uk
2977,Mr,Yang m2977,King St,New Park,Leicester,01162274634,Yang_m2977@mnbni.sch.uk
2978,Ms,Jenny w2978,Gateway St,Oadby,Leicester,01162730634,Jenny_w2978@reyon.net
2979,Mr,William m2979,Oxford St,New Park,Leicester,01162584298,William_m2979@hgawaac.uk
2980,Ms,Lora w2980,Bond St,Birstall,Leicester,01162179683,Lora_w2980@mmcfy.net
2981,Mr,David m2981,Queens Rd,Oadby,Leicester,01162364938,David_m2981@zuneq.net
2982,Ms,Chris w2982,Victory St,Wigston,Leicester,01162364105,Chris_w2982@rccvb.gov.uk
2983,Mr,Scott m2983,Kent St,Wigston,Leicester,01162724920,Scott_m2983@yfqdoac.uk
2984,Ms,Victory w2984,Kent St,Birstall,Leicester,01162940377,Victory_w2984@etvgyac.uk
2985,Mr,Brown m2985,Hotel St,Birstall,Leicester,01162897098,Brown_m2985@oqvqn.org
2986,Ms,Diana w2986,Victory St,Wigston,Leicester,01162081751,Diana_w2986@vuuif.sch.uk
2987,Mr,Bush m2987,Ring Rd,Wigston,Leicester,01162504439,Bush_m2987@pdvgz.sch.uk
2988,Ms,Pam w2988,Hotel St,New Park,Leicester,01162342789,Pam_w2988@vvrus.net
2989,Mr,Clinton m2989,Queens Rd,Birstall,Leicester,01162383882,Clinton_m2989@fictqco.uk
2990,Ms,Jane w2990,Hotel St,New Park,Leicester,01162119260,Jane_w2990@gopef.net
2991,Mr,Peter m2991,Hotel St,New Park,Leicester,01162928395,Peter_m2991@rsplj.org
2992,Ms,Anna w2992,Hill St,Birstall,Leicester,01162882982,Anna_w2992@gavwa.net
2993,Mr,Clinton m2993,Bond St,New Park,Leicester,01162990576,Clinton_m2993@vfsyj.org
2994,Ms,Sally w2994,Gateway St,Wigston,Leicester,01162469705,Sally_w2994@kfrss.com
2995,Mr,Brown m2995,Oxford St,City Centre,Leicester,01162405803,Brown_m2995@ciejlco.uk
2996,Ms,Victory w2996,Granby St,New Park,Leicester,01162512359,Victory_w2996@xdfkd.org
2997,Mr,William m2997,Kent St,Birstall,Leicester,01162930125,William_m2997@ufuql.com
2998,Ms,Helen w2998,Welford Rd,Oadby,Leicester,01162479528,Helen_w2998@pgxab.org
2999,Mr,Brown m2999,Bond St,New Park,Leicester,01162228427,Brown_m2999@tsophco.uk
3000,Ms,Pam w3000,Welford Rd,Oadby,Leicester,01162520960,Pam_w3000@wxeql.org
3001,Mr,Yang m3001,Hill St,West Knighton,Leicester,01162897513,Yang_m3001@fkenw.net
3002,Ms,Victory w3002,Hill St,Birstall,Leicester,01162029957,Victory_w3002@wfmed.org
3003,Mr,Chris m3003,Kent St,Oadby,Leicester,01162273373,Chris_m3003@xxktp.sch.uk
3004,Ms,Lily w3004,Wharf St,Wigston,Leicester,01162512070,Lily_w3004@aarea.sch.uk
3005,Mr,Ben m3005,Gateway St,New Park,Leicester,01162727666,Ben_m3005@ygquk.org
3006,Ms,Anna w3006,Bond St,City Centre,Leicester,01162135854,Anna_w3006@mwmfh.sch.uk
3007,Mr,David m3007,Gateway St,Birstall,Leicester,01162240774,David_m3007@tcvky.org
3008,Ms,Lora w3008,Hotel St,City Centre,Leicester,01162797336,Lora_w3008@hgach.com
3009,Mr,Alex m3009,Hill St,Birstall,Leicester,01162428630,Alex_m3009@fgxuc.net
3010,Ms,Ann w3010,Oxford St,Oadby,Leicester,01162854716,Ann_w3010@yrywi.org
3011,Mr,Alex m3011,Hotel St,Oadby,Leicester,01162574745,Alex_m3011@bxbie.org
3012,Ms,Anna w3012,Hotel St,Wigston,Leicester,01162560436,Anna_w3012@louxk.gov.uk
3013,Mr,Watson m3013,King St,New Park,Leicester,01162730920,Watson_m3013@uygwh.org
3014,Ms,Mina w3014,Ring Rd,Wigston,Leicester,01162918734,Mina_w3014@zktqlac.uk
3015,Mr,Simon m3015,Gateway St,New Park,Leicester,01162854576,Simon_m3015@nfhvcco.uk
3016,Ms,Luise w3016,Kent St,City Centre,Leicester,01162515697,Luise_w3016@dvxec.sch.uk
3017,Mr,Peter m3017,King St,Wigston,Leicester,01162463675,Peter_m3017@dpvnjac.uk
3018,Ms,Pam w3018,Kent St,City Centre,Leicester,01162932626,Pam_w3018@berzl.net
3019,Mr,Bush m3019,Gateway St,Wigston,Leicester,01162589440,Bush_m3019@chqfj.net
3020,Ms,Jane w3020,Victory St,Wigston,Leicester,01162988154,Jane_w3020@rbrxy.sch.uk
3021,Mr,Clinton m3021,Victory St,New Park,Leicester,01162488666,Clinton_m3021@fhgngac.uk
3022,Ms,Sally w3022,Hotel St,Oadby,Leicester,01162443055,Sally_w3022@toqgs.net
3023,Mr,Peter m3023,King St,Oadby,Leicester,01162907121,Peter_m3023@gufhrco.uk
3024,Ms,Ann w3024,Gateway St,Birstall,Leicester,01162552180,Ann_w3024@lbenyco.uk
3025,Mr,Simon m3025,Victory St,City Centre,Leicester,01162450390,Simon_m3025@gxagj.org
3026,Ms,Ann w3026,Ring Rd,Wigston,Leicester,01162221358,Ann_w3026@bocfu.org
3027,Mr,Brown m3027,Bond St,Wigston,Leicester,01162090641,Brown_m3027@ldrlq.gov.uk
3028,Ms,Pam w3028,Kent St,West Knighton,Leicester,01162283668,Pam_w3028@wieum.com
3029,Mr,Watson m3029,Newton St,Wigston,Leicester,01162004719,Watson_m3029@jonfw.net
3030,Ms,Sally w3030,Welford Rd,New Park,Leicester,01162375372,Sally_w3030@gfexh.net
3031,Mr,Alex m3031,Queens Rd,Wigston,Leicester,01162294588,Alex_m3031@vobfu.sch.uk
3032,Ms,Pam w3032,Kent St,City Centre,Leicester,01162027680,Pam_w3032@egeth.org
3033,Mr,David m3033,Welford Rd,Birstall,Leicester,01162012425,David_m3033@yqmzuco.uk
3034,Ms,Chris w3034,Granby St,New Park,Leicester,01162873302,Chris_w3034@hucto.org
3035,Mr,Alex m3035,Kent St,Birstall,Leicester,01162275935,Alex_m3035@rjdbk.sch.uk
3036,Ms,Chris w3036,Hill St,New Park,Leicester,01162547441,Chris_w3036@autbt.net
3037,Mr,Wood m3037,Burton St,Birstall,Leicester,01162959485,Wood_m3037@gzifc.com
3038,Ms,Pam w3038,King St,Wigston,Leicester,01162152002,Pam_w3038@diolu.net
3039,Mr,Brown m3039,Wharf St,Birstall,Leicester,01162218883,Brown_m3039@nafwr.gov.uk
3040,Ms,Jenny w3040,Welford Rd,West Knighton,Leicester,01162596143,Jenny_w3040@jwvhw.org
3041,Mr,Clinton m3041,Victory St,Birstall,Leicester,01162274745,Clinton_m3041@exzzz.com
3042,Ms,Luise w3042,London Rd,New Park,Leicester,01162574258,Luise_w3042@jwimr.sch.uk
3043,Mr,Alex m3043,Wharf St,New Park,Leicester,01162305356,Alex_m3043@mvjwj.org
3044,Ms,Hana w3044,Granby St,Wigston,Leicester,01162560771,Hana_w3044@ttdggac.uk
3045,Mr,Smith m3045,Victory St,Wigston,Leicester,01162778188,Smith_m3045@jxgglco.uk
3046,Ms,Lily w3046,Hotel St,Wigston,Leicester,01162217233,Lily_w3046@uunzo.sch.uk
3047,Mr,Wood m3047,Kent St,Birstall,Leicester,01162585099,Wood_m3047@lpzfh.net
3048,Ms,Hana w3048,Queens Rd,New Park,Leicester,01162119329,Hana_w3048@swzblac.uk
3049,Mr,Wood m3049,Hill St,City Centre,Leicester,01162878842,Wood_m3049@vmabvac.uk
3050,Ms,Pam w3050,Hotel St,Wigston,Leicester,01162170756,Pam_w3050@lhodu.sch.uk
3051,Mr,Brown m3051,Hill St,City Centre,Leicester,01162349323,Brown_m3051@pjurr.org
3052,Ms,Sally w3052,Victory St,New Park,Leicester,01162970010,Sally_w3052@switb.net
3053,Mr,William m3053,King St,Oadby,Leicester,01162862382,William_m3053@ogczy.gov.uk
3054,Ms,Anna w3054,Queens Rd,New Park,Leicester,01162174527,Anna_w3054@rjnanac.uk
3055,Mr,Dean m3055,Bond St,Wigston,Leicester,01162777707,Dean_m3055@fwrui.net
3056,Ms,Luise w3056,Burton St,Oadby,Leicester,01162587196,Luise_w3056@jnyuzco.uk
3057,Mr,David m3057,London Rd,New Park,Leicester,01162850375,David_m3057@azmsuac.uk
3058,Ms,Hana w3058,Oxford St,Oadby,Leicester,01162520701,Hana_w3058@nrbjf.sch.uk
3059,Mr,Peter m3059,Oxford St,Oadby,Leicester,01162977978,Peter_m3059@ppbiuac.uk
3060,Ms,Lily w3060,Burton St,Birstall,Leicester,01162835368,Lily_w3060@osxaeco.uk
3061,Mr,Brown m3061,Newton St,New Park,Leicester,01162755572,Brown_m3061@dqvmnco.uk
3062,Ms,Lora w3062,King St,West Knighton,Leicester,01162117493,Lora_w3062@oioko.gov.uk
3063,Mr,Brown m3063,Granby St,Birstall,Leicester,01162313456,Brown_m3063@mzafj.org
3064,Ms,Ann w3064,Granby St,Birstall,Leicester,01162849583,Ann_w3064@cpyhf.net
3065,Mr,Zhou m3065,Burton St,Birstall,Leicester,01162574980,Zhou_m3065@czurn.sch.uk
3066,Ms,Ann w3066,London Rd,Birstall,Leicester,01162289942,Ann_w3066@zzauh.sch.uk
3067,Mr,Zhou m3067,Hotel St,Wigston,Leicester,01162472701,Zhou_m3067@vludpac.uk
3068,Ms,Sally w3068,Victory St,City Centre,Leicester,01162461156,Sally_w3068@fwqud.sch.uk
3069,Mr,David m3069,Hill St,Birstall,Leicester,01162195476,David_m3069@tjcon.net
3070,Ms,Ann w3070,Queens Rd,Wigston,Leicester,01162091587,Ann_w3070@wmipt.com
3071,Mr,Dean m3071,Gateway St,Oadby,Leicester,01162448974,Dean_m3071@vqukh.sch.uk
3072,Ms,Anna w3072,Ring Rd,Wigston,Leicester,01162117417,Anna_w3072@fziky.sch.uk
3073,Mr,Matthew m3073,King St,Wigston,Leicester,01162608317,Matthew_m3073@swgtjco.uk
3074,Ms,Jenny w3074,Hotel St,Birstall,Leicester,01162075047,Jenny_w3074@ybnfh.org
3075,Mr,Bush m3075,Bond St,Birstall,Leicester,01162906173,Bush_m3075@zszik.net
3076,Ms,Anna w3076,Wharf St,Oadby,Leicester,01162846724,Anna_w3076@zsirn.org
3077,Mr,Mohammad m3077,King St,City Centre,Leicester,01162896155,Mohammad_m3077@uvgla.net
3078,Ms,Anna w3078,Wharf St,West Knighton,Leicester,01162344533,Anna_w3078@xfydj.net
3079,Mr,Zhou m3079,Kent St,New Park,Leicester,01162655644,Zhou_m3079@rclta.net
3080,Ms,Helen w3080,Burton St,Wigston,Leicester,01162606415,Helen_w3080@dnsih.net
3081,Mr,Matthew m3081,Hill St,Wigston,Leicester,01162931539,Matthew_m3081@lcrgc.org
3082,Ms,Sally w3082,Victory St,Wigston,Leicester,01162413761,Sally_w3082@wodac.com
3083,Mr,Brown m3083,Ring Rd,Oadby,Leicester,01162213396,Brown_m3083@sjjpk.net
3084,Ms,Hana w3084,King St,New Park,Leicester,01162377278,Hana_w3084@tjjnnco.uk
3085,Mr,Eric m3085,Wharf St,Wigston,Leicester,01162270657,Eric_m3085@ulmyi.gov.uk
3086,Ms,Luise w3086,Granby St,New Park,Leicester,01162698881,Luise_w3086@mkbrz.org
3087,Mr,Dean m3087,Gateway St,West Knighton,Leicester,01162298630,Dean_m3087@vprsc.com
3088,Ms,Victory w3088,Ring Rd,Wigston,Leicester,01162739761,Victory_w3088@rtxmwac.uk
3089,Mr,Dean m3089,Oxford St,Wigston,Leicester,01162500632,Dean_m3089@hmfmk.net
3090,Ms,Victory w3090,Bond St,Birstall,Leicester,01162697960,Victory_w3090@crjxmac.uk
3091,Mr,Mohammad m3091,Queens Rd,Birstall,Leicester,01162342267,Mohammad_m3091@fledx.net
3092,Ms,Anna w3092,Ring Rd,Oadby,Leicester,01162321174,Anna_w3092@ucvxk.org
3093,Mr,Wood m3093,King St,Wigston,Leicester,01162784762,Wood_m3093@elgod.org
3094,Ms,Helen w3094,Granby St,New Park,Leicester,01162259100,Helen_w3094@ikwyr.sch.uk
3095,Mr,Simon m3095,Bond St,West Knighton,Leicester,01162036565,Simon_m3095@tbjfeac.uk
3096,Ms,Jenny w3096,Granby St,City Centre,Leicester,01162031414,Jenny_w3096@kfsch.org
3097,Mr,Eric m3097,Hill St,Wigston,Leicester,01162557297,Eric_m3097@hvopjco.uk
3098,Ms,Diana w3098,Victory St,New Park,Leicester,01162829156,Diana_w3098@ezvheco.uk
3099,Mr,Wilson m3099,Kent St,Oadby,Leicester,01162474189,Wilson_m3099@wlaot.gov.uk
3100,Ms,Jenny w3100,Gateway St,Oadby,Leicester,01162132302,Jenny_w3100@bnvpi.org
3101,Mr,Yang m3101,Wharf St,City Centre,Leicester,01162485794,Yang_m3101@hfstp.sch.uk
3102,Ms,Victory w3102,Granby St,Wigston,Leicester,01162872208,Victory_w3102@ozfol.net
3103,Mr,Lee m3103,Burton St,Oadby,Leicester,01162524164,Lee_m3103@imucg.net
3104,Ms,Luise w3104,Ring Rd,Oadby,Leicester,01162038120,Luise_w3104@isxiaac.uk
3105,Mr,Wilson m3105,Oxford St,Oadby,Leicester,01162348904,Wilson_m3105@jmrgc.sch.uk
3106,Ms,Diana w3106,Wharf St,New Park,Leicester,01162016132,Diana_w3106@gkyesac.uk
3107,Mr,Peter m3107,King St,West Knighton,Leicester,01162333800,Peter_m3107@napvhco.uk
3108,Ms,Luise w3108,Victory St,West Knighton,Leicester,01162522706,Luise_w3108@qbkyl.org
3109,Mr,Alex m3109,King St,Oadby,Leicester,01162839030,Alex_m3109@azbrx.net
3110,Ms,Mina w3110,Bond St,City Centre,Leicester,01162277195,Mina_w3110@wucmxac.uk
3111,Mr,Dean m3111,Welford Rd,Wigston,Leicester,01162194420,Dean_m3111@nyizjac.uk
3112,Ms,Pam w3112,Bond St,Wigston,Leicester,01162173014,Pam_w3112@rrgcc.org
3113,Mr,Bush m3113,Victory St,New Park,Leicester,01162360927,Bush_m3113@fsweu.sch.uk
3114,Ms,Ann w3114,Queens Rd,Birstall,Leicester,01162098738,Ann_w3114@nztlr.gov.uk
3115,Mr,William m3115,Bond St,Birstall,Leicester,01162888236,William_m3115@wrvmc.sch.uk
3116,Ms,Hana w3116,London Rd,City Centre,Leicester,01162716035,Hana_w3116@hqonh.gov.uk
3117,Mr,Simon m3117,Kent St,Wigston,Leicester,01162357082,Simon_m3117@tuzbd.sch.uk
3118,Ms,Diana w3118,Oxford St,Oadby,Leicester,01162265879,Diana_w3118@pppzsco.uk
3119,Mr,Mohammad m3119,London Rd,Wigston,Leicester,01162420082,Mohammad_m3119@nyjtr.sch.uk
3120,Ms,Pam w3120,Queens Rd,Oadby,Leicester,01162677961,Pam_w3120@gwlej.sch.uk
3121,Mr,Scott m3121,Victory St,New Park,Leicester,01162561227,Scott_m3121@fpigt.sch.uk
3122,Ms,Sally w3122,Kent St,City Centre,Leicester,01162964838,Sally_w3122@qaduico.uk
3123,Mr,Clinton m3123,Hotel St,New Park,Leicester,01162868703,Clinton_m3123@hxmpu.net
3124,Ms,Ann w3124,Burton St,City Centre,Leicester,01162263647,Ann_w3124@zchcp.org
3125,Mr,Clinton m3125,Hill St,New Park,Leicester,01162972815,Clinton_m3125@wrgvf.net
3126,Ms,Ann w3126,Burton St,Wigston,Leicester,01162321415,Ann_w3126@ssqjs.net
3127,Mr,Lee m3127,Welford Rd,New Park,Leicester,01162194026,Lee_m3127@yzuhi.com
3128,Ms,Lora w3128,Granby St,Oadby,Leicester,01162295568,Lora_w3128@tcjkkco.uk
3129,Mr,Wood m3129,Welford Rd,New Park,Leicester,01162284041,Wood_m3129@hmzbzac.uk
3130,Ms,Luise w3130,Hotel St,Wigston,Leicester,01162936113,Luise_w3130@uwmdc.sch.uk
3131,Mr,Clinton m3131,Bond St,New Park,Leicester,01162055496,Clinton_m3131@ucubr.org
3132,Ms,Mina w3132,Hill St,New Park,Leicester,01162636317,Mina_w3132@suuwqco.uk
3133,Mr,Eric m3133,Hotel St,Birstall,Leicester,01162868622,Eric_m3133@agvor.gov.uk
3134,Ms,Luise w3134,Welford Rd,Oadby,Leicester,01162926808,Luise_w3134@qgklu.gov.uk
3135,Mr,David m3135,Burton St,Wigston,Leicester,01162773702,David_m3135@wzgmrac.uk
3136,Ms,Luise w3136,Newton St,Wigston,Leicester,01162788080,Luise_w3136@tddjr.com
3137,Mr,Wood m3137,London Rd,City Centre,Leicester,01162260477,Wood_m3137@xfcyc.sch.uk
3138,Ms,Chris w3138,Hotel St,West Knighton,Leicester,01162420920,Chris_w3138@xuqzo.net
3139,Mr,Eric m3139,Bond St,City Centre,Leicester,01162839545,Eric_m3139@zdrfkco.uk
3140,Ms,Mina w3140,King St,Oadby,Leicester,01162818787,Mina_w3140@eyqnd.com
3141,Mr,Chris m3141,Ring Rd,Oadby,Leicester,01162215677,Chris_m3141@ogcfdac.uk
3142,Ms,Hana w3142,Hill St,New Park,Leicester,01162193330,Hana_w3142@aizbd.sch.uk
3143,Mr,Ben m3143,Wharf St,West Knighton,Leicester,01162950687,Ben_m3143@bdjcj.org
3144,Ms,Lily w3144,Burton St,Wigston,Leicester,01162627292,Lily_w3144@wdshq.org
3145,Mr,William m3145,Victory St,City Centre,Leicester,01162907453,William_m3145@iydsd.sch.uk
3146,Ms,Anna w3146,King St,Birstall,Leicester,01162935246,Anna_w3146@wmhrt.org
3147,Mr,Chris m3147,Ring Rd,Oadby,Leicester,01162823091,Chris_m3147@pyohu.com
3148,Ms,Jenny w3148,Wharf St,Oadby,Leicester,01162513912,Jenny_w3148@nifrpac.uk
3149,Mr,Yang m3149,King St,Wigston,Leicester,01162191442,Yang_m3149@wldgb.sch.uk
3150,Ms,Lora w3150,Burton St,New Park,Leicester,01162203595,Lora_w3150@bjywjac.uk
3151,Mr,Eric m3151,Queens Rd,Wigston,Leicester,01162122037,Eric_m3151@youka.org
3152,Ms,Victory w3152,Hill St,Oadby,Leicester,01162222157,Victory_w3152@ulrtvac.uk
3153,Mr,Clinton m3153,Hotel St,West Knighton,Leicester,01162006359,Clinton_m3153@temjpac.uk
3154,Ms,Hana w3154,Queens Rd,Wigston,Leicester,01162432410,Hana_w3154@gjkff.net
3155,Mr,Smith m3155,Hotel St,Birstall,Leicester,01162194705,Smith_m3155@kueaw.net
3156,Ms,Victory w3156,Queens Rd,Oadby,Leicester,01162148893,Victory_w3156@lwyfjac.uk
3157,Mr,Matthew m3157,Granby St,Wigston,Leicester,01162063525,Matthew_m3157@fwhgvco.uk
3158,Ms,Pam w3158,Hill St,City Centre,Leicester,01162715308,Pam_w3158@fhlwx.net
3159,Mr,Mohammad m3159,Welford Rd,New Park,Leicester,01162328835,Mohammad_m3159@arrrn.org
3160,Ms,Victory w3160,Hill St,New Park,Leicester,01162065549,Victory_w3160@eqgfhac.uk
3161,Mr,Matthew m3161,Victory St,West Knighton,Leicester,01162070640,Matthew_m3161@kixua.sch.uk
3162,Ms,Hana w3162,Ring Rd,Wigston,Leicester,01162239403,Hana_w3162@dvsbxac.uk
3163,Mr,Scott m3163,Oxford St,Oadby,Leicester,01162221616,Scott_m3163@kgzrk.org
3164,Ms,Hana w3164,Bond St,Oadby,Leicester,01162087196,Hana_w3164@fyjzo.com
3165,Mr,David m3165,Hotel St,Oadby,Leicester,01162676895,David_m3165@ngugq.org
3166,Ms,Lily w3166,Oxford St,Birstall,Leicester,01162271341,Lily_w3166@eijul.org
3167,Mr,William m3167,Burton St,City Centre,Leicester,01162874349,William_m3167@ivlocac.uk
3168,Ms,Chris w3168,Ring Rd,Wigston,Leicester,01162547925,Chris_w3168@jbmoo.gov.uk
3169,Mr,Chris m3169,Queens Rd,Wigston,Leicester,01162173055,Chris_m3169@dgsllac.uk
3170,Ms,Sally w3170,London Rd,West Knighton,Leicester,01162854449,Sally_w3170@hnnnc.com
3171,Mr,Brown m3171,London Rd,Wigston,Leicester,01162824829,Brown_m3171@vrumm.com
3172,Ms,Helen w3172,Kent St,Oadby,Leicester,01162421280,Helen_w3172@nryotac.uk
3173,Mr,Alex m3173,Ring Rd,Oadby,Leicester,01162787594,Alex_m3173@nvuzyco.uk
3174,Ms,Victory w3174,Victory St,Oadby,Leicester,01162402631,Victory_w3174@satgy.sch.uk
3175,Mr,Paco m3175,Hill St,City Centre,Leicester,01162920679,Paco_m3175@gbnqa.net
3176,Ms,Jane w3176,Burton St,West Knighton,Leicester,01162908662,Jane_w3176@tjtblac.uk
3177,Mr,Lee m3177,Oxford St,West Knighton,Leicester,01162442144,Lee_m3177@lziap.com
3178,Ms,Jane w3178,Hill St,Oadby,Leicester,01162654363,Jane_w3178@otjiuco.uk
3179,Mr,Ben m3179,Hill St,West Knighton,Leicester,01162536070,Ben_m3179@xruzaac.uk
3180,Ms,Hana w3180,Queens Rd,New Park,Leicester,01162891602,Hana_w3180@bvcudac.uk
3181,Mr,Mohammad m3181,Hotel St,City Centre,Leicester,01162644720,Mohammad_m3181@iaotl.org
3182,Ms,Helen w3182,Victory St,Wigston,Leicester,01162110399,Helen_w3182@bwydgco.uk
3183,Mr,Scott m3183,Wharf St,Wigston,Leicester,01162689983,Scott_m3183@xwvhd.net
3184,Ms,Diana w3184,Burton St,City Centre,Leicester,01162790980,Diana_w3184@ynpfwco.uk
3185,Mr,Paco m3185,Oxford St,Birstall,Leicester,01162253725,Paco_m3185@zxizh.sch.uk
3186,Ms,Chris w3186,King St,Oadby,Leicester,01162063252,Chris_w3186@mnogzco.uk
3187,Mr,Zhou m3187,Queens Rd,Birstall,Leicester,01162265096,Zhou_m3187@smyuiac.uk
3188,Ms,Lily w3188,Burton St,Wigston,Leicester,01162216177,Lily_w3188@aoapgco.uk
3189,Mr,Paco m3189,Victory St,Oadby,Leicester,01162713861,Paco_m3189@nehwz.sch.uk
3190,Ms,Anna w3190,Burton St,Wigston,Leicester,01162469772,Anna_w3190@xvrwcco.uk
3191,Mr,Zhou m3191,Victory St,New Park,Leicester,01162492900,Zhou_m3191@jlwni.gov.uk
3192,Ms,Hana w3192,Bond St,City Centre,Leicester,01162353656,Hana_w3192@grqff.net
3193,Mr,Watson m3193,Gateway St,New Park,Leicester,01162276909,Watson_m3193@xales.sch.uk
3194,Ms,Tania w3194,Burton St,Oadby,Leicester,01162042647,Tania_w3194@flecm.net
3195,Mr,Wood m3195,Oxford St,West Knighton,Leicester,01162415774,Wood_m3195@jdkjeco.uk
3196,Ms,Anna w3196,Burton St,Oadby,Leicester,01162147801,Anna_w3196@ohlea.com
3197,Mr,William m3197,Hill St,Birstall,Leicester,01162611916,William_m3197@ezoqk.com
3198,Ms,Mina w3198,Gateway St,Oadby,Leicester,01162575837,Mina_w3198@ouibnac.uk
3199,Mr,Mohammad m3199,Oxford St,New Park,Leicester,01162408925,Mohammad_m3199@dqera.sch.uk
3200,Ms,Victory w3200,Kent St,Birstall,Leicester,01162843197,Victory_w3200@mikdxac.uk
3201,Mr,Chris m3201,Granby St,City Centre,Leicester,01162021403,Chris_m3201@fogug.gov.uk
3202,Ms,Lily w3202,Hotel St,West Knighton,Leicester,01162043501,Lily_w3202@wzwsa.net
3203,Mr,Eric m3203,Gateway St,Birstall,Leicester,01162123895,Eric_m3203@kqgov.sch.uk
3204,Ms,Tania w3204,Oxford St,New Park,Leicester,01162813994,Tania_w3204@tavym.sch.uk
3205,Mr,Clinton m3205,Gateway St,New Park,Leicester,01162722797,Clinton_m3205@rwlubac.uk
3206,Ms,Luise w3206,Hill St,New Park,Leicester,01162534347,Luise_w3206@cozai.gov.uk
3207,Mr,Eric m3207,Wharf St,West Knighton,Leicester,01162522300,Eric_m3207@raobo.com
3208,Ms,Victory w3208,Hill St,Oadby,Leicester,01162912914,Victory_w3208@okjes.net
3209,Mr,Mohammad m3209,Granby St,West Knighton,Leicester,01162471560,Mohammad_m3209@nmdcs.net
3210,Ms,Helen w3210,Wharf St,Wigston,Leicester,01162633277,Helen_w3210@ocvun.org
3211,Mr,David m3211,Hill St,West Knighton,Leicester,01162266425,David_m3211@ktqcr.net
3212,Ms,Chris w3212,Burton St,Birstall,Leicester,01162486612,Chris_w3212@fjuoe.org
3213,Mr,Alex m3213,Oxford St,West Knighton,Leicester,01162833283,Alex_m3213@klquoac.uk
3214,Ms,Lily w3214,Victory St,New Park,Leicester,01162041548,Lily_w3214@wlzfr.gov.uk
3215,Mr,Mohammad m3215,Kent St,Oadby,Leicester,01162897398,Mohammad_m3215@xlzyt.gov.uk
3216,Ms,Sally w3216,Newton St,Wigston,Leicester,01162259456,Sally_w3216@npkry.gov.uk
3217,Mr,Clinton m3217,Wharf St,City Centre,Leicester,01162596746,Clinton_m3217@mxuepac.uk
3218,Ms,Lily w3218,Bond St,Oadby,Leicester,01162158689,Lily_w3218@szrcl.org
3219,Mr,Chris m3219,Ring Rd,Oadby,Leicester,01162255574,Chris_m3219@essenco.uk
3220,Ms,Jenny w3220,Gateway St,Oadby,Leicester,01162026484,Jenny_w3220@ldyls.net
3221,Mr,Wood m3221,Victory St,Birstall,Leicester,01162889440,Wood_m3221@wownl.net
3222,Ms,Helen w3222,Victory St,West Knighton,Leicester,01162017937,Helen_w3222@gdszu.sch.uk
3223,Mr,Bush m3223,Kent St,Wigston,Leicester,01162304425,Bush_m3223@pnyoe.net
3224,Ms,Mina w3224,Gateway St,City Centre,Leicester,01162849112,Mina_w3224@rbiic.gov.uk
3225,Mr,Eric m3225,Welford Rd,Wigston,Leicester,01162622811,Eric_m3225@nnvht.com
3226,Ms,Mina w3226,Bond St,Birstall,Leicester,01162144581,Mina_w3226@hhjlwco.uk
3227,Mr,Clinton m3227,Queens Rd,Wigston,Leicester,01162022758,Clinton_m3227@jvzubac.uk
3228,Ms,Hana w3228,Welford Rd,Birstall,Leicester,01162231129,Hana_w3228@vbgix.net
3229,Mr,Lee m3229,Hotel St,Birstall,Leicester,01162224386,Lee_m3229@ydcil.sch.uk
3230,Ms,Anna w3230,Ring Rd,City Centre,Leicester,01162453609,Anna_w3230@prhjo.org
3231,Mr,Bush m3231,Ring Rd,New Park,Leicester,01162490093,Bush_m3231@jrdnj.org
3232,Ms,Luise w3232,Granby St,Wigston,Leicester,01162531799,Luise_w3232@huofmco.uk
3233,Mr,Alex m3233,Kent St,City Centre,Leicester,01162849086,Alex_m3233@dxcbbac.uk
3234,Ms,Jane w3234,Oxford St,Wigston,Leicester,01162925560,Jane_w3234@ombklco.uk
3235,Mr,David m3235,Hotel St,City Centre,Leicester,01162498471,David_m3235@lgjwt.sch.uk
3236,Ms,Luise w3236,Bond St,Oadby,Leicester,01162972241,Luise_w3236@wrxlkac.uk
3237,Mr,Mohammad m3237,Granby St,Birstall,Leicester,01162577256,Mohammad_m3237@enlgh.com
3238,Ms,Helen w3238,Hotel St,West Knighton,Leicester,01162132749,Helen_w3238@uogky.net
3239,Mr,Matthew m3239,King St,New Park,Leicester,01162414565,Matthew_m3239@mtcydco.uk
3240,Ms,Anna w3240,Bond St,City Centre,Leicester,01162555605,Anna_w3240@tvtpb.sch.uk
3241,Mr,Brown m3241,Burton St,City Centre,Leicester,01162662709,Brown_m3241@xvsrg.org
3242,Ms,Lora w3242,Welford Rd,City Centre,Leicester,01162123135,Lora_w3242@zzuwsac.uk
3243,Mr,Matthew m3243,Granby St,Wigston,Leicester,01162884335,Matthew_m3243@kelbpac.uk
3244,Ms,Tania w3244,King St,New Park,Leicester,01162206379,Tania_w3244@dvwsb.org
3245,Mr,Zhou m3245,Oxford St,Wigston,Leicester,01162084303,Zhou_m3245@hsaoi.net
3246,Ms,Anna w3246,Wharf St,City Centre,Leicester,01162326371,Anna_w3246@occmgac.uk
3247,Mr,Yang m3247,Bond St,Oadby,Leicester,01162146286,Yang_m3247@yysdsco.uk
3248,Ms,Jane w3248,Hotel St,Oadby,Leicester,01162074971,Jane_w3248@dyzovco.uk
3249,Mr,David m3249,Welford Rd,Birstall,Leicester,01162124195,David_m3249@gcrvg.org
3250,Ms,Pam w3250,Queens Rd,Birstall,Leicester,01162958251,Pam_w3250@qncxk.com
3251,Mr,Smith m3251,Ring Rd,New Park,Leicester,01162568628,Smith_m3251@exzem.gov.uk
3252,Ms,Anna w3252,Granby St,Oadby,Leicester,01162899562,Anna_w3252@bshzm.com
3253,Mr,Ben m3253,Gateway St,Wigston,Leicester,01162673055,Ben_m3253@wzvab.sch.uk
3254,Ms,Diana w3254,Welford Rd,West Knighton,Leicester,01162787848,Diana_w3254@mqrgeco.uk
3255,Mr,Lee m3255,Kent St,New Park,Leicester,01162496326,Lee_m3255@wxbtq.com
3256,Ms,Anna w3256,Granby St,City Centre,Leicester,01162985351,Anna_w3256@mmimvco.uk
3257,Mr,Yang m3257,Hill St,Wigston,Leicester,01162890667,Yang_m3257@reghhco.uk
3258,Ms,Jenny w3258,Welford Rd,Birstall,Leicester,01162676768,Jenny_w3258@ivord.gov.uk
3259,Mr,David m3259,King St,Wigston,Leicester,01162181853,David_m3259@dmttb.net
3260,Ms,Pam w3260,Gateway St,Wigston,Leicester,01162272174,Pam_w3260@dbupy.org
3261,Mr,Brown m3261,Wharf St,Wigston,Leicester,01162847901,Brown_m3261@drbweco.uk
3262,Ms,Helen w3262,Gateway St,Oadby,Leicester,01162350978,Helen_w3262@klihcco.uk
3263,Mr,Zhou m3263,Wharf St,Wigston,Leicester,01162849326,Zhou_m3263@ywzgu.org
3264,Ms,Lily w3264,London Rd,City Centre,Leicester,01162189562,Lily_w3264@gjkoe.gov.uk
3265,Mr,Wilson m3265,Hotel St,Wigston,Leicester,01162839814,Wilson_m3265@fgqgn.sch.uk
3266,Ms,Lily w3266,Oxford St,New Park,Leicester,01162375836,Lily_w3266@egbrs.org
3267,Mr,Bush m3267,Oxford St,Wigston,Leicester,01162419948,Bush_m3267@lqmwu.org
3268,Ms,Lily w3268,Welford Rd,Oadby,Leicester,01162365088,Lily_w3268@zedew.sch.uk
3269,Mr,Matthew m3269,Gateway St,City Centre,Leicester,01162557489,Matthew_m3269@agaaq.com
3270,Ms,Luise w3270,Oxford St,Oadby,Leicester,01162363025,Luise_w3270@fcljxco.uk
3271,Mr,Eric m3271,Victory St,West Knighton,Leicester,01162464206,Eric_m3271@pnzvw.sch.uk
3272,Ms,Lily w3272,Gateway St,New Park,Leicester,01162120490,Lily_w3272@arlvjac.uk
3273,Mr,Wood m3273,Oxford St,Oadby,Leicester,01162589467,Wood_m3273@webylco.uk
3274,Ms,Luise w3274,Burton St,Wigston,Leicester,01162060953,Luise_w3274@yeamoco.uk
3275,Mr,Mohammad m3275,Queens Rd,Wigston,Leicester,01162161856,Mohammad_m3275@hizdx.net
3276,Ms,Mina w3276,Welford Rd,Wigston,Leicester,01162012274,Mina_w3276@nituz.net
3527,Mr,Eric m3527,Burton St,New Park,Leicester,01162715688,Eric_m3527@jrigm.net
3528,Ms,Anna w3528,London Rd,New Park,Leicester,01162772794,Anna_w3528@bwvjiac.uk
3529,Mr,Eric m3529,Oxford St,Oadby,Leicester,01162906046,Eric_m3529@btmun.sch.uk
3530,Ms,Sally w3530,Welford Rd,Oadby,Leicester,01162531063,Sally_w3530@fmnbn.com
3531,Mr,Watson m3531,Kent St,Oadby,Leicester,01162853353,Watson_m3531@otwkjco.uk
3532,Ms,Anna w3532,London Rd,Wigston,Leicester,01162421036,Anna_w3532@xemqy.net
3533,Mr,Chris m3533,Kent St,Birstall,Leicester,01162616615,Chris_m3533@hxqwuco.uk
3534,Ms,Lora w3534,Hotel St,Oadby,Leicester,01162494229,Lora_w3534@souaoco.uk
3535,Mr,Brown m3535,Granby St,Oadby,Leicester,01162074375,Brown_m3535@hjuybco.uk
3536,Ms,Jenny w3536,King St,Birstall,Leicester,01162215373,Jenny_w3536@dztfuco.uk
3537,Mr,Scott m3537,Burton St,Birstall,Leicester,01162774445,Scott_m3537@wxrqjac.uk
3538,Ms,Jenny w3538,Hill St,City Centre,Leicester,01162023149,Jenny_w3538@suwyg.org
3539,Mr,Smith m3539,Queens Rd,Oadby,Leicester,01162167130,Smith_m3539@dwtixac.uk
3540,Ms,Mina w3540,Ring Rd,Wigston,Leicester,01162347592,Mina_w3540@cvmxb.sch.uk
3541,Mr,Lee m3541,Ring Rd,West Knighton,Leicester,01162938435,Lee_m3541@xqbre.com
3542,Ms,Helen w3542,Newton St,Oadby,Leicester,01162945971,Helen_w3542@puxio.gov.uk
3543,Mr,Clinton m3543,King St,Oadby,Leicester,01162826767,Clinton_m3543@zquad.com
3544,Ms,Ann w3544,Gateway St,Wigston,Leicester,01162065260,Ann_w3544@wkloz.net
3545,Mr,Simon m3545,Hill St,Birstall,Leicester,01162083300,Simon_m3545@otpyjac.uk
3546,Ms,Sally w3546,Hill St,Birstall,Leicester,01162260838,Sally_w3546@owffdac.uk
3547,Mr,David m3547,Oxford St,Wigston,Leicester,01162195683,David_m3547@vhvua.gov.uk
3548,Ms,Diana w3548,Welford Rd,New Park,Leicester,01162333145,Diana_w3548@tnzux.sch.uk
3549,Mr,Ben m3549,Burton St,Oadby,Leicester,01162542241,Ben_m3549@obixr.com
3550,Ms,Sally w3550,Hill St,Wigston,Leicester,01162146953,Sally_w3550@cqlixac.uk
3551,Mr,David m3551,Welford Rd,New Park,Leicester,01162862167,David_m3551@kvreu.com
3552,Ms,Ann w3552,Victory St,Birstall,Leicester,01162979094,Ann_w3552@tfree.net
3553,Mr,Clinton m3553,Burton St,Wigston,Leicester,01162365419,Clinton_m3553@zbhkd.org
3554,Ms,Anna w3554,Hill St,Wigston,Leicester,01162406955,Anna_w3554@jityx.net
3555,Mr,William m3555,Victory St,Wigston,Leicester,01162571864,William_m3555@bzdjg.sch.uk
3556,Ms,Diana w3556,Queens Rd,Birstall,Leicester,01162001280,Diana_w3556@feyio.sch.uk
3557,Mr,David m3557,Gateway St,Oadby,Leicester,01162809389,David_m3557@kwspl.sch.uk
3558,Ms,Anna w3558,Wharf St,New Park,Leicester,01162661389,Anna_w3558@cyexw.net
3559,Mr,David m3559,King St,Birstall,Leicester,01162625233,David_m3559@wgupm.com
3560,Ms,Victory w3560,Oxford St,City Centre,Leicester,01162605655,Victory_w3560@vvbagac.uk
3561,Mr,Bush m3561,Hotel St,Oadby,Leicester,01162767633,Bush_m3561@xnskyac.uk
3562,Ms,Sally w3562,London Rd,Wigston,Leicester,01162601850,Sally_w3562@msiyaac.uk
3563,Mr,Smith m3563,London Rd,Wigston,Leicester,01162195758,Smith_m3563@dafth.net
3564,Ms,Diana w3564,Granby St,Oadby,Leicester,01162393153,Diana_w3564@jffex.org
3565,Mr,Watson m3565,Oxford St,City Centre,Leicester,01162449267,Watson_m3565@qmgae.net
3566,Ms,Chris w3566,Hotel St,New Park,Leicester,01162889234,Chris_w3566@hoyhy.net
3567,Mr,Ben m3567,Hill St,New Park,Leicester,01162802525,Ben_m3567@wajjt.com
3568,Ms,Diana w3568,Granby St,Birstall,Leicester,01162177140,Diana_w3568@lawwlco.uk
3569,Mr,Lee m3569,Bond St,West Knighton,Leicester,01162300306,Lee_m3569@xbrhico.uk
3570,Ms,Anna w3570,Granby St,Oadby,Leicester,01162173555,Anna_w3570@vqkgd.net
3571,Mr,Simon m3571,Wharf St,Oadby,Leicester,01162552723,Simon_m3571@fvtjv.sch.uk
3572,Ms,Helen w3572,King St,West Knighton,Leicester,01162266878,Helen_w3572@lxffs.sch.uk
3573,Mr,Zhou m3573,Kent St,Oadby,Leicester,01162130208,Zhou_m3573@ameltco.uk
3574,Ms,Ann w3574,Welford Rd,Oadby,Leicester,01162399791,Ann_w3574@zmhvfco.uk
3575,Mr,Lee m3575,Burton St,New Park,Leicester,01162949423,Lee_m3575@tswqb.net
3576,Ms,Lora w3576,Hill St,New Park,Leicester,01162835770,Lora_w3576@hckmgco.uk
3577,Mr,Watson m3577,Granby St,City Centre,Leicester,01162828771,Watson_m3577@czpnt.net
3578,Ms,Tania w3578,London Rd,Oadby,Leicester,01162217185,Tania_w3578@iwbbg.com
3579,Mr,Chris m3579,Hotel St,Oadby,Leicester,01162480026,Chris_m3579@vtvwdco.uk
3580,Ms,Pam w3580,Hill St,Wigston,Leicester,01162020223,Pam_w3580@tcnfq.org
3581,Mr,Zhou m3581,Hill St,Birstall,Leicester,01162732088,Zhou_m3581@zveam.sch.uk
3582,Ms,Helen w3582,Gateway St,Birstall,Leicester,01162567657,Helen_w3582@grzvzac.uk
3583,Mr,Wilson m3583,Hill St,Oadby,Leicester,01162328821,Wilson_m3583@waupy.com
3584,Ms,Victory w3584,Welford Rd,Oadby,Leicester,01162459351,Victory_w3584@uuppgac.uk
3585,Mr,Scott m3585,Victory St,Wigston,Leicester,01162223176,Scott_m3585@pewqu.org
3586,Ms,Jenny w3586,Gateway St,Birstall,Leicester,01162321917,Jenny_w3586@ptvnlac.uk
3587,Mr,Matthew m3587,Bond St,West Knighton,Leicester,01162699346,Matthew_m3587@qelps.org
3588,Ms,Lora w3588,Welford Rd,Birstall,Leicester,01162098968,Lora_w3588@gtqxaco.uk
3589,Mr,Brown m3589,Welford Rd,New Park,Leicester,01162757276,Brown_m3589@muemoco.uk
3590,Ms,Jane w3590,Welford Rd,New Park,Leicester,01162520690,Jane_w3590@vwvbh.sch.uk
3591,Mr,Matthew m3591,Burton St,Wigston,Leicester,01162594317,Matthew_m3591@xhsib.org
3592,Ms,Mina w3592,Welford Rd,City Centre,Leicester,01162095743,Mina_w3592@uwpdw.sch.uk
3593,Mr,Lee m3593,Granby St,Wigston,Leicester,01162077926,Lee_m3593@vfdxt.org
3594,Ms,Chris w3594,Kent St,New Park,Leicester,01162627350,Chris_w3594@kvmjdco.uk
3595,Mr,David m3595,Granby St,Oadby,Leicester,01162460179,David_m3595@ipsqkac.uk
3596,Ms,Mina w3596,Burton St,New Park,Leicester,01162961533,Mina_w3596@vzdoh.sch.uk
3597,Mr,Ben m3597,Gateway St,Oadby,Leicester,01162534952,Ben_m3597@fyafu.sch.uk
3598,Ms,Lora w3598,Kent St,New Park,Leicester,01162880819,Lora_w3598@nuhpcac.uk
3599,Mr,Dean m3599,Queens Rd,City Centre,Leicester,01162197300,Dean_m3599@xnatgco.uk
3600,Ms,Chris w3600,Ring Rd,Oadby,Leicester,01162922579,Chris_w3600@ibqgh.net
3601,Mr,Peter m3601,Queens Rd,Wigston,Leicester,01162243551,Peter_m3601@kjhatco.uk
3602,Ms,Pam w3602,Burton St,Birstall,Leicester,01162241441,Pam_w3602@pjchr.net
3603,Mr,Mohammad m3603,Oxford St,West Knighton,Leicester,01162205173,Mohammad_m3603@hwivk.net
3604,Ms,Lora w3604,Granby St,Wigston,Leicester,01162719672,Lora_w3604@zmeam.net
3605,Mr,Alex m3605,Hotel St,Oadby,Leicester,01162992029,Alex_m3605@dbkut.net
3606,Ms,Jenny w3606,Burton St,New Park,Leicester,01162804258,Jenny_w3606@dsomf.net
3607,Mr,Wood m3607,Welford Rd,New Park,Leicester,01162987140,Wood_m3607@udugk.net
3608,Ms,Chris w3608,Ring Rd,Wigston,Leicester,01162465353,Chris_w3608@weziaco.uk
3609,Mr,David m3609,Ring Rd,City Centre,Leicester,01162114087,David_m3609@ynkcsco.uk
3610,Ms,Helen w3610,Welford Rd,Birstall,Leicester,01162895755,Helen_w3610@ahxwhco.uk
4026,Ms,Chris w4026,Newton St,New Park,Leicester,01162827572,Chris_w4026@avadt.org
4027,Mr,Yang m4027,Gateway St,Oadby,Leicester,01162218517,Yang_m4027@qzpvkac.uk
4028,Ms,Diana w4028,Granby St,Wigston,Leicester,01162937477,Diana_w4028@wmtvyac.uk
4029,Mr,Chris m4029,Oxford St,Birstall,Leicester,01162953017,Chris_m4029@vjwfj.org
4030,Ms,Lily w4030,Burton St,New Park,Leicester,01162993428,Lily_w4030@jgzcsco.uk
4031,Mr,Mohammad m4031,Burton St,Wigston,Leicester,01162427272,Mohammad_m4031@igcwm.org
4032,Ms,Mina w4032,Kent St,City Centre,Leicester,01162591639,Mina_w4032@fdwioco.uk
4033,Mr,Wilson m4033,King St,New Park,Leicester,01162644255,Wilson_m4033@ggftw.net
4034,Ms,Hana w4034,Wharf St,Wigston,Leicester,01162551111,Hana_w4034@xmuzq.net
4035,Mr,Bush m4035,Burton St,Oadby,Leicester,01162811279,Bush_m4035@vjzas.sch.uk
4036,Ms,Lora w4036,Oxford St,West Knighton,Leicester,01162184900,Lora_w4036@bxzkk.net
4037,Mr,Bush m4037,Ring Rd,Oadby,Leicester,01162776526,Bush_m4037@ysxeuac.uk
4038,Ms,Hana w4038,Granby St,Wigston,Leicester,01162104612,Hana_w4038@ixinu.gov.uk
4039,Mr,Mohammad m4039,Queens Rd,New Park,Leicester,01162273611,Mohammad_m4039@xrfsx.org
4040,Ms,Mina w4040,Victory St,Wigston,Leicester,01162651571,Mina_w4040@vgwyy.org
4041,Mr,Matthew m4041,Newton St,West Knighton,Leicester,01162693171,Matthew_m4041@ufbul.sch.uk
4042,Ms,Lily w4042,Burton St,West Knighton,Leicester,01162838601,Lily_w4042@wlywe.net
4043,Mr,Smith m4043,Wharf St,New Park,Leicester,01162654428,Smith_m4043@wwpreac.uk
4044,Ms,Lily w4044,Queens Rd,City Centre,Leicester,01162127020,Lily_w4044@xeygo.com
4045,Mr,Ben m4045,Welford Rd,Oadby,Leicester,01162405720,Ben_m4045@sfnqy.org
4046,Ms,Jenny w4046,Granby St,New Park,Leicester,01162432982,Jenny_w4046@ohaljac.uk
4047,Mr,Ben m4047,Bond St,New Park,Leicester,01162443175,Ben_m4047@ioocwco.uk
4048,Ms,Victory w4048,Bond St,Wigston,Leicester,01162257933,Victory_w4048@ovpnjco.uk
4049,Mr,Chris m4049,Gateway St,City Centre,Leicester,01162719734,Chris_m4049@zurdk.gov.uk
4050,Ms,Luise w4050,Kent St,New Park,Leicester,01162710473,Luise_w4050@kkpbb.gov.uk
4051,Mr,Chris m4051,Bond St,City Centre,Leicester,01162478112,Chris_m4051@bvsfi.org
4052,Ms,Jenny w4052,Queens Rd,Wigston,Leicester,01162837459,Jenny_w4052@wunanco.uk
4053,Mr,Clinton m4053,Bond St,Oadby,Leicester,01162490823,Clinton_m4053@nqqsx.com
4054,Ms,Anna w4054,Burton St,City Centre,Leicester,01162129183,Anna_w4054@crwmbco.uk
4055,Mr,Bush m4055,Wharf St,Wigston,Leicester,01162706430,Bush_m4055@mtprt.org
4056,Ms,Anna w4056,Ring Rd,New Park,Leicester,01162978050,Anna_w4056@rhfhsac.uk
4057,Mr,Mohammad m4057,Wharf St,New Park,Leicester,01162477890,Mohammad_m4057@wruli.net
4058,Ms,Luise w4058,Gateway St,Wigston,Leicester,01162603253,Luise_w4058@qeuam.org
4059,Mr,Watson m4059,Victory St,New Park,Leicester,01162322995,Watson_m4059@recqf.org
4060,Ms,Chris w4060,King St,New Park,Leicester,01162641075,Chris_w4060@bjaig.net
4061,Mr,Wilson m4061,London Rd,Oadby,Leicester,01162635136,Wilson_m4061@uyhjw.net
4062,Ms,Pam w4062,Bond St,New Park,Leicester,01162625017,Pam_w4062@cdvcjco.uk
4063,Mr,Peter m4063,King St,Birstall,Leicester,01162703528,Peter_m4063@oxlfg.gov.uk
4064,Ms,Tania w4064,Wharf St,Wigston,Leicester,01162599658,Tania_w4064@szjmaac.uk
4065,Mr,Yang m4065,Gateway St,Birstall,Leicester,01162200158,Yang_m4065@nrijn.net
4066,Ms,Mina w4066,King St,Wigston,Leicester,01162630697,Mina_w4066@ftnsrac.uk
4067,Mr,Matthew m4067,Queens Rd,Oadby,Leicester,01162100764,Matthew_m4067@hpcmlco.uk
4068,Ms,Pam w4068,Kent St,Birstall,Leicester,01162206244,Pam_w4068@absgh.net
4069,Mr,Lee m4069,King St,Birstall,Leicester,01162428413,Lee_m4069@gksft.sch.uk
4070,Ms,Victory w4070,London Rd,Oadby,Leicester,01162273877,Victory_w4070@eylndac.uk
4071,Mr,Smith m4071,Ring Rd,West Knighton,Leicester,01162595371,Smith_m4071@qhguvco.uk
4072,Ms,Helen w4072,Kent St,West Knighton,Leicester,01162473931,Helen_w4072@sxpufco.uk
4073,Mr,Dean m4073,London Rd,Oadby,Leicester,01162930176,Dean_m4073@oozta.com
4074,Ms,Chris w4074,Oxford St,West Knighton,Leicester,01162309051,Chris_w4074@ryhhs.net
4075,Mr,Bush m4075,Victory St,Birstall,Leicester,01162275610,Bush_m4075@aelxr.org
4076,Ms,Victory w4076,Burton St,Wigston,Leicester,01162421307,Victory_w4076@jalzf.org
4077,Mr,Chris m4077,King St,New Park,Leicester,01162816767,Chris_m4077@mdpqhac.uk
4078,Ms,Jenny w4078,Granby St,Oadby,Leicester,01162824358,Jenny_w4078@jicwd.com
4079,Mr,William m4079,Newton St,New Park,Leicester,01162749667,William_m4079@okzha.sch.uk
4080,Ms,Victory w4080,Welford Rd,Oadby,Leicester,01162724510,Victory_w4080@ihdydac.uk
4081,Mr,Simon m4081,Welford Rd,Wigston,Leicester,01162161623,Simon_m4081@gzrjg.gov.uk
4082,Ms,Pam w4082,Bond St,Oadby,Leicester,01162950420,Pam_w4082@cdyzj.gov.uk
4083,Mr,Ben m4083,Kent St,Wigston,Leicester,01162962935,Ben_m4083@sbrni.sch.uk
4084,Ms,Victory w4084,King St,Birstall,Leicester,01162263496,Victory_w4084@bfpvm.net
4085,Mr,Peter m4085,Burton St,New Park,Leicester,01162089998,Peter_m4085@zqpmg.sch.uk
4086,Ms,Lora w4086,Queens Rd,Wigston,Leicester,01162540411,Lora_w4086@ajsyp.org
4087,Mr,Alex m4087,Queens Rd,Birstall,Leicester,01162222647,Alex_m4087@xfnmwco.uk
4088,Ms,Sally w4088,Hill St,Oadby,Leicester,01162695441,Sally_w4088@ldjlv.com
4089,Mr,Matthew m4089,Welford Rd,Oadby,Leicester,01162798775,Matthew_m4089@timgn.org
4090,Ms,Mina w4090,London Rd,Wigston,Leicester,01162184602,Mina_w4090@jzjmo.com
4091,Mr,Matthew m4091,London Rd,New Park,Leicester,01162400896,Matthew_m4091@ansqf.net
4092,Ms,Jenny w4092,Welford Rd,Wigston,Leicester,01162277240,Jenny_w4092@gpcru.net
4093,Mr,Wilson m4093,Oxford St,New Park,Leicester,01162178425,Wilson_m4093@ssaep.com
4094,Ms,Tania w4094,Oxford St,New Park,Leicester,01162333631,Tania_w4094@kiqph.sch.uk
4095,Mr,Brown m4095,Oxford St,New Park,Leicester,01162699142,Brown_m4095@zrkes.sch.uk
4096,Ms,Helen w4096,Welford Rd,City Centre,Leicester,01162872935,Helen_w4096@btlbrco.uk
4097,Mr,Mohammad m4097,Granby St,Wigston,Leicester,01162483839,Mohammad_m4097@awoahac.uk
4098,Ms,Ann w4098,Newton St,New Park,Leicester,01162565973,Ann_w4098@zmclzco.uk
4099,Mr,Wood m4099,Queens Rd,Wigston,Leicester,01162708673,Wood_m4099@srcbp.gov.uk
4100,Ms,Anna w4100,Ring Rd,Oadby,Leicester,01162103620,Anna_w4100@nqgkpco.uk
4101,Mr,Peter m4101,Hotel St,Oadby,Leicester,01162537710,Peter_m4101@ggbck.com
4102,Ms,Ann w4102,Hotel St,Oadby,Leicester,01162480894,Ann_w4102@xpkab.org
4103,Mr,Liu m4103,Victory St,Oadby,Leicester,01162180684,Liu_m4103@jgqbe.sch.uk
4104,Ms,Luise w4104,Ring Rd,Wigston,Leicester,01162822700,Luise_w4104@jtdfw.sch.uk
4105,Mr,Eric m4105,Hill St,Wigston,Leicester,01162593287,Eric_m4105@skyub.org
4106,Ms,Anna w4106,King St,Wigston,Leicester,01162080309,Anna_w4106@dzgdtac.uk
4107,Mr,Scott m4107,King St,New Park,Leicester,01162478793,Scott_m4107@fkevy.org
4108,Ms,Victory w4108,King St,Wigston,Leicester,01162775691,Victory_w4108@vydfi.net
3611,Mr,David m3611,Bond St,New Park,Leicester,01162980091,David_m3611@zpzwq.org
3612,Ms,Helen w3612,Victory St,Wigston,Leicester,01162354575,Helen_w3612@sowhj.org
3613,Mr,Eric m3613,Hill St,Oadby,Leicester,01162192582,Eric_m3613@newyw.org
3614,Ms,Diana w3614,Bond St,Birstall,Leicester,01162114390,Diana_w3614@hnufg.gov.uk
3615,Mr,Eric m3615,King St,Wigston,Leicester,01162791457,Eric_m3615@nsqkh.sch.uk
3616,Ms,Lora w3616,Kent St,Oadby,Leicester,01162715386,Lora_w3616@xmukyac.uk
3617,Mr,Dean m3617,Burton St,Oadby,Leicester,01162295166,Dean_m3617@vprur.net
3618,Ms,Anna w3618,Bond St,West Knighton,Leicester,01162985956,Anna_w3618@omploco.uk
3619,Mr,Mohammad m3619,London Rd,Wigston,Leicester,01162270525,Mohammad_m3619@hzrey.org
3620,Ms,Tania w3620,Hill St,West Knighton,Leicester,01162954378,Tania_w3620@wjuwg.net
3621,Mr,Wood m3621,Welford Rd,New Park,Leicester,01162592558,Wood_m3621@yvtlm.net
3622,Ms,Diana w3622,Victory St,New Park,Leicester,01162517353,Diana_w3622@fixso.org
3623,Mr,Matthew m3623,Kent St,Oadby,Leicester,01162326677,Matthew_m3623@ulhvf.sch.uk
3624,Ms,Lily w3624,Burton St,New Park,Leicester,01162371668,Lily_w3624@rfyko.net
3625,Mr,Eric m3625,Queens Rd,Birstall,Leicester,01162285145,Eric_m3625@zdboi.org
3626,Ms,Victory w3626,King St,Birstall,Leicester,01162958493,Victory_w3626@tdrto.net
3627,Mr,Peter m3627,Oxford St,City Centre,Leicester,01162056226,Peter_m3627@ntfos.net
3628,Ms,Ann w3628,Welford Rd,New Park,Leicester,01162104353,Ann_w3628@ujmck.net
3629,Mr,Matthew m3629,Victory St,Birstall,Leicester,01162739282,Matthew_m3629@syhwj.net
3630,Ms,Victory w3630,Ring Rd,Oadby,Leicester,01162949618,Victory_w3630@nwbiy.org
3631,Mr,Alex m3631,Hill St,New Park,Leicester,01162839261,Alex_m3631@azrsm.sch.uk
3632,Ms,Helen w3632,Newton St,Oadby,Leicester,01162597928,Helen_w3632@mhfqi.sch.uk
3633,Mr,Matthew m3633,Oxford St,Oadby,Leicester,01162863549,Matthew_m3633@ylgim.net
3634,Ms,Ann w3634,Ring Rd,West Knighton,Leicester,01162669393,Ann_w3634@vvgbs.net
3635,Mr,Watson m3635,Welford Rd,New Park,Leicester,01162318285,Watson_m3635@bvuuc.org
3636,Ms,Pam w3636,Granby St,Oadby,Leicester,01162027148,Pam_w3636@lmbwiac.uk
3637,Mr,Yang m3637,King St,New Park,Leicester,01162045641,Yang_m3637@moqxd.net
3638,Ms,Tania w3638,Welford Rd,City Centre,Leicester,01162755832,Tania_w3638@neqdo.org
3639,Mr,Matthew m3639,Welford Rd,New Park,Leicester,01162409018,Matthew_m3639@oaipnco.uk
3640,Ms,Victory w3640,Oxford St,Birstall,Leicester,01162153757,Victory_w3640@rezicac.uk
3641,Mr,Eric m3641,Burton St,Wigston,Leicester,01162745907,Eric_m3641@uccrnco.uk
3642,Ms,Jenny w3642,Wharf St,West Knighton,Leicester,01162445104,Jenny_w3642@aeayc.gov.uk
3643,Mr,Peter m3643,King St,Birstall,Leicester,01162541484,Peter_m3643@glirkco.uk
3644,Ms,Chris w3644,Queens Rd,Birstall,Leicester,01162632157,Chris_w3644@ytxlb.com
3645,Mr,Watson m3645,Gateway St,Birstall,Leicester,01162300013,Watson_m3645@xiron.com
3646,Ms,Diana w3646,Granby St,Oadby,Leicester,01162400300,Diana_w3646@whsphco.uk
3647,Mr,William m3647,Oxford St,New Park,Leicester,01162390334,William_m3647@ztnga.sch.uk
3648,Ms,Pam w3648,Burton St,City Centre,Leicester,01162923901,Pam_w3648@cuovt.org
3649,Mr,Eric m3649,Oxford St,Birstall,Leicester,01162126252,Eric_m3649@drdiv.sch.uk
3650,Ms,Chris w3650,Welford Rd,West Knighton,Leicester,01162226676,Chris_w3650@apxqaco.uk
3651,Mr,Alex m3651,Welford Rd,Birstall,Leicester,01162032880,Alex_m3651@pzlpnac.uk
3652,Ms,Mina w3652,Gateway St,Oadby,Leicester,01162052241,Mina_w3652@upcrn.org
3653,Mr,Brown m3653,Oxford St,City Centre,Leicester,01162514195,Brown_m3653@fqqcyco.uk
3654,Ms,Chris w3654,Wharf St,Wigston,Leicester,01162508857,Chris_w3654@csjfh.net
3655,Mr,Wood m3655,Hill St,Wigston,Leicester,01162685808,Wood_m3655@rlwomac.uk
3656,Ms,Lora w3656,Oxford St,New Park,Leicester,01162600238,Lora_w3656@dkghy.sch.uk
3657,Mr,Matthew m3657,Wharf St,New Park,Leicester,01162967816,Matthew_m3657@ymqffac.uk
3658,Ms,Lily w3658,Newton St,City Centre,Leicester,01162774710,Lily_w3658@dojgk.sch.uk
3659,Mr,Clinton m3659,Granby St,West Knighton,Leicester,01162144928,Clinton_m3659@cdipk.gov.uk
3660,Ms,Lora w3660,Wharf St,New Park,Leicester,01162447272,Lora_w3660@jpbco.sch.uk
3661,Mr,Zhou m3661,Kent St,Wigston,Leicester,01162640092,Zhou_m3661@xutzt.gov.uk
3662,Ms,Victory w3662,King St,Birstall,Leicester,01162001484,Victory_w3662@rmros.net
3663,Mr,Liu m3663,Oxford St,New Park,Leicester,01162334404,Liu_m3663@ffiifac.uk
3664,Ms,Jenny w3664,King St,West Knighton,Leicester,01162413125,Jenny_w3664@rmqcoco.uk
3665,Mr,Eric m3665,Queens Rd,Birstall,Leicester,01162140172,Eric_m3665@fazrb.org
3666,Ms,Luise w3666,Queens Rd,New Park,Leicester,01162270877,Luise_w3666@onehd.sch.uk
3667,Mr,Dean m3667,Wharf St,Wigston,Leicester,01162103021,Dean_m3667@kcjohac.uk
3668,Ms,Ann w3668,Hill St,Birstall,Leicester,01162104656,Ann_w3668@hwbuq.com
3669,Mr,Alex m3669,Queens Rd,Birstall,Leicester,01162301416,Alex_m3669@jwcuc.net
3670,Ms,Hana w3670,Queens Rd,City Centre,Leicester,01162257203,Hana_w3670@dvqynac.uk
3671,Mr,Peter m3671,Granby St,Birstall,Leicester,01162008035,Peter_m3671@ydcypac.uk
3672,Ms,Helen w3672,Bond St,Oadby,Leicester,01162377430,Helen_w3672@vhgcfco.uk
3673,Mr,Wood m3673,Welford Rd,New Park,Leicester,01162377972,Wood_m3673@jkbld.net
3674,Ms,Luise w3674,Oxford St,Wigston,Leicester,01162065583,Luise_w3674@urrta.sch.uk
3675,Mr,Matthew m3675,Hill St,New Park,Leicester,01162715173,Matthew_m3675@uegku.org
3676,Ms,Diana w3676,Gateway St,Wigston,Leicester,01162896882,Diana_w3676@zzwtl.org
3677,Mr,Wood m3677,Queens Rd,New Park,Leicester,01162904599,Wood_m3677@guemp.sch.uk
3678,Ms,Anna w3678,Hotel St,Oadby,Leicester,01162701869,Anna_w3678@hbhhnco.uk
3679,Mr,Simon m3679,Ring Rd,City Centre,Leicester,01162843980,Simon_m3679@rzlpf.org
3680,Ms,Hana w3680,Victory St,Birstall,Leicester,01162115559,Hana_w3680@cqekjco.uk
3681,Mr,Yang m3681,Kent St,Wigston,Leicester,01162944914,Yang_m3681@soxhmco.uk
3682,Ms,Jenny w3682,Burton St,Wigston,Leicester,01162110542,Jenny_w3682@ilyhvac.uk
3683,Mr,Smith m3683,Burton St,Oadby,Leicester,01162634695,Smith_m3683@rajcdac.uk
3684,Ms,Luise w3684,Gateway St,New Park,Leicester,01162988101,Luise_w3684@xmtfa.org
3685,Mr,Clinton m3685,Victory St,Birstall,Leicester,01162226741,Clinton_m3685@dskpm.sch.uk
3686,Ms,Helen w3686,Granby St,West Knighton,Leicester,01162212169,Helen_w3686@qclhh.sch.uk
3687,Mr,Wood m3687,Bond St,New Park,Leicester,01162835164,Wood_m3687@sinyv.com
3688,Ms,Jenny w3688,Gateway St,New Park,Leicester,01162826233,Jenny_w3688@swvyi.org
3689,Mr,Bush m3689,Hotel St,Wigston,Leicester,01162474359,Bush_m3689@napxf.net
3690,Ms,Lily w3690,Hill St,New Park,Leicester,01162128949,Lily_w3690@fdmed.org
3691,Mr,Liu m3691,King St,Oadby,Leicester,01162115134,Liu_m3691@vjqcf.org
3692,Ms,Jenny w3692,Burton St,Wigston,Leicester,01162925027,Jenny_w3692@kjrneac.uk
3693,Mr,Watson m3693,Queens Rd,Wigston,Leicester,01162489498,Watson_m3693@nmhjm.gov.uk
3694,Ms,Anna w3694,Ring Rd,Birstall,Leicester,01162564036,Anna_w3694@lnrlkco.uk
3695,Mr,Matthew m3695,Welford Rd,City Centre,Leicester,01162620130,Matthew_m3695@kruwz.gov.uk
3696,Ms,Mina w3696,Wharf St,Birstall,Leicester,01162893298,Mina_w3696@htutb.org
3697,Mr,Alex m3697,Ring Rd,Wigston,Leicester,01162252333,Alex_m3697@fyhnr.com
3698,Ms,Lily w3698,Hotel St,Oadby,Leicester,01162158242,Lily_w3698@vziaz.net
3699,Mr,Scott m3699,Burton St,Birstall,Leicester,01162779838,Scott_m3699@vbukzco.uk
3700,Ms,Victory w3700,Hotel St,Birstall,Leicester,01162993196,Victory_w3700@cyhjcac.uk
3701,Mr,Zhou m3701,Oxford St,Oadby,Leicester,01162524935,Zhou_m3701@fmgzd.gov.uk
3702,Ms,Diana w3702,Bond St,Birstall,Leicester,01162402963,Diana_w3702@sgepkco.uk
3703,Mr,Watson m3703,Kent St,Birstall,Leicester,01162741009,Watson_m3703@mnbbqco.uk
3704,Ms,Diana w3704,Hotel St,New Park,Leicester,01162493746,Diana_w3704@kapoq.gov.uk
3705,Mr,Alex m3705,Bond St,New Park,Leicester,01162488834,Alex_m3705@yeuwd.gov.uk
3706,Ms,Chris w3706,Queens Rd,Wigston,Leicester,01162675599,Chris_w3706@rrhfs.net
3707,Mr,Bush m3707,London Rd,New Park,Leicester,01162024334,Bush_m3707@rthevac.uk
3708,Ms,Lily w3708,Wharf St,Oadby,Leicester,01162787330,Lily_w3708@awdnqac.uk
3709,Mr,Liu m3709,Victory St,City Centre,Leicester,01162040709,Liu_m3709@lyvna.com
3710,Ms,Lora w3710,Queens Rd,New Park,Leicester,01162958106,Lora_w3710@rbcjwac.uk
3711,Mr,Bush m3711,King St,New Park,Leicester,01162309306,Bush_m3711@tdnxj.org
3712,Ms,Pam w3712,Hotel St,West Knighton,Leicester,01162949734,Pam_w3712@ozuvv.gov.uk
3713,Mr,Simon m3713,Bond St,Oadby,Leicester,01162682947,Simon_m3713@cyolp.sch.uk
3714,Ms,Sally w3714,King St,Oadby,Leicester,01162450044,Sally_w3714@vtfrr.net
3715,Mr,David m3715,King St,City Centre,Leicester,01162108097,David_m3715@woapnac.uk
3716,Ms,Jane w3716,Burton St,Birstall,Leicester,01162436519,Jane_w3716@imiwb.org
3717,Mr,Lee m3717,Ring Rd,City Centre,Leicester,01162830642,Lee_m3717@zrkgx.gov.uk
3718,Ms,Ann w3718,Ring Rd,New Park,Leicester,01162993388,Ann_w3718@qzwbdac.uk
3719,Mr,Ben m3719,Granby St,City Centre,Leicester,01162921219,Ben_m3719@cioka.net
3720,Ms,Luise w3720,Gateway St,Wigston,Leicester,01162634450,Luise_w3720@ojybv.gov.uk
3721,Mr,Clinton m3721,Kent St,Wigston,Leicester,01162045811,Clinton_m3721@hwbzaac.uk
3722,Ms,Helen w3722,Bond St,Wigston,Leicester,01162733347,Helen_w3722@rsqsv.net
3723,Mr,Zhou m3723,Wharf St,Birstall,Leicester,01162914119,Zhou_m3723@maojv.org
3724,Ms,Ann w3724,Hill St,New Park,Leicester,01162668502,Ann_w3724@fchef.net
3725,Mr,William m3725,King St,Birstall,Leicester,01162857152,William_m3725@tdbng.net
3726,Ms,Helen w3726,Granby St,West Knighton,Leicester,01162592656,Helen_w3726@jcmwcco.uk
3727,Mr,Peter m3727,Welford Rd,Oadby,Leicester,01162132691,Peter_m3727@vrtihco.uk
3728,Ms,Victory w3728,Burton St,Oadby,Leicester,01162537314,Victory_w3728@mnstaco.uk
3729,Mr,Brown m3729,Bond St,Birstall,Leicester,01162185525,Brown_m3729@gysjf.org
3730,Ms,Chris w3730,Gateway St,Oadby,Leicester,01162664200,Chris_w3730@bdkhw.sch.uk
3731,Mr,Lee m3731,Welford Rd,West Knighton,Leicester,01162544337,Lee_m3731@mywsxac.uk
3732,Ms,Chris w3732,Gateway St,Birstall,Leicester,01162365241,Chris_w3732@qliml.com
3733,Mr,Watson m3733,Hill St,Oadby,Leicester,01162002920,Watson_m3733@pkuajac.uk
3734,Ms,Anna w3734,Bond St,New Park,Leicester,01162308215,Anna_w3734@fuhnz.org
3735,Mr,Mohammad m3735,Burton St,City Centre,Leicester,01162186856,Mohammad_m3735@tvqvu.net
3736,Ms,Victory w3736,Wharf St,Wigston,Leicester,01162993655,Victory_w3736@hjucc.net
3737,Mr,David m3737,Kent St,Birstall,Leicester,01162429540,David_m3737@dmaph.net
3738,Ms,Pam w3738,Hill St,City Centre,Leicester,01162033043,Pam_w3738@yijbk.sch.uk
3739,Mr,Bush m3739,Bond St,Wigston,Leicester,01162252483,Bush_m3739@lqxqp.net
3740,Ms,Lily w3740,King St,City Centre,Leicester,01162600091,Lily_w3740@kbdxnac.uk
3741,Mr,Scott m3741,Oxford St,Wigston,Leicester,01162675547,Scott_m3741@rjpyw.sch.uk
3742,Ms,Victory w3742,Granby St,New Park,Leicester,01162215733,Victory_w3742@gbswm.gov.uk
3743,Mr,Liu m3743,Wharf St,Oadby,Leicester,01162348129,Liu_m3743@zxixfac.uk
3744,Ms,Ann w3744,Oxford St,Birstall,Leicester,01162391783,Ann_w3744@jrgwn.sch.uk
3745,Mr,Smith m3745,Oxford St,City Centre,Leicester,01162880382,Smith_m3745@cidhy.net
3746,Ms,Lily w3746,Hill St,Birstall,Leicester,01162614837,Lily_w3746@adusb.gov.uk
3747,Mr,Bush m3747,Oxford St,Birstall,Leicester,01162091675,Bush_m3747@srqpi.com
3748,Ms,Lily w3748,Victory St,Oadby,Leicester,01162254570,Lily_w3748@wdubq.net
3749,Mr,Mohammad m3749,Granby St,New Park,Leicester,01162217782,Mohammad_m3749@gqqmrco.uk
3750,Ms,Victory w3750,King St,West Knighton,Leicester,01162998166,Victory_w3750@asmif.gov.uk
3751,Mr,Bush m3751,Welford Rd,Oadby,Leicester,01162736270,Bush_m3751@wfivo.gov.uk
3752,Ms,Hana w3752,Queens Rd,Oadby,Leicester,01162169541,Hana_w3752@ubibq.sch.uk
3753,Mr,Wilson m3753,Wharf St,Oadby,Leicester,01162568390,Wilson_m3753@fgvgwco.uk
3754,Ms,Anna w3754,Hill St,Wigston,Leicester,01162653930,Anna_w3754@aguukco.uk
3755,Mr,Dean m3755,King St,Oadby,Leicester,01162579042,Dean_m3755@lgbxjac.uk
3756,Ms,Jane w3756,Burton St,West Knighton,Leicester,01162031368,Jane_w3756@dycokac.uk
3757,Mr,Wilson m3757,Welford Rd,West Knighton,Leicester,01162187301,Wilson_m3757@xhxpi.com
3758,Ms,Anna w3758,Oxford St,West Knighton,Leicester,01162576857,Anna_w3758@ovdqc.org
3759,Mr,Liu m3759,Hill St,Oadby,Leicester,01162128786,Liu_m3759@iitgw.org
3760,Ms,Anna w3760,Newton St,West Knighton,Leicester,01162123811,Anna_w3760@igpdv.sch.uk
3761,Mr,Wilson m3761,Hill St,Wigston,Leicester,01162801895,Wilson_m3761@xpvscac.uk
3762,Ms,Jenny w3762,Oxford St,City Centre,Leicester,01162125758,Jenny_w3762@qmncg.gov.uk
3763,Mr,Wilson m3763,Queens Rd,New Park,Leicester,01162005150,Wilson_m3763@thbjr.sch.uk
3764,Ms,Luise w3764,Welford Rd,Birstall,Leicester,01162551675,Luise_w3764@tqhqiac.uk
3765,Mr,Wilson m3765,Kent St,West Knighton,Leicester,01162338579,Wilson_m3765@kaadtco.uk
3766,Ms,Luise w3766,London Rd,New Park,Leicester,01162635232,Luise_w3766@okwck.gov.uk
3767,Mr,William m3767,Kent St,Wigston,Leicester,01162193372,William_m3767@oiwkg.org
3768,Ms,Lily w3768,Victory St,Wigston,Leicester,01162380436,Lily_w3768@wzyke.com
3769,Mr,Ben m3769,Victory St,West Knighton,Leicester,01162776444,Ben_m3769@zvzqhco.uk
3770,Ms,Hana w3770,Wharf St,New Park,Leicester,01162910632,Hana_w3770@lziox.net
3771,Mr,Liu m3771,Queens Rd,New Park,Leicester,01162045898,Liu_m3771@eznhc.net
3772,Ms,Tania w3772,Burton St,Birstall,Leicester,01162820316,Tania_w3772@gdjylac.uk
3773,Mr,Smith m3773,Welford Rd,West Knighton,Leicester,01162685832,Smith_m3773@xesbm.sch.uk
3774,Ms,Anna w3774,King St,Oadby,Leicester,01162155427,Anna_w3774@rgfev.com
3775,Mr,Matthew m3775,Gateway St,West Knighton,Leicester,01162097539,Matthew_m3775@zaipx.org
3776,Ms,Diana w3776,Victory St,Wigston,Leicester,01162205866,Diana_w3776@yonxy.org
3777,Mr,Chris m3777,Bond St,Birstall,Leicester,01162570326,Chris_m3777@ekhdr.sch.uk
3778,Ms,Victory w3778,Ring Rd,Wigston,Leicester,01162019957,Victory_w3778@ztdaf.org
3779,Mr,Eric m3779,Kent St,Oadby,Leicester,01162753452,Eric_m3779@qdbfi.org
3780,Ms,Ann w3780,Oxford St,Birstall,Leicester,01162439172,Ann_w3780@piotb.net
3781,Mr,Clinton m3781,Victory St,New Park,Leicester,01162099989,Clinton_m3781@ezebj.sch.uk
3782,Ms,Mina w3782,King St,Birstall,Leicester,01162627389,Mina_w3782@lgeinco.uk
3783,Mr,Matthew m3783,Bond St,New Park,Leicester,01162516335,Matthew_m3783@kvrsv.gov.uk
3784,Ms,Diana w3784,Ring Rd,New Park,Leicester,01162067131,Diana_w3784@pqhgi.com
3785,Mr,Ben m3785,Hill St,Wigston,Leicester,01162168947,Ben_m3785@lxecs.org
3786,Ms,Ann w3786,Oxford St,Oadby,Leicester,01162886192,Ann_w3786@tnjda.com
3787,Mr,Eric m3787,Newton St,City Centre,Leicester,01162534616,Eric_m3787@zesig.org
3788,Ms,Helen w3788,Victory St,Birstall,Leicester,01162260563,Helen_w3788@idpliac.uk
3789,Mr,Ben m3789,Hill St,Wigston,Leicester,01162028752,Ben_m3789@buctwco.uk
3790,Ms,Helen w3790,Hill St,West Knighton,Leicester,01162659249,Helen_w3790@whugi.org
3791,Mr,Wilson m3791,Victory St,Wigston,Leicester,01162890672,Wilson_m3791@akczh.net
3792,Ms,Pam w3792,Welford Rd,New Park,Leicester,01162657660,Pam_w3792@zojte.org
3793,Mr,Alex m3793,Gateway St,Oadby,Leicester,01162672089,Alex_m3793@bawot.com
3794,Ms,Jenny w3794,Bond St,Birstall,Leicester,01162859937,Jenny_w3794@kmrpvco.uk
3795,Mr,Smith m3795,Ring Rd,Birstall,Leicester,01162106760,Smith_m3795@rroia.net
3796,Ms,Mina w3796,Ring Rd,City Centre,Leicester,01162675549,Mina_w3796@vhtctac.uk
3797,Mr,Liu m3797,Queens Rd,Oadby,Leicester,01162461949,Liu_m3797@ottno.org
3798,Ms,Mina w3798,Oxford St,Oadby,Leicester,01162379532,Mina_w3798@fcqlu.gov.uk
3799,Mr,Lee m3799,Queens Rd,New Park,Leicester,01162409137,Lee_m3799@kajwc.org
3800,Ms,Lora w3800,Hill St,Wigston,Leicester,01162667714,Lora_w3800@fmqyico.uk
3801,Mr,Yang m3801,Queens Rd,Birstall,Leicester,01162546506,Yang_m3801@khcfl.gov.uk
3802,Ms,Ann w3802,Newton St,Birstall,Leicester,01162371021,Ann_w3802@bczdy.com
3803,Mr,Mohammad m3803,Hotel St,Birstall,Leicester,01162280346,Mohammad_m3803@zfkya.net
3804,Ms,Lily w3804,Hill St,New Park,Leicester,01162415314,Lily_w3804@znwqq.com
3805,Mr,Watson m3805,Kent St,City Centre,Leicester,01162814381,Watson_m3805@pmzce.gov.uk
3806,Ms,Hana w3806,Kent St,City Centre,Leicester,01162448614,Hana_w3806@ilyfgco.uk
3807,Mr,Smith m3807,Ring Rd,Birstall,Leicester,01162331828,Smith_m3807@xbcra.org
3808,Ms,Diana w3808,King St,Oadby,Leicester,01162283215,Diana_w3808@payfe.org
3809,Mr,Clinton m3809,King St,Birstall,Leicester,01162785357,Clinton_m3809@nhzlhco.uk
3810,Ms,Helen w3810,Queens Rd,Wigston,Leicester,01162914262,Helen_w3810@thbtrco.uk
3811,Mr,Simon m3811,Welford Rd,New Park,Leicester,01162251139,Simon_m3811@otbhu.gov.uk
3812,Ms,Helen w3812,London Rd,New Park,Leicester,01162618203,Helen_w3812@omgif.sch.uk
3813,Mr,Eric m3813,Hotel St,Wigston,Leicester,01162953948,Eric_m3813@rgbcvac.uk
3814,Ms,Anna w3814,Welford Rd,Wigston,Leicester,01162407851,Anna_w3814@nnayw.gov.uk
3815,Mr,Bush m3815,Gateway St,Oadby,Leicester,01162321764,Bush_m3815@wqqinac.uk
3816,Ms,Diana w3816,Granby St,New Park,Leicester,01162563292,Diana_w3816@fscfuac.uk
3817,Mr,Simon m3817,Hotel St,Wigston,Leicester,01162478478,Simon_m3817@aowatac.uk
3818,Ms,Hana w3818,Victory St,Birstall,Leicester,01162964769,Hana_w3818@bauxg.net
3819,Mr,Matthew m3819,Queens Rd,Wigston,Leicester,01162963665,Matthew_m3819@dfgmrco.uk
3820,Ms,Anna w3820,Welford Rd,New Park,Leicester,01162368838,Anna_w3820@fbspt.org
3821,Mr,Watson m3821,Hotel St,Oadby,Leicester,01162059432,Watson_m3821@eznss.com
3822,Ms,Tania w3822,Granby St,West Knighton,Leicester,01162944171,Tania_w3822@myqeq.sch.uk
3823,Mr,Eric m3823,Bond St,Birstall,Leicester,01162247094,Eric_m3823@jkxuc.org
3824,Ms,Luise w3824,Wharf St,City Centre,Leicester,01162540320,Luise_w3824@ashuwac.uk
3825,Mr,Eric m3825,Victory St,Wigston,Leicester,01162324127,Eric_m3825@jigaf.net
3826,Ms,Helen w3826,Welford Rd,Birstall,Leicester,01162237897,Helen_w3826@ozjnq.net
3827,Mr,Bush m3827,Oxford St,Birstall,Leicester,01162570052,Bush_m3827@wqayh.net
3828,Ms,Helen w3828,Queens Rd,Oadby,Leicester,01162643064,Helen_w3828@yclbj.net
3829,Mr,Lee m3829,Welford Rd,West Knighton,Leicester,01162919627,Lee_m3829@wrmgr.com
3830,Ms,Sally w3830,Granby St,Oadby,Leicester,01162776880,Sally_w3830@jjnyv.com
3831,Mr,William m3831,Hotel St,New Park,Leicester,01162099538,William_m3831@ieetn.org
3832,Ms,Helen w3832,Hotel St,Birstall,Leicester,01162095615,Helen_w3832@hagyg.net
3833,Mr,Chris m3833,King St,Wigston,Leicester,01162246348,Chris_m3833@yfdwlac.uk
3834,Ms,Pam w3834,King St,City Centre,Leicester,01162931056,Pam_w3834@jhsae.org
3835,Mr,Peter m3835,Granby St,Oadby,Leicester,01162517909,Peter_m3835@itdlu.gov.uk
3836,Ms,Chris w3836,Wharf St,Wigston,Leicester,01162109479,Chris_w3836@nxmog.sch.uk
3837,Mr,Mohammad m3837,Oxford St,Wigston,Leicester,01162110622,Mohammad_m3837@syvbaac.uk
3838,Ms,Helen w3838,Victory St,New Park,Leicester,01162867672,Helen_w3838@awyjsac.uk
3839,Mr,Wilson m3839,Welford Rd,West Knighton,Leicester,01162534722,Wilson_m3839@bkoxq.net
3840,Ms,Lily w3840,Hotel St,Wigston,Leicester,01162235856,Lily_w3840@cngbxco.uk
3841,Mr,Simon m3841,Hill St,Birstall,Leicester,01162447306,Simon_m3841@gvxncco.uk
3842,Ms,Chris w3842,Victory St,Birstall,Leicester,01162775314,Chris_w3842@xkxzy.com
3843,Mr,Dean m3843,King St,Birstall,Leicester,01162727789,Dean_m3843@bbqpr.org
3844,Ms,Diana w3844,King St,Oadby,Leicester,01162161159,Diana_w3844@deena.sch.uk
3845,Mr,Smith m3845,Hotel St,West Knighton,Leicester,01162738169,Smith_m3845@vrmbe.gov.uk
3846,Ms,Chris w3846,Burton St,Wigston,Leicester,01162356244,Chris_w3846@axcpa.org
3847,Mr,Yang m3847,King St,Birstall,Leicester,01162589485,Yang_m3847@vbfiu.gov.uk
3848,Ms,Pam w3848,Bond St,Oadby,Leicester,01162365394,Pam_w3848@uljcg.net
3849,Mr,Smith m3849,Bond St,Birstall,Leicester,01162410305,Smith_m3849@kzjst.gov.uk
3850,Ms,Jenny w3850,Oxford St,City Centre,Leicester,01162755409,Jenny_w3850@pwzwx.org
3851,Mr,Smith m3851,Hill St,West Knighton,Leicester,01162162168,Smith_m3851@jbmfi.net
3852,Ms,Chris w3852,King St,New Park,Leicester,01162353732,Chris_w3852@ihtnx.com
3853,Mr,Matthew m3853,Queens Rd,New Park,Leicester,01162112256,Matthew_m3853@ujvffco.uk
3854,Ms,Luise w3854,Oxford St,Wigston,Leicester,01162303014,Luise_w3854@scuzg.com
3855,Mr,David m3855,Queens Rd,Birstall,Leicester,01162651401,David_m3855@svnnuac.uk
3856,Ms,Victory w3856,Hotel St,Birstall,Leicester,01162140239,Victory_w3856@czudp.org
3857,Mr,Simon m3857,London Rd,City Centre,Leicester,01162099919,Simon_m3857@dofxd.org
3858,Ms,Luise w3858,Newton St,City Centre,Leicester,01162341866,Luise_w3858@plscd.sch.uk
3859,Mr,David m3859,Burton St,New Park,Leicester,01162388085,David_m3859@saadc.gov.uk
3860,Ms,Helen w3860,Ring Rd,City Centre,Leicester,01162861624,Helen_w3860@bztbk.sch.uk
3861,Mr,Mohammad m3861,Burton St,West Knighton,Leicester,01162150341,Mohammad_m3861@imsnr.net
3862,Ms,Lily w3862,Hotel St,Wigston,Leicester,01162083896,Lily_w3862@ckqds.org
3863,Mr,Simon m3863,Queens Rd,Birstall,Leicester,01162678441,Simon_m3863@ifpqkac.uk
3864,Ms,Sally w3864,Hotel St,Wigston,Leicester,01162179850,Sally_w3864@vfjtuco.uk
3865,Mr,Peter m3865,Queens Rd,Wigston,Leicester,01162082994,Peter_m3865@hnsutco.uk
3866,Ms,Lily w3866,Granby St,Wigston,Leicester,01162957949,Lily_w3866@dpmln.sch.uk
3867,Mr,William m3867,Bond St,Wigston,Leicester,01162835846,William_m3867@rwqzj.com
3868,Ms,Jenny w3868,Granby St,New Park,Leicester,01162281925,Jenny_w3868@rwuah.net
3869,Mr,Ben m3869,Wharf St,Birstall,Leicester,01162783408,Ben_m3869@vbczico.uk
3870,Ms,Ann w3870,Hotel St,Birstall,Leicester,01162967664,Ann_w3870@mvxup.sch.uk
3871,Mr,David m3871,Gateway St,West Knighton,Leicester,01162746421,David_m3871@jurfj.net
3872,Ms,Luise w3872,Hill St,New Park,Leicester,01162845438,Luise_w3872@orees.gov.uk
3873,Mr,Yang m3873,King St,Wigston,Leicester,01162698523,Yang_m3873@tfred.com
3874,Ms,Anna w3874,Victory St,New Park,Leicester,01162786509,Anna_w3874@duotuco.uk
3875,Mr,Bush m3875,Hill St,Oadby,Leicester,01162731370,Bush_m3875@brtvt.net
3876,Ms,Helen w3876,Gateway St,Wigston,Leicester,01162389842,Helen_w3876@udwhmac.uk
3877,Mr,Yang m3877,Burton St,Oadby,Leicester,01162409041,Yang_m3877@lxyofac.uk
3878,Ms,Chris w3878,Victory St,Wigston,Leicester,01162538874,Chris_w3878@yuaqa.gov.uk
3879,Mr,Dean m3879,Ring Rd,West Knighton,Leicester,01162135707,Dean_m3879@hgjicac.uk
3880,Ms,Luise w3880,King St,New Park,Leicester,01162697666,Luise_w3880@tnrgz.net
3881,Mr,Mohammad m3881,London Rd,Birstall,Leicester,01162222363,Mohammad_m3881@uigxl.sch.uk
3882,Ms,Luise w3882,Queens Rd,New Park,Leicester,01162476258,Luise_w3882@rktzy.com
3883,Mr,Scott m3883,Hill St,Wigston,Leicester,01162934610,Scott_m3883@bwqzdac.uk
3884,Ms,Luise w3884,Oxford St,City Centre,Leicester,01162752378,Luise_w3884@hhhll.com
3885,Mr,Chris m3885,Bond St,Oadby,Leicester,01162510103,Chris_m3885@irqou.org
3886,Ms,Lora w3886,Oxford St,Oadby,Leicester,01162442460,Lora_w3886@lgdts.gov.uk
3887,Mr,Watson m3887,Wharf St,Wigston,Leicester,01162507597,Watson_m3887@krwcd.net
3888,Ms,Diana w3888,Granby St,City Centre,Leicester,01162507418,Diana_w3888@zhoze.sch.uk
3889,Mr,Peter m3889,Victory St,Birstall,Leicester,01162303048,Peter_m3889@dunjm.sch.uk
3890,Ms,Hana w3890,Wharf St,Wigston,Leicester,01162493593,Hana_w3890@urwns.gov.uk
3891,Mr,David m3891,Newton St,Birstall,Leicester,01162332702,David_m3891@hajux.gov.uk
3892,Ms,Anna w3892,Granby St,New Park,Leicester,01162679136,Anna_w3892@ugako.com
3893,Mr,Paco m3893,Queens Rd,Oadby,Leicester,01162512559,Paco_m3893@nipom.net
3894,Ms,Anna w3894,Ring Rd,New Park,Leicester,01162248690,Anna_w3894@yrddr.com
3895,Mr,Liu m3895,Hotel St,Wigston,Leicester,01162002508,Liu_m3895@aqjta.net
3896,Ms,Victory w3896,Burton St,New Park,Leicester,01162194235,Victory_w3896@ldxuc.org
3897,Mr,Lee m3897,Wharf St,West Knighton,Leicester,01162297904,Lee_m3897@xksrz.net
3898,Ms,Pam w3898,Wharf St,City Centre,Leicester,01162969727,Pam_w3898@ztkne.net
3899,Mr,Peter m3899,Burton St,Wigston,Leicester,01162019296,Peter_m3899@pnccj.net
3900,Ms,Lily w3900,King St,City Centre,Leicester,01162735587,Lily_w3900@kxned.gov.uk
3901,Mr,Mohammad m3901,Hill St,New Park,Leicester,01162326597,Mohammad_m3901@mtbdo.com
3902,Ms,Jenny w3902,Kent St,Birstall,Leicester,01162057835,Jenny_w3902@sxcmb.sch.uk
3903,Mr,Chris m3903,Welford Rd,West Knighton,Leicester,01162117598,Chris_m3903@maolb.net
3904,Ms,Hana w3904,King St,New Park,Leicester,01162402925,Hana_w3904@bswxf.org
3905,Mr,Smith m3905,Welford Rd,Wigston,Leicester,01162747891,Smith_m3905@czezk.com
3906,Ms,Mina w3906,Newton St,Birstall,Leicester,01162277151,Mina_w3906@hbngt.org
3907,Mr,Zhou m3907,King St,Wigston,Leicester,01162546521,Zhou_m3907@kzacbac.uk
3908,Ms,Mina w3908,Oxford St,New Park,Leicester,01162102807,Mina_w3908@jwfbkac.uk
3909,Mr,Clinton m3909,Hotel St,New Park,Leicester,01162498946,Clinton_m3909@gukceac.uk
3910,Ms,Diana w3910,Ring Rd,Oadby,Leicester,01162322423,Diana_w3910@abqtn.com
3911,Mr,Watson m3911,Hill St,City Centre,Leicester,01162353973,Watson_m3911@xtmbf.org
3912,Ms,Hana w3912,Bond St,New Park,Leicester,01162565954,Hana_w3912@xbckb.sch.uk
3913,Mr,Simon m3913,Queens Rd,New Park,Leicester,01162211284,Simon_m3913@cnbhj.org
3914,Ms,Pam w3914,Hill St,New Park,Leicester,01162265360,Pam_w3914@bfezw.com
3915,Mr,Alex m3915,Newton St,West Knighton,Leicester,01162380227,Alex_m3915@bneloac.uk
3916,Ms,Sally w3916,Granby St,New Park,Leicester,01162858570,Sally_w3916@vliqr.org
3917,Mr,Brown m3917,Welford Rd,West Knighton,Leicester,01162474982,Brown_m3917@ufmtx.org
3918,Ms,Hana w3918,Hotel St,City Centre,Leicester,01162321436,Hana_w3918@yxjtv.net
3919,Mr,Liu m3919,Newton St,City Centre,Leicester,01162963335,Liu_m3919@bgojeac.uk
3920,Ms,Diana w3920,Oxford St,Wigston,Leicester,01162790561,Diana_w3920@kkuxs.net
3921,Mr,Mohammad m3921,Victory St,New Park,Leicester,01162849587,Mohammad_m3921@pfhbr.org
3922,Ms,Chris w3922,Granby St,Birstall,Leicester,01162920021,Chris_w3922@lrira.sch.uk
3923,Mr,Ben m3923,Queens Rd,Oadby,Leicester,01162326215,Ben_m3923@zylbdco.uk
3924,Ms,Victory w3924,Burton St,Wigston,Leicester,01162496584,Victory_w3924@txdue.gov.uk
3925,Mr,Watson m3925,Hotel St,Birstall,Leicester,01162457510,Watson_m3925@wxnvl.com
3926,Ms,Anna w3926,Welford Rd,City Centre,Leicester,01162502394,Anna_w3926@mytkj.net
3927,Mr,Ben m3927,Granby St,Birstall,Leicester,01162508181,Ben_m3927@knoic.com
3928,Ms,Lily w3928,King St,Oadby,Leicester,01162492027,Lily_w3928@svfbd.gov.uk
3929,Mr,Paco m3929,Granby St,Oadby,Leicester,01162537293,Paco_m3929@ahvaa.com
3930,Ms,Anna w3930,Hill St,Wigston,Leicester,01162370124,Anna_w3930@rzcqv.org
3931,Mr,David m3931,Ring Rd,New Park,Leicester,01162648648,David_m3931@tttvr.com
3932,Ms,Anna w3932,Welford Rd,New Park,Leicester,01162826611,Anna_w3932@xbmdl.net
3933,Mr,Zhou m3933,Burton St,West Knighton,Leicester,01162848020,Zhou_m3933@donrqac.uk
3934,Ms,Mina w3934,Welford Rd,New Park,Leicester,01162739735,Mina_w3934@hdfhpco.uk
3935,Mr,Alex m3935,Kent St,Birstall,Leicester,01162078983,Alex_m3935@jcosqac.uk
3936,Ms,Victory w3936,Newton St,Wigston,Leicester,01162998091,Victory_w3936@ablru.net
3937,Mr,Brown m3937,Kent St,New Park,Leicester,01162861095,Brown_m3937@vrauc.net
3938,Ms,Lily w3938,Burton St,New Park,Leicester,01162422175,Lily_w3938@sammjac.uk
3939,Mr,Brown m3939,Burton St,West Knighton,Leicester,01162218013,Brown_m3939@rsudz.org
3940,Ms,Diana w3940,Hill St,Birstall,Leicester,01162280667,Diana_w3940@pnkct.net
3941,Mr,Alex m3941,Welford Rd,New Park,Leicester,01162900530,Alex_m3941@devafac.uk
3942,Ms,Lily w3942,Hotel St,Birstall,Leicester,01162610831,Lily_w3942@gmwtb.net
3943,Mr,Bush m3943,Kent St,Birstall,Leicester,01162083630,Bush_m3943@lnqso.gov.uk
3944,Ms,Pam w3944,Victory St,Birstall,Leicester,01162912958,Pam_w3944@klzws.org
3945,Mr,Matthew m3945,Bond St,New Park,Leicester,01162799088,Matthew_m3945@dhzbz.net
3946,Ms,Hana w3946,Ring Rd,West Knighton,Leicester,01162075948,Hana_w3946@fxlhq.com
3947,Mr,Peter m3947,Wharf St,Birstall,Leicester,01162366869,Peter_m3947@fxllcac.uk
3948,Ms,Hana w3948,Hotel St,West Knighton,Leicester,01162565522,Hana_w3948@orlkv.net
3949,Mr,Mohammad m3949,Gateway St,Wigston,Leicester,01162352532,Mohammad_m3949@znraz.com
3950,Ms,Hana w3950,London Rd,Oadby,Leicester,01162920925,Hana_w3950@evtmo.net
3951,Mr,Simon m3951,Bond St,New Park,Leicester,01162483669,Simon_m3951@cjpqk.org
3952,Ms,Lora w3952,Welford Rd,Oadby,Leicester,01162402043,Lora_w3952@oiezzco.uk
3953,Mr,Watson m3953,London Rd,Oadby,Leicester,01162557077,Watson_m3953@hgvgx.org
3954,Ms,Luise w3954,Hotel St,Oadby,Leicester,01162108429,Luise_w3954@mktws.net
3955,Mr,Clinton m3955,Burton St,Oadby,Leicester,01162416324,Clinton_m3955@rzvgp.sch.uk
3956,Ms,Chris w3956,Queens Rd,City Centre,Leicester,01162305325,Chris_w3956@zwyxmac.uk
3957,Mr,Peter m3957,Gateway St,Oadby,Leicester,01162297409,Peter_m3957@cnszo.net
3958,Ms,Diana w3958,King St,Birstall,Leicester,01162880815,Diana_w3958@akrpzac.uk
3959,Mr,Mohammad m3959,Bond St,Wigston,Leicester,01162517525,Mohammad_m3959@vzzkaac.uk
3960,Ms,Lily w3960,Bond St,New Park,Leicester,01162657167,Lily_w3960@wbuenco.uk
3961,Mr,Ben m3961,London Rd,Wigston,Leicester,01162986354,Ben_m3961@wkkkf.sch.uk
3962,Ms,Luise w3962,Granby St,Oadby,Leicester,01162823490,Luise_w3962@ziowh.sch.uk
3963,Mr,David m3963,Newton St,New Park,Leicester,01162562618,David_m3963@bpggl.org
3964,Ms,Diana w3964,Victory St,Wigston,Leicester,01162131148,Diana_w3964@aikrx.gov.uk
3965,Mr,Wood m3965,Burton St,New Park,Leicester,01162280987,Wood_m3965@ksgup.com
3966,Ms,Hana w3966,Ring Rd,West Knighton,Leicester,01162474352,Hana_w3966@saftx.net
3967,Mr,Scott m3967,Welford Rd,West Knighton,Leicester,01162311631,Scott_m3967@wfvyw.org
3968,Ms,Lora w3968,Kent St,City Centre,Leicester,01162720730,Lora_w3968@mofuq.net
3969,Mr,Wood m3969,London Rd,Oadby,Leicester,01162108331,Wood_m3969@rlqxo.net
3970,Ms,Lora w3970,Gateway St,Oadby,Leicester,01162365545,Lora_w3970@sduqcco.uk
3971,Mr,Simon m3971,Wharf St,New Park,Leicester,01162543585,Simon_m3971@eijcw.org
3972,Ms,Sally w3972,Ring Rd,City Centre,Leicester,01162594164,Sally_w3972@kcckbac.uk
3973,Mr,Yang m3973,Newton St,West Knighton,Leicester,01162495054,Yang_m3973@squamco.uk
3974,Ms,Jane w3974,King St,Oadby,Leicester,01162910967,Jane_w3974@ijhyq.gov.uk
3975,Mr,Dean m3975,Welford Rd,Oadby,Leicester,01162519508,Dean_m3975@fdkpp.sch.uk
3976,Ms,Chris w3976,Victory St,West Knighton,Leicester,01162468350,Chris_w3976@cutqv.org
3977,Mr,Ben m3977,Queens Rd,Birstall,Leicester,01162245337,Ben_m3977@bkxyt.com
3978,Ms,Hana w3978,King St,West Knighton,Leicester,01162720017,Hana_w3978@vmyar.net
3979,Mr,Ben m3979,Granby St,Wigston,Leicester,01162487459,Ben_m3979@wubow.sch.uk
3980,Ms,Sally w3980,Gateway St,Birstall,Leicester,01162553516,Sally_w3980@asbgq.com
3981,Mr,Simon m3981,Welford Rd,Wigston,Leicester,01162479929,Simon_m3981@nrkihac.uk
3982,Ms,Pam w3982,Burton St,Oadby,Leicester,01162361743,Pam_w3982@vvozz.com
3983,Mr,Clinton m3983,Bond St,New Park,Leicester,01162429980,Clinton_m3983@gmjzy.sch.uk
3984,Ms,Luise w3984,Oxford St,Birstall,Leicester,01162106950,Luise_w3984@lviks.org
3985,Mr,Scott m3985,Queens Rd,New Park,Leicester,01162920212,Scott_m3985@vluue.sch.uk
3986,Ms,Anna w3986,Oxford St,Birstall,Leicester,01162184598,Anna_w3986@etbljac.uk
3987,Mr,Dean m3987,Granby St,Wigston,Leicester,01162804598,Dean_m3987@nogzcac.uk
3988,Ms,Victory w3988,Newton St,New Park,Leicester,01162066275,Victory_w3988@ybwei.org
3989,Mr,Peter m3989,Victory St,Oadby,Leicester,01162177363,Peter_m3989@tmevz.org
3990,Ms,Chris w3990,Granby St,Oadby,Leicester,01162435857,Chris_w3990@fpesqac.uk
3991,Mr,Chris m3991,Oxford St,New Park,Leicester,01162097777,Chris_m3991@oyuap.sch.uk
3992,Ms,Anna w3992,Hotel St,Birstall,Leicester,01162045257,Anna_w3992@bpfwe.sch.uk
3993,Mr,Liu m3993,Kent St,Birstall,Leicester,01162603677,Liu_m3993@jbgfn.gov.uk
3994,Ms,Victory w3994,Victory St,Wigston,Leicester,01162821003,Victory_w3994@fkpyb.org
3995,Mr,Watson m3995,Hotel St,Oadby,Leicester,01162713148,Watson_m3995@ctgclco.uk
3996,Ms,Diana w3996,London Rd,Birstall,Leicester,01162927685,Diana_w3996@umypx.org
3997,Mr,Chris m3997,King St,City Centre,Leicester,01162336026,Chris_m3997@oaiwt.gov.uk
3998,Ms,Helen w3998,Hotel St,Wigston,Leicester,01162542231,Helen_w3998@ubvbtco.uk
3999,Mr,Dean m3999,Ring Rd,New Park,Leicester,01162248892,Dean_m3999@ydqgnac.uk
4000,Ms,Chris w4000,Victory St,New Park,Leicester,01162756469,Chris_w4000@lzeqdac.uk
4001,Mr,Matthew m4001,Bond St,Birstall,Leicester,01162581777,Matthew_m4001@rwbpz.gov.uk
4002,Ms,Anna w4002,Granby St,Birstall,Leicester,01162583731,Anna_w4002@pxmaa.sch.uk
4003,Mr,Paco m4003,Oxford St,Oadby,Leicester,01162612194,Paco_m4003@qjazk.com
4004,Ms,Mina w4004,Welford Rd,Wigston,Leicester,01162588771,Mina_w4004@osfqu.org
4005,Mr,Watson m4005,Hill St,Wigston,Leicester,01162122536,Watson_m4005@yloho.net
4006,Ms,Victory w4006,London Rd,Wigston,Leicester,01162288114,Victory_w4006@zevasac.uk
4007,Mr,Liu m4007,Hill St,Oadby,Leicester,01162716692,Liu_m4007@alvgy.sch.uk
4008,Ms,Chris w4008,Gateway St,West Knighton,Leicester,01162814804,Chris_w4008@oxrcm.org
4009,Mr,Eric m4009,Queens Rd,Wigston,Leicester,01162105174,Eric_m4009@scgdu.gov.uk
4010,Ms,Mina w4010,Granby St,Birstall,Leicester,01162890273,Mina_w4010@bnjpf.sch.uk
4011,Mr,Clinton m4011,Hotel St,Oadby,Leicester,01162829186,Clinton_m4011@ycssw.sch.uk
4012,Ms,Chris w4012,Kent St,Oadby,Leicester,01162102997,Chris_w4012@absqp.sch.uk
4013,Mr,Clinton m4013,Burton St,Oadby,Leicester,01162796284,Clinton_m4013@agtkf.com
4014,Ms,Pam w4014,Victory St,West Knighton,Leicester,01162684634,Pam_w4014@zdwutco.uk
4015,Mr,Wood m4015,Burton St,New Park,Leicester,01162753398,Wood_m4015@jgkgmco.uk
4016,Ms,Hana w4016,Welford Rd,Wigston,Leicester,01162762080,Hana_w4016@fhaay.org
4017,Mr,Dean m4017,London Rd,City Centre,Leicester,01162842564,Dean_m4017@yrfpw.org
4018,Ms,Jenny w4018,King St,New Park,Leicester,01162594591,Jenny_w4018@ciruu.org
4019,Mr,Eric m4019,Queens Rd,Wigston,Leicester,01162245626,Eric_m4019@lbudlco.uk
4020,Ms,Mina w4020,Granby St,Birstall,Leicester,01162928665,Mina_w4020@mkarp.sch.uk
4021,Mr,Matthew m4021,Burton St,West Knighton,Leicester,01162390326,Matthew_m4021@qrftv.com
4022,Ms,Anna w4022,Ring Rd,City Centre,Leicester,01162276427,Anna_w4022@ksfycac.uk
4023,Mr,Bush m4023,Hill St,Wigston,Leicester,01162879181,Bush_m4023@pqfgo.org
4024,Ms,Helen w4024,Burton St,Oadby,Leicester,01162075781,Helen_w4024@ilxeuac.uk
4025,Mr,Lee m4025,Hotel St,West Knighton,Leicester,01162026855,Lee_m4025@yoqhj.gov.uk
4523,Mr,David m4523,Gateway St,Wigston,Leicester,01162842943,David_m4523@bfspz.sch.uk
4524,Ms,Diana w4524,Hotel St,City Centre,Leicester,01162320572,Diana_w4524@otnlhac.uk
4525,Mr,Smith m4525,Hill St,West Knighton,Leicester,01162103980,Smith_m4525@wlmog.net
4526,Ms,Victory w4526,Bond St,City Centre,Leicester,01162578829,Victory_w4526@gdssa.sch.uk
4527,Mr,Peter m4527,Wharf St,Birstall,Leicester,01162451478,Peter_m4527@uvczu.com
4528,Ms,Ann w4528,Burton St,Birstall,Leicester,01162385412,Ann_w4528@qbdcr.net
4529,Mr,David m4529,Burton St,Oadby,Leicester,01162531891,David_m4529@kpfxl.gov.uk
4530,Ms,Diana w4530,Oxford St,Oadby,Leicester,01162244248,Diana_w4530@onrev.com
4531,Mr,Wood m4531,Wharf St,Birstall,Leicester,01162043990,Wood_m4531@zxonbco.uk
4532,Ms,Luise w4532,Hotel St,Oadby,Leicester,01162838718,Luise_w4532@aicar.sch.uk
4533,Mr,Bush m4533,Gateway St,New Park,Leicester,01162346901,Bush_m4533@epbpk.net
4534,Ms,Lily w4534,Gateway St,Oadby,Leicester,01162685929,Lily_w4534@qkpjtac.uk
4535,Mr,Clinton m4535,Bond St,Birstall,Leicester,01162206449,Clinton_m4535@lmpscac.uk
4536,Ms,Lora w4536,Welford Rd,West Knighton,Leicester,01162921368,Lora_w4536@imcmx.org
4537,Mr,Mohammad m4537,King St,Wigston,Leicester,01162437331,Mohammad_m4537@eaimqco.uk
4538,Ms,Luise w4538,Kent St,Oadby,Leicester,01162895866,Luise_w4538@ynpog.net
4539,Mr,Clinton m4539,Burton St,Oadby,Leicester,01162724061,Clinton_m4539@ygvdlco.uk
4540,Ms,Jane w4540,Hotel St,Birstall,Leicester,01162829401,Jane_w4540@fdyrq.org
4541,Mr,Wilson m4541,Oxford St,Oadby,Leicester,01162413889,Wilson_m4541@dmcyx.org
4542,Ms,Luise w4542,Granby St,Wigston,Leicester,01162385129,Luise_w4542@zjuwx.gov.uk
4543,Mr,Mohammad m4543,Gateway St,Birstall,Leicester,01162688514,Mohammad_m4543@izean.org
4544,Ms,Jane w4544,Newton St,Wigston,Leicester,01162025796,Jane_w4544@wxgab.com
4545,Mr,Smith m4545,Victory St,New Park,Leicester,01162001989,Smith_m4545@kcaxh.net
4546,Ms,Ann w4546,Victory St,Wigston,Leicester,01162523712,Ann_w4546@zufsg.sch.uk
4547,Mr,Matthew m4547,London Rd,Birstall,Leicester,01162815017,Matthew_m4547@dctfcco.uk
4548,Ms,Pam w4548,King St,New Park,Leicester,01162894172,Pam_w4548@jpwaeac.uk
4549,Mr,Clinton m4549,Burton St,Wigston,Leicester,01162253214,Clinton_m4549@qgfxmco.uk
4550,Ms,Lily w4550,Victory St,New Park,Leicester,01162392284,Lily_w4550@dblrico.uk
4551,Mr,Matthew m4551,Wharf St,West Knighton,Leicester,01162911766,Matthew_m4551@dohbx.org
4552,Ms,Tania w4552,Ring Rd,Birstall,Leicester,01162309327,Tania_w4552@exwsk.sch.uk
4553,Mr,Clinton m4553,Queens Rd,City Centre,Leicester,01162052697,Clinton_m4553@ynfzn.gov.uk
4554,Ms,Luise w4554,Kent St,Birstall,Leicester,01162037293,Luise_w4554@jcllx.net
4555,Mr,Yang m4555,Kent St,Wigston,Leicester,01162189336,Yang_m4555@vrdkoco.uk
4556,Ms,Jane w4556,King St,Oadby,Leicester,01162714008,Jane_w4556@qwvwv.net
4557,Mr,David m4557,Gateway St,Birstall,Leicester,01162352218,David_m4557@sttrz.gov.uk
4558,Ms,Lily w4558,Gateway St,Wigston,Leicester,01162061006,Lily_w4558@iihdp.net
4559,Mr,Yang m4559,London Rd,Birstall,Leicester,01162114086,Yang_m4559@llhwico.uk
4560,Ms,Ann w4560,Wharf St,Birstall,Leicester,01162902780,Ann_w4560@azude.org
4561,Mr,Chris m4561,Welford Rd,New Park,Leicester,01162924323,Chris_m4561@naeqgco.uk
4562,Ms,Victory w4562,Victory St,New Park,Leicester,01162331161,Victory_w4562@wirrr.gov.uk
4563,Mr,Mohammad m4563,Granby St,Wigston,Leicester,01162389782,Mohammad_m4563@yzrfd.com
4564,Ms,Lora w4564,King St,New Park,Leicester,01162706273,Lora_w4564@nvqkl.net
4565,Mr,Watson m4565,Granby St,New Park,Leicester,01162199500,Watson_m4565@irclc.com
4566,Ms,Helen w4566,Kent St,Wigston,Leicester,01162943521,Helen_w4566@pepuf.gov.uk
4567,Mr,Wood m4567,Victory St,Wigston,Leicester,01162752788,Wood_m4567@juzyhco.uk
4568,Ms,Sally w4568,Bond St,Wigston,Leicester,01162558494,Sally_w4568@lsfce.sch.uk
4569,Mr,Peter m4569,Granby St,Birstall,Leicester,01162225653,Peter_m4569@sxomo.com
4570,Ms,Diana w4570,Victory St,West Knighton,Leicester,01162830478,Diana_w4570@ynvnaac.uk
4571,Mr,Lee m4571,London Rd,New Park,Leicester,01162013372,Lee_m4571@mbxhw.net
4572,Ms,Chris w4572,Victory St,West Knighton,Leicester,01162148787,Chris_w4572@ygaoo.net
4573,Mr,Chris m4573,Burton St,New Park,Leicester,01162147803,Chris_m4573@wgfkn.com
4574,Ms,Jenny w4574,Ring Rd,Wigston,Leicester,01162935319,Jenny_w4574@hneje.gov.uk
4575,Mr,Chris m4575,Victory St,Wigston,Leicester,01162920749,Chris_m4575@kviusac.uk
4576,Ms,Lora w4576,Bond St,Oadby,Leicester,01162622331,Lora_w4576@ojdxh.sch.uk
4577,Mr,Zhou m4577,Victory St,West Knighton,Leicester,01162561204,Zhou_m4577@uhbfvac.uk
4578,Ms,Anna w4578,Burton St,Birstall,Leicester,01162394187,Anna_w4578@xhrrqco.uk
4579,Mr,Zhou m4579,Granby St,Birstall,Leicester,01162619698,Zhou_m4579@xpuel.com
4580,Ms,Lora w4580,Bond St,Wigston,Leicester,01162741934,Lora_w4580@lmtsy.sch.uk
4581,Mr,David m4581,Welford Rd,Oadby,Leicester,01162060478,David_m4581@axcta.gov.uk
4582,Ms,Lora w4582,Oxford St,West Knighton,Leicester,01162029032,Lora_w4582@poxnyac.uk
4583,Mr,Ben m4583,Gateway St,New Park,Leicester,01162696558,Ben_m4583@qpenj.sch.uk
4584,Ms,Lora w4584,King St,Oadby,Leicester,01162344252,Lora_w4584@eoodi.net
4585,Mr,Paco m4585,Kent St,Birstall,Leicester,01162542940,Paco_m4585@qmcxo.org
4586,Ms,Chris w4586,Granby St,Oadby,Leicester,01162412994,Chris_w4586@pikcuac.uk
4587,Mr,Dean m4587,Queens Rd,Oadby,Leicester,01162026352,Dean_m4587@utccz.com
4588,Ms,Helen w4588,Ring Rd,Birstall,Leicester,01162739197,Helen_w4588@hjsmzac.uk
4589,Mr,Chris m4589,Hill St,New Park,Leicester,01162105675,Chris_m4589@ekris.sch.uk
4590,Ms,Pam w4590,Kent St,Wigston,Leicester,01162135785,Pam_w4590@amkeo.net
4591,Mr,Chris m4591,Welford Rd,Oadby,Leicester,01162669620,Chris_m4591@ezpcj.sch.uk
4592,Ms,Anna w4592,King St,West Knighton,Leicester,01162658618,Anna_w4592@iptjf.gov.uk
4593,Mr,Bush m4593,Ring Rd,West Knighton,Leicester,01162154960,Bush_m4593@dicwg.gov.uk
4594,Ms,Diana w4594,Kent St,Birstall,Leicester,01162558497,Diana_w4594@zypmx.gov.uk
4595,Mr,Simon m4595,Queens Rd,Oadby,Leicester,01162580672,Simon_m4595@zbevj.gov.uk
4596,Ms,Mina w4596,Oxford St,Birstall,Leicester,01162966859,Mina_w4596@ynaxy.com
4597,Mr,Scott m4597,Welford Rd,Oadby,Leicester,01162032028,Scott_m4597@qdvioco.uk
4598,Ms,Helen w4598,Granby St,Birstall,Leicester,01162708464,Helen_w4598@rheet.com
4599,Mr,Liu m4599,Ring Rd,New Park,Leicester,01162301878,Liu_m4599@dvgcg.gov.uk
4600,Ms,Anna w4600,Granby St,West Knighton,Leicester,01162042150,Anna_w4600@refad.net
4601,Mr,Eric m4601,Hill St,New Park,Leicester,01162810858,Eric_m4601@oitnr.sch.uk
4602,Ms,Luise w4602,Burton St,Birstall,Leicester,01162042377,Luise_w4602@hbgaa.gov.uk
4603,Mr,Dean m4603,Gateway St,Birstall,Leicester,01162747323,Dean_m4603@jmewwco.uk
4604,Ms,Mina w4604,Hill St,New Park,Leicester,01162455479,Mina_w4604@jymtfco.uk
4605,Mr,Scott m4605,Ring Rd,Oadby,Leicester,01162852821,Scott_m4605@nedxbco.uk
4606,Ms,Lora w4606,Burton St,Oadby,Leicester,01162247651,Lora_w4606@vfutyco.uk
4607,Mr,Eric m4607,Wharf St,Wigston,Leicester,01162364824,Eric_m4607@pihzg.org
4608,Ms,Anna w4608,King St,Oadby,Leicester,01162910277,Anna_w4608@vtxdjco.uk
4609,Mr,David m4609,Hotel St,New Park,Leicester,01162047474,David_m4609@olvmm.org
4610,Ms,Jenny w4610,King St,West Knighton,Leicester,01162145779,Jenny_w4610@bpgub.org
4611,Mr,Paco m4611,Granby St,Oadby,Leicester,01162099411,Paco_m4611@jyifcac.uk
4612,Ms,Anna w4612,Wharf St,Wigston,Leicester,01162857758,Anna_w4612@swoxb.sch.uk
4613,Mr,Watson m4613,Hotel St,City Centre,Leicester,01162093990,Watson_m4613@cdhrn.org
4614,Ms,Helen w4614,King St,New Park,Leicester,01162696761,Helen_w4614@uotfj.com
4615,Mr,Clinton m4615,Ring Rd,New Park,Leicester,01162144047,Clinton_m4615@zsjjv.sch.uk
4616,Ms,Lora w4616,Oxford St,New Park,Leicester,01162649651,Lora_w4616@swwis.org
4617,Mr,Dean m4617,Bond St,Oadby,Leicester,01162810875,Dean_m4617@lkejf.net
4618,Ms,Chris w4618,Hotel St,City Centre,Leicester,01162066324,Chris_w4618@piqpb.net
4619,Mr,Alex m4619,Hotel St,Oadby,Leicester,01162984882,Alex_m4619@bycbaco.uk
4620,Ms,Diana w4620,Victory St,Birstall,Leicester,01162970460,Diana_w4620@rjpfoco.uk
4621,Mr,Bush m4621,Granby St,City Centre,Leicester,01162255164,Bush_m4621@ztridac.uk
4622,Ms,Diana w4622,King St,Wigston,Leicester,01162779781,Diana_w4622@zfuveco.uk
4623,Mr,Dean m4623,Victory St,Wigston,Leicester,01162414145,Dean_m4623@txamu.org
4624,Ms,Tania w4624,Burton St,Wigston,Leicester,01162506044,Tania_w4624@zsydn.net
4625,Mr,Simon m4625,Victory St,Oadby,Leicester,01162553506,Simon_m4625@rgmzq.net
4626,Ms,Helen w4626,Welford Rd,West Knighton,Leicester,01162469347,Helen_w4626@vrhzuac.uk
4627,Mr,Matthew m4627,Hill St,City Centre,Leicester,01162764537,Matthew_m4627@tfzit.gov.uk
4628,Ms,Diana w4628,Hotel St,Wigston,Leicester,01162554629,Diana_w4628@gnazqac.uk
4629,Mr,Paco m4629,London Rd,Oadby,Leicester,01162444108,Paco_m4629@riekz.net
4630,Ms,Ann w4630,Kent St,City Centre,Leicester,01162308148,Ann_w4630@mfiobco.uk
4631,Mr,Smith m4631,Gateway St,New Park,Leicester,01162620278,Smith_m4631@xnqmp.sch.uk
4632,Ms,Diana w4632,Newton St,Oadby,Leicester,01162571475,Diana_w4632@eizfmac.uk
4633,Mr,Yang m4633,Burton St,Wigston,Leicester,01162686038,Yang_m4633@vuzvp.net
4634,Ms,Victory w4634,Burton St,Wigston,Leicester,01162808875,Victory_w4634@yiagm.net
4635,Mr,Yang m4635,Victory St,New Park,Leicester,01162229699,Yang_m4635@jhzye.net
4636,Ms,Sally w4636,Burton St,New Park,Leicester,01162488171,Sally_w4636@dnrvs.gov.uk
4637,Mr,Ben m4637,London Rd,West Knighton,Leicester,01162608023,Ben_m4637@csxmoac.uk
4638,Ms,Ann w4638,King St,New Park,Leicester,01162235317,Ann_w4638@jekpeco.uk
4639,Mr,Watson m4639,Welford Rd,Wigston,Leicester,01162354910,Watson_m4639@fwpbvco.uk
4640,Ms,Anna w4640,Ring Rd,New Park,Leicester,01162259822,Anna_w4640@bfygcco.uk
4641,Mr,Chris m4641,Ring Rd,City Centre,Leicester,01162064466,Chris_m4641@dslzn.net
4642,Ms,Lora w4642,Ring Rd,Oadby,Leicester,01162482078,Lora_w4642@vbdmh.net
4643,Mr,Zhou m4643,Burton St,Oadby,Leicester,01162298629,Zhou_m4643@zpbszco.uk
4644,Ms,Chris w4644,Victory St,Wigston,Leicester,01162366839,Chris_w4644@ehffd.sch.uk
4645,Mr,Ben m4645,London Rd,West Knighton,Leicester,01162621003,Ben_m4645@bqoahco.uk
4646,Ms,Hana w4646,Wharf St,Oadby,Leicester,01162377664,Hana_w4646@qbglz.org
4647,Mr,William m4647,Victory St,West Knighton,Leicester,01162193176,William_m4647@abfpx.org
4648,Ms,Victory w4648,Burton St,Wigston,Leicester,01162753878,Victory_w4648@gasaxac.uk
4649,Mr,Mohammad m4649,Welford Rd,Oadby,Leicester,01162317584,Mohammad_m4649@kdgyeac.uk
4650,Ms,Victory w4650,King St,New Park,Leicester,01162117634,Victory_w4650@ashxw.gov.uk
4651,Mr,Yang m4651,Wharf St,New Park,Leicester,01162513244,Yang_m4651@wofem.net
4652,Ms,Mina w4652,Ring Rd,Wigston,Leicester,01162728090,Mina_w4652@jvydzac.uk
4653,Mr,Scott m4653,Gateway St,New Park,Leicester,01162969043,Scott_m4653@reeep.com
4654,Ms,Victory w4654,Bond St,Oadby,Leicester,01162829094,Victory_w4654@xmqwf.org
4655,Mr,Liu m4655,Hotel St,Birstall,Leicester,01162239833,Liu_m4655@xlolp.sch.uk
4656,Ms,Chris w4656,Gateway St,West Knighton,Leicester,01162429557,Chris_w4656@dpbzzco.uk
4657,Mr,Smith m4657,Granby St,Oadby,Leicester,01162608063,Smith_m4657@hkibcco.uk
4658,Ms,Victory w4658,Oxford St,West Knighton,Leicester,01162547725,Victory_w4658@ixdnu.org
4659,Mr,Wood m4659,Ring Rd,Oadby,Leicester,01162752846,Wood_m4659@vnfrdac.uk
4660,Ms,Jane w4660,Newton St,West Knighton,Leicester,01162955136,Jane_w4660@tmszb.net
4661,Mr,Liu m4661,Queens Rd,Wigston,Leicester,01162653441,Liu_m4661@bcaakco.uk
4662,Ms,Luise w4662,Granby St,Birstall,Leicester,01162894689,Luise_w4662@uzwjd.org
4663,Mr,Eric m4663,Queens Rd,City Centre,Leicester,01162433170,Eric_m4663@bquxf.net
4664,Ms,Hana w4664,Granby St,Birstall,Leicester,01162817597,Hana_w4664@stvnj.net
4665,Mr,Wood m4665,Hotel St,Oadby,Leicester,01162680957,Wood_m4665@npsfrac.uk
4666,Ms,Hana w4666,Queens Rd,Birstall,Leicester,01162667052,Hana_w4666@tmvjcac.uk
4667,Mr,Chris m4667,Wharf St,Birstall,Leicester,01162145541,Chris_m4667@ljykwco.uk
4668,Ms,Tania w4668,Burton St,West Knighton,Leicester,01162908576,Tania_w4668@scxig.gov.uk
4669,Mr,Bush m4669,Oxford St,New Park,Leicester,01162869031,Bush_m4669@agejz.gov.uk
4670,Ms,Chris w4670,Queens Rd,Birstall,Leicester,01162524307,Chris_w4670@kbowf.org
4671,Mr,Wilson m4671,Victory St,Oadby,Leicester,01162859864,Wilson_m4671@edccgac.uk
4672,Ms,Sally w4672,Hill St,West Knighton,Leicester,01162053746,Sally_w4672@rmzbvco.uk
4673,Mr,Simon m4673,Queens Rd,Oadby,Leicester,01162515485,Simon_m4673@qwmic.net
4674,Ms,Victory w4674,Hotel St,Birstall,Leicester,01162685675,Victory_w4674@tcvan.sch.uk
4675,Mr,Smith m4675,Gateway St,Wigston,Leicester,01162761353,Smith_m4675@xrzor.gov.uk
4676,Ms,Pam w4676,Queens Rd,New Park,Leicester,01162315409,Pam_w4676@ybttkac.uk
4677,Mr,Dean m4677,Kent St,Oadby,Leicester,01162437095,Dean_m4677@jnhue.sch.uk
4678,Ms,Pam w4678,Hill St,Wigston,Leicester,01162367492,Pam_w4678@vcysh.net
4679,Mr,Paco m4679,Queens Rd,Birstall,Leicester,01162429662,Paco_m4679@vssgd.gov.uk
4680,Ms,Luise w4680,Newton St,Oadby,Leicester,01162131311,Luise_w4680@fripa.sch.uk
4681,Mr,William m4681,Burton St,Wigston,Leicester,01162209958,William_m4681@bibgb.net
4682,Ms,Anna w4682,Kent St,Wigston,Leicester,01162180650,Anna_w4682@uizoa.net
4683,Mr,Matthew m4683,Burton St,New Park,Leicester,01162310045,Matthew_m4683@lnmsxac.uk
4684,Ms,Pam w4684,Wharf St,Birstall,Leicester,01162381186,Pam_w4684@zznmo.com
4685,Mr,Zhou m4685,Kent St,City Centre,Leicester,01162469801,Zhou_m4685@scngz.org
4686,Ms,Helen w4686,Ring Rd,City Centre,Leicester,01162097798,Helen_w4686@askiu.net
4687,Mr,Lee m4687,Newton St,West Knighton,Leicester,01162259931,Lee_m4687@mofzm.sch.uk
4688,Ms,Anna w4688,Oxford St,City Centre,Leicester,01162421537,Anna_w4688@nfjtpac.uk
4689,Mr,Lee m4689,Wharf St,Birstall,Leicester,01162995826,Lee_m4689@qvzfk.sch.uk
4690,Ms,Mina w4690,Gateway St,New Park,Leicester,01162345935,Mina_w4690@twurr.com
4691,Mr,Dean m4691,Hotel St,New Park,Leicester,01162637409,Dean_m4691@gktpe.org
4692,Ms,Victory w4692,Ring Rd,Wigston,Leicester,01162392012,Victory_w4692@ggvji.sch.uk
4693,Mr,Dean m4693,Hill St,Oadby,Leicester,01162872649,Dean_m4693@tuibh.sch.uk
4694,Ms,Tania w4694,Victory St,West Knighton,Leicester,01162615965,Tania_w4694@oocej.sch.uk
4695,Mr,Zhou m4695,Bond St,Birstall,Leicester,01162198193,Zhou_m4695@fxiouco.uk
4696,Ms,Anna w4696,Ring Rd,West Knighton,Leicester,01162655786,Anna_w4696@kvnno.net
4697,Mr,David m4697,London Rd,West Knighton,Leicester,01162420522,David_m4697@nvdil.sch.uk
4698,Ms,Pam w4698,Gateway St,Oadby,Leicester,01162063320,Pam_w4698@ajcgeac.uk
4699,Mr,Dean m4699,Wharf St,Oadby,Leicester,01162856725,Dean_m4699@mvsgb.net
4700,Ms,Mina w4700,Burton St,Birstall,Leicester,01162862669,Mina_w4700@ktueb.sch.uk
4701,Mr,Dean m4701,Gateway St,New Park,Leicester,01162748648,Dean_m4701@wcgkz.sch.uk
4702,Ms,Mina w4702,Hill St,City Centre,Leicester,01162503195,Mina_w4702@uoagiac.uk
4703,Mr,William m4703,Hotel St,Oadby,Leicester,01162182036,William_m4703@yuvtvco.uk
4704,Ms,Jane w4704,London Rd,Wigston,Leicester,01162134114,Jane_w4704@ltvebco.uk
4705,Mr,Simon m4705,Bond St,Wigston,Leicester,01162444763,Simon_m4705@hcojzac.uk
4706,Ms,Luise w4706,Gateway St,Wigston,Leicester,01162762393,Luise_w4706@twpfv.org
4707,Mr,Brown m4707,Bond St,Oadby,Leicester,01162206015,Brown_m4707@ftvsc.sch.uk
4708,Ms,Anna w4708,King St,New Park,Leicester,01162243242,Anna_w4708@rvngm.net
4709,Mr,Scott m4709,Wharf St,Birstall,Leicester,01162979112,Scott_m4709@nrlyo.org
4710,Ms,Hana w4710,King St,City Centre,Leicester,01162454018,Hana_w4710@romrfco.uk
4711,Mr,Lee m4711,Oxford St,Birstall,Leicester,01162580088,Lee_m4711@ycqkeco.uk
4712,Ms,Anna w4712,Gateway St,New Park,Leicester,01162324799,Anna_w4712@elhtrco.uk
4713,Mr,Mohammad m4713,Bond St,Oadby,Leicester,01162604594,Mohammad_m4713@oubtk.com
4714,Ms,Jane w4714,Burton St,West Knighton,Leicester,01162923683,Jane_w4714@eupfico.uk
4715,Mr,Wilson m4715,Gateway St,Oadby,Leicester,01162668505,Wilson_m4715@cdxwl.sch.uk
4716,Ms,Hana w4716,Hotel St,Wigston,Leicester,01162730096,Hana_w4716@zeppl.gov.uk
4717,Mr,Liu m4717,Hill St,Oadby,Leicester,01162636672,Liu_m4717@bdbfj.net
4718,Ms,Luise w4718,Granby St,New Park,Leicester,01162764224,Luise_w4718@xteqy.org
4719,Mr,Clinton m4719,King St,Birstall,Leicester,01162620261,Clinton_m4719@wzfno.net
4720,Ms,Chris w4720,Gateway St,Birstall,Leicester,01162714230,Chris_w4720@iboea.sch.uk
4721,Mr,Alex m4721,Oxford St,New Park,Leicester,01162747794,Alex_m4721@tylhp.sch.uk
4722,Ms,Diana w4722,Bond St,Oadby,Leicester,01162021163,Diana_w4722@pzpozac.uk
4723,Mr,Brown m4723,Oxford St,Birstall,Leicester,01162677882,Brown_m4723@rxqqjco.uk
4724,Ms,Chris w4724,Bond St,Wigston,Leicester,01162089948,Chris_w4724@xgcvq.com
4725,Mr,Ben m4725,Kent St,Wigston,Leicester,01162598006,Ben_m4725@yygjk.net
4726,Ms,Pam w4726,Hotel St,Oadby,Leicester,01162675978,Pam_w4726@uehfyco.uk
4727,Mr,Eric m4727,Hotel St,Oadby,Leicester,01162319893,Eric_m4727@aggqw.gov.uk
4728,Ms,Luise w4728,King St,New Park,Leicester,01162915764,Luise_w4728@ocbllco.uk
4729,Mr,Yang m4729,Bond St,Wigston,Leicester,01162194748,Yang_m4729@yjkan.com
4730,Ms,Mina w4730,Burton St,Birstall,Leicester,01162964222,Mina_w4730@jtisc.net
4731,Mr,Yang m4731,Hill St,Oadby,Leicester,01162293837,Yang_m4731@gpopcac.uk
4732,Ms,Lily w4732,Hill St,Wigston,Leicester,01162070284,Lily_w4732@yvxnb.gov.uk
4733,Mr,Watson m4733,Gateway St,Wigston,Leicester,01162705705,Watson_m4733@ofzwm.sch.uk
4734,Ms,Helen w4734,Hill St,Oadby,Leicester,01162213658,Helen_w4734@eleiaac.uk
4735,Mr,Matthew m4735,Bond St,City Centre,Leicester,01162026433,Matthew_m4735@hyuis.com
4736,Ms,Victory w4736,Hotel St,West Knighton,Leicester,01162508882,Victory_w4736@rffkgco.uk
4737,Mr,Mohammad m4737,Bond St,New Park,Leicester,01162028369,Mohammad_m4737@dfmdgac.uk
4738,Ms,Jane w4738,Burton St,Oadby,Leicester,01162508075,Jane_w4738@olpdk.org
4739,Mr,Dean m4739,Burton St,Birstall,Leicester,01162074618,Dean_m4739@spvmw.com
4740,Ms,Pam w4740,Wharf St,West Knighton,Leicester,01162481038,Pam_w4740@tdfgdco.uk
4741,Mr,Brown m4741,Bond St,West Knighton,Leicester,01162559232,Brown_m4741@drahaco.uk
4742,Ms,Anna w4742,Victory St,Oadby,Leicester,01162171034,Anna_w4742@eybqrac.uk
4743,Mr,Scott m4743,Victory St,City Centre,Leicester,01162970708,Scott_m4743@debes.com
4744,Ms,Pam w4744,Hill St,New Park,Leicester,01162672060,Pam_w4744@xcwtq.sch.uk
4745,Mr,Lee m4745,Gateway St,Oadby,Leicester,01162084175,Lee_m4745@jkjqtac.uk
4746,Ms,Helen w4746,Ring Rd,New Park,Leicester,01162884636,Helen_w4746@svmpdco.uk
4747,Mr,Simon m4747,Bond St,New Park,Leicester,01162406612,Simon_m4747@bxowwac.uk
4748,Ms,Anna w4748,Granby St,West Knighton,Leicester,01162019496,Anna_w4748@nzfkd.sch.uk
4749,Mr,Yang m4749,King St,Birstall,Leicester,01162752285,Yang_m4749@uspru.gov.uk
4750,Ms,Jenny w4750,Burton St,New Park,Leicester,01162399016,Jenny_w4750@pmfxgac.uk
4751,Mr,Wood m4751,Gateway St,New Park,Leicester,01162472528,Wood_m4751@sdeuh.sch.uk
4752,Ms,Tania w4752,Kent St,City Centre,Leicester,01162545640,Tania_w4752@xszwl.org
4753,Mr,Brown m4753,Victory St,Wigston,Leicester,01162010457,Brown_m4753@npktt.net
4754,Ms,Chris w4754,Ring Rd,Oadby,Leicester,01162279253,Chris_w4754@ihhixco.uk
4755,Mr,Chris m4755,Queens Rd,City Centre,Leicester,01162806110,Chris_m4755@deqlx.net
4756,Ms,Hana w4756,Gateway St,Wigston,Leicester,01162906668,Hana_w4756@iiiib.com
4757,Mr,Alex m4757,Granby St,Birstall,Leicester,01162031417,Alex_m4757@mtueico.uk
4758,Ms,Ann w4758,Queens Rd,Birstall,Leicester,01162783786,Ann_w4758@mnxzj.sch.uk
4759,Mr,Wilson m4759,Victory St,Birstall,Leicester,01162817471,Wilson_m4759@rxnri.com
4760,Ms,Hana w4760,Queens Rd,Wigston,Leicester,01162356323,Hana_w4760@ynoan.org
4761,Mr,Wilson m4761,Kent St,Birstall,Leicester,01162844679,Wilson_m4761@ryevn.gov.uk
4762,Ms,Hana w4762,Burton St,Oadby,Leicester,01162564206,Hana_w4762@dsubvco.uk
4763,Mr,Wood m4763,Oxford St,Oadby,Leicester,01162490079,Wood_m4763@hztaf.org
4764,Ms,Luise w4764,Hill St,Birstall,Leicester,01162099417,Luise_w4764@oyuni.net
4765,Mr,Alex m4765,Granby St,Wigston,Leicester,01162912026,Alex_m4765@naexnco.uk
4766,Ms,Pam w4766,Newton St,Oadby,Leicester,01162066336,Pam_w4766@ccinmco.uk
4767,Mr,Wilson m4767,Welford Rd,New Park,Leicester,01162885628,Wilson_m4767@cwmlr.gov.uk
4768,Ms,Helen w4768,Granby St,New Park,Leicester,01162978468,Helen_w4768@gyowgac.uk
4769,Mr,Matthew m4769,Welford Rd,Wigston,Leicester,01162141285,Matthew_m4769@ysoufco.uk
4770,Ms,Ann w4770,Hill St,Oadby,Leicester,01162765913,Ann_w4770@yrbyh.org
4771,Mr,Eric m4771,London Rd,City Centre,Leicester,01162678886,Eric_m4771@rvadq.sch.uk
4772,Ms,Anna w4772,Granby St,New Park,Leicester,01162399433,Anna_w4772@riwsj.com
4109,Mr,Chris m4109,Welford Rd,Birstall,Leicester,01162737459,Chris_m4109@mnyyy.com
4110,Ms,Jenny w4110,Oxford St,Birstall,Leicester,01162906447,Jenny_w4110@ucxdj.gov.uk
4111,Mr,Brown m4111,Queens Rd,Oadby,Leicester,01162193501,Brown_m4111@hotxp.org
4112,Ms,Tania w4112,Ring Rd,Oadby,Leicester,01162808197,Tania_w4112@gcvxm.net
4113,Mr,Mohammad m4113,Gateway St,Birstall,Leicester,01162689327,Mohammad_m4113@mssrg.gov.uk
4114,Ms,Hana w4114,Hill St,Birstall,Leicester,01162918596,Hana_w4114@ovgpnac.uk
4115,Mr,Alex m4115,Bond St,City Centre,Leicester,01162665561,Alex_m4115@nlyjxac.uk
4116,Ms,Jenny w4116,Queens Rd,New Park,Leicester,01162363260,Jenny_w4116@rvtedco.uk
4117,Mr,Liu m4117,Wharf St,New Park,Leicester,01162104424,Liu_m4117@ihytwco.uk
4118,Ms,Pam w4118,Queens Rd,Birstall,Leicester,01162614159,Pam_w4118@yjdcs.com
4119,Mr,Wood m4119,Hotel St,New Park,Leicester,01162158783,Wood_m4119@qaksm.sch.uk
4120,Ms,Hana w4120,Ring Rd,Birstall,Leicester,01162976961,Hana_w4120@nzclm.com
4121,Mr,Peter m4121,Hill St,New Park,Leicester,01162436701,Peter_m4121@qmqwr.net
4122,Ms,Victory w4122,Bond St,Oadby,Leicester,01162662928,Victory_w4122@tjsiy.sch.uk
4123,Mr,Alex m4123,Hill St,West Knighton,Leicester,01162036049,Alex_m4123@mrjqwco.uk
4124,Ms,Diana w4124,Hotel St,Birstall,Leicester,01162765749,Diana_w4124@rcevm.sch.uk
4125,Mr,Clinton m4125,Hotel St,Oadby,Leicester,01162794209,Clinton_m4125@iyjglac.uk
4126,Ms,Diana w4126,Hill St,Birstall,Leicester,01162097720,Diana_w4126@uteop.sch.uk
4127,Mr,Matthew m4127,Hill St,West Knighton,Leicester,01162764865,Matthew_m4127@swxoc.com
4128,Ms,Jane w4128,Wharf St,Birstall,Leicester,01162837783,Jane_w4128@npksv.sch.uk
4129,Mr,David m4129,Oxford St,New Park,Leicester,01162381906,David_m4129@yljwp.net
4130,Ms,Chris w4130,Bond St,Birstall,Leicester,01162758418,Chris_w4130@uqovs.gov.uk
4131,Mr,Matthew m4131,Victory St,Wigston,Leicester,01162540744,Matthew_m4131@hwjfz.sch.uk
4132,Ms,Anna w4132,Granby St,Birstall,Leicester,01162741942,Anna_w4132@nfpnc.sch.uk
4133,Mr,Watson m4133,Newton St,Oadby,Leicester,01162824588,Watson_m4133@qiaplac.uk
4134,Ms,Ann w4134,Hotel St,New Park,Leicester,01162636954,Ann_w4134@iueok.org
4135,Mr,Peter m4135,Oxford St,Oadby,Leicester,01162731035,Peter_m4135@bodrvac.uk
4136,Ms,Sally w4136,Granby St,New Park,Leicester,01162077903,Sally_w4136@bgeph.org
4137,Mr,Peter m4137,Ring Rd,Wigston,Leicester,01162353625,Peter_m4137@ezaqy.sch.uk
4138,Ms,Jenny w4138,Oxford St,Birstall,Leicester,01162925457,Jenny_w4138@tobnf.org
4139,Mr,Bush m4139,Welford Rd,West Knighton,Leicester,01162678523,Bush_m4139@bxrep.gov.uk
4140,Ms,Lora w4140,Wharf St,Oadby,Leicester,01162677804,Lora_w4140@xlioeco.uk
4141,Mr,Chris m4141,Gateway St,West Knighton,Leicester,01162976421,Chris_m4141@vmyeu.com
4142,Ms,Anna w4142,Welford Rd,Wigston,Leicester,01162685552,Anna_w4142@dgyhlco.uk
4143,Mr,William m4143,Welford Rd,New Park,Leicester,01162718683,William_m4143@eecguac.uk
4144,Ms,Hana w4144,Gateway St,Wigston,Leicester,01162613641,Hana_w4144@ncyni.sch.uk
4145,Mr,Bush m4145,Victory St,Birstall,Leicester,01162186537,Bush_m4145@wfkaz.org
4146,Ms,Sally w4146,Ring Rd,Wigston,Leicester,01162200098,Sally_w4146@yzdbi.gov.uk
4147,Mr,Alex m4147,Wharf St,Wigston,Leicester,01162976066,Alex_m4147@uwocxac.uk
4148,Ms,Hana w4148,Newton St,Birstall,Leicester,01162414783,Hana_w4148@lbpzs.org
4149,Mr,Clinton m4149,Victory St,Oadby,Leicester,01162655004,Clinton_m4149@bmawo.sch.uk
4150,Ms,Sally w4150,Queens Rd,Wigston,Leicester,01162517538,Sally_w4150@efvbhco.uk
4151,Mr,Liu m4151,Hotel St,City Centre,Leicester,01162062766,Liu_m4151@xxipj.net
4152,Ms,Chris w4152,Ring Rd,West Knighton,Leicester,01162870014,Chris_w4152@jglmr.gov.uk
4153,Mr,David m4153,Hotel St,Birstall,Leicester,01162681451,David_m4153@kltor.gov.uk
4154,Ms,Pam w4154,Welford Rd,Birstall,Leicester,01162247522,Pam_w4154@zhfrdco.uk
4155,Mr,Wood m4155,Kent St,Wigston,Leicester,01162271171,Wood_m4155@isyyr.gov.uk
4156,Ms,Ann w4156,Ring Rd,Wigston,Leicester,01162518443,Ann_w4156@nwnsk.gov.uk
4157,Mr,Wilson m4157,Oxford St,City Centre,Leicester,01162677685,Wilson_m4157@zcxzcac.uk
4158,Ms,Diana w4158,Hotel St,City Centre,Leicester,01162011798,Diana_w4158@ewivh.sch.uk
4159,Mr,Alex m4159,Granby St,West Knighton,Leicester,01162235028,Alex_m4159@pwmyl.org
4160,Ms,Victory w4160,Ring Rd,Oadby,Leicester,01162783931,Victory_w4160@mmhga.org
4161,Mr,Clinton m4161,Wharf St,Wigston,Leicester,01162680200,Clinton_m4161@xzdhr.net
4162,Ms,Helen w4162,Newton St,Wigston,Leicester,01162260523,Helen_w4162@jxrchac.uk
4163,Mr,Bush m4163,Hotel St,City Centre,Leicester,01162158008,Bush_m4163@tytdl.sch.uk
4164,Ms,Pam w4164,Newton St,New Park,Leicester,01162886519,Pam_w4164@bdiqhac.uk
4165,Mr,Wood m4165,Queens Rd,Wigston,Leicester,01162536319,Wood_m4165@famjm.org
4166,Ms,Chris w4166,Bond St,City Centre,Leicester,01162827138,Chris_w4166@wfafp.sch.uk
4167,Mr,Lee m4167,Hill St,New Park,Leicester,01162662243,Lee_m4167@xtkpt.sch.uk
4168,Ms,Ann w4168,Ring Rd,Wigston,Leicester,01162503809,Ann_w4168@ljhbn.org
4169,Mr,Alex m4169,Gateway St,New Park,Leicester,01162915112,Alex_m4169@oymzwco.uk
4170,Ms,Lora w4170,Welford Rd,Wigston,Leicester,01162316017,Lora_w4170@ytklkac.uk
4171,Mr,Wood m4171,Gateway St,Birstall,Leicester,01162656349,Wood_m4171@mgkfs.org
4172,Ms,Jane w4172,Oxford St,New Park,Leicester,01162394533,Jane_w4172@eaccu.gov.uk
4173,Mr,Watson m4173,Kent St,Oadby,Leicester,01162278970,Watson_m4173@ordmk.org
4174,Ms,Chris w4174,Burton St,New Park,Leicester,01162789547,Chris_w4174@gkajdac.uk
4175,Mr,Simon m4175,Hotel St,West Knighton,Leicester,01162232482,Simon_m4175@bbrkn.net
4176,Ms,Diana w4176,Welford Rd,Wigston,Leicester,01162744110,Diana_w4176@ocejj.sch.uk
4177,Mr,Scott m4177,Burton St,West Knighton,Leicester,01162868802,Scott_m4177@waryi.com
4178,Ms,Helen w4178,Burton St,Birstall,Leicester,01162648341,Helen_w4178@plfmaac.uk
4179,Mr,Mohammad m4179,Burton St,City Centre,Leicester,01162739805,Mohammad_m4179@ufnkeco.uk
4180,Ms,Lily w4180,Kent St,Wigston,Leicester,01162726901,Lily_w4180@dfxcb.gov.uk
4181,Mr,Alex m4181,King St,New Park,Leicester,01162899160,Alex_m4181@wxzpd.com
4182,Ms,Anna w4182,King St,New Park,Leicester,01162874592,Anna_w4182@hlnbwac.uk
4183,Mr,Clinton m4183,Queens Rd,Birstall,Leicester,01162550708,Clinton_m4183@qxtikac.uk
4184,Ms,Luise w4184,Welford Rd,New Park,Leicester,01162203537,Luise_w4184@icbqn.gov.uk
4185,Mr,Bush m4185,Hill St,City Centre,Leicester,01162315292,Bush_m4185@uaqva.net
4186,Ms,Diana w4186,Granby St,Birstall,Leicester,01162664212,Diana_w4186@mnebe.org
4187,Mr,Peter m4187,Victory St,West Knighton,Leicester,01162380767,Peter_m4187@foecxac.uk
4188,Ms,Chris w4188,Hill St,Wigston,Leicester,01162258034,Chris_w4188@zcidt.net
4189,Mr,Mohammad m4189,Granby St,West Knighton,Leicester,01162042322,Mohammad_m4189@gzpllco.uk
4190,Ms,Diana w4190,London Rd,New Park,Leicester,01162026870,Diana_w4190@lsnviac.uk
4191,Mr,Eric m4191,Kent St,Birstall,Leicester,01162363538,Eric_m4191@giknoco.uk
4192,Ms,Anna w4192,Burton St,West Knighton,Leicester,01162791121,Anna_w4192@qbiir.org
4193,Mr,William m4193,Wharf St,New Park,Leicester,01162739656,William_m4193@jtzhhco.uk
4194,Ms,Anna w4194,Gateway St,Oadby,Leicester,01162485466,Anna_w4194@pzahm.net
4195,Mr,Matthew m4195,Ring Rd,Birstall,Leicester,01162582456,Matthew_m4195@ouxjr.com
4196,Ms,Lora w4196,Granby St,Birstall,Leicester,01162594837,Lora_w4196@mblip.gov.uk
4197,Mr,Scott m4197,Wharf St,Wigston,Leicester,01162048702,Scott_m4197@gmyru.sch.uk
4198,Ms,Jane w4198,Oxford St,Birstall,Leicester,01162025536,Jane_w4198@nrwfz.com
4199,Mr,Simon m4199,King St,New Park,Leicester,01162427807,Simon_m4199@cwdvr.com
4200,Ms,Ann w4200,Bond St,Birstall,Leicester,01162187257,Ann_w4200@oucle.net
4201,Mr,Wood m4201,Burton St,Oadby,Leicester,01162006549,Wood_m4201@xfjif.net
4202,Ms,Diana w4202,Wharf St,Oadby,Leicester,01162151930,Diana_w4202@rjecb.org
4203,Mr,Ben m4203,Welford Rd,West Knighton,Leicester,01162773609,Ben_m4203@kcwaoco.uk
4204,Ms,Victory w4204,Queens Rd,Birstall,Leicester,01162857358,Victory_w4204@kneei.org
4205,Mr,William m4205,Newton St,New Park,Leicester,01162501432,William_m4205@gsrxf.net
4206,Ms,Diana w4206,Burton St,Wigston,Leicester,01162976442,Diana_w4206@iyxiz.gov.uk
4207,Mr,Wood m4207,Kent St,Wigston,Leicester,01162529897,Wood_m4207@pnisoac.uk
4208,Ms,Luise w4208,Oxford St,West Knighton,Leicester,01162807201,Luise_w4208@lxetn.org
4209,Mr,Smith m4209,Bond St,New Park,Leicester,01162017489,Smith_m4209@ngansac.uk
4210,Ms,Lora w4210,King St,Oadby,Leicester,01162581848,Lora_w4210@kmtxc.com
4211,Mr,Yang m4211,Hotel St,New Park,Leicester,01162722081,Yang_m4211@bvzqh.com
4212,Ms,Luise w4212,Ring Rd,Oadby,Leicester,01162988894,Luise_w4212@wccxg.org
4213,Mr,William m4213,Newton St,West Knighton,Leicester,01162057805,William_m4213@kbaumco.uk
4214,Ms,Pam w4214,Bond St,West Knighton,Leicester,01162742384,Pam_w4214@bqcbvac.uk
4215,Mr,Liu m4215,Welford Rd,West Knighton,Leicester,01162121946,Liu_m4215@avqouco.uk
4216,Ms,Ann w4216,Ring Rd,Birstall,Leicester,01162062705,Ann_w4216@eckwaco.uk
4217,Mr,Zhou m4217,Queens Rd,Oadby,Leicester,01162187781,Zhou_m4217@pyqlj.org
4218,Ms,Victory w4218,Welford Rd,Oadby,Leicester,01162823682,Victory_w4218@tgecs.sch.uk
4219,Mr,Watson m4219,London Rd,Oadby,Leicester,01162499163,Watson_m4219@atpltco.uk
4220,Ms,Jenny w4220,Gateway St,Birstall,Leicester,01162499734,Jenny_w4220@pzazdco.uk
4221,Mr,Chris m4221,Hill St,Birstall,Leicester,01162875353,Chris_m4221@pefakco.uk
4222,Ms,Pam w4222,Kent St,Birstall,Leicester,01162682546,Pam_w4222@ccriico.uk
4223,Mr,Matthew m4223,Gateway St,Wigston,Leicester,01162820636,Matthew_m4223@rkqjh.net
4224,Ms,Mina w4224,Ring Rd,New Park,Leicester,01162335094,Mina_w4224@swuyhco.uk
4225,Mr,Brown m4225,Newton St,Oadby,Leicester,01162794148,Brown_m4225@ctlka.org
4226,Ms,Chris w4226,King St,New Park,Leicester,01162033829,Chris_w4226@tafuz.com
4227,Mr,Liu m4227,Victory St,Birstall,Leicester,01162476744,Liu_m4227@cpcxw.com
4228,Ms,Chris w4228,Queens Rd,Oadby,Leicester,01162579114,Chris_w4228@jgcex.net
4229,Mr,Smith m4229,Victory St,Oadby,Leicester,01162515060,Smith_m4229@qeqwi.org
4230,Ms,Lily w4230,Gateway St,West Knighton,Leicester,01162510716,Lily_w4230@fyrob.com
4231,Mr,Wilson m4231,Queens Rd,Wigston,Leicester,01162933493,Wilson_m4231@tjgpbco.uk
4232,Ms,Lora w4232,Queens Rd,Birstall,Leicester,01162337348,Lora_w4232@sanijac.uk
4233,Mr,Peter m4233,Ring Rd,New Park,Leicester,01162798910,Peter_m4233@wguay.sch.uk
4234,Ms,Diana w4234,Oxford St,Oadby,Leicester,01162961811,Diana_w4234@aqsrb.net
4235,Mr,Chris m4235,Queens Rd,New Park,Leicester,01162702851,Chris_m4235@pdtza.sch.uk
4236,Ms,Diana w4236,Granby St,Birstall,Leicester,01162950494,Diana_w4236@dcvvm.net
4237,Mr,Smith m4237,Burton St,West Knighton,Leicester,01162232706,Smith_m4237@ckzqsac.uk
4238,Ms,Hana w4238,Granby St,New Park,Leicester,01162053924,Hana_w4238@rzjijco.uk
4239,Mr,Chris m4239,Granby St,Birstall,Leicester,01162995010,Chris_m4239@jttvdco.uk
4240,Ms,Victory w4240,King St,Birstall,Leicester,01162043662,Victory_w4240@gsokkac.uk
4241,Mr,Smith m4241,Granby St,Wigston,Leicester,01162233560,Smith_m4241@uxmdw.org
4242,Ms,Tania w4242,Granby St,Oadby,Leicester,01162369270,Tania_w4242@ttlyy.org
4243,Mr,Ben m4243,Newton St,New Park,Leicester,01162617952,Ben_m4243@yxjoe.com
4244,Ms,Hana w4244,Kent St,City Centre,Leicester,01162655442,Hana_w4244@nuukq.gov.uk
4245,Mr,Wood m4245,Hotel St,New Park,Leicester,01162572252,Wood_m4245@heixv.sch.uk
4246,Ms,Sally w4246,Oxford St,New Park,Leicester,01162466188,Sally_w4246@bpkkh.org
4247,Mr,Liu m4247,Hill St,Wigston,Leicester,01162815486,Liu_m4247@vikpl.net
4248,Ms,Anna w4248,King St,West Knighton,Leicester,01162477367,Anna_w4248@bsybm.sch.uk
4249,Mr,Wood m4249,Newton St,New Park,Leicester,01162929075,Wood_m4249@uhrasac.uk
4250,Ms,Pam w4250,Queens Rd,New Park,Leicester,01162414434,Pam_w4250@qvlzt.net
4251,Mr,Wilson m4251,Bond St,New Park,Leicester,01162705355,Wilson_m4251@tfbkuco.uk
4252,Ms,Chris w4252,Oxford St,Wigston,Leicester,01162334126,Chris_w4252@atumc.org
4253,Mr,Wood m4253,Newton St,West Knighton,Leicester,01162756169,Wood_m4253@qsaqx.net
4254,Ms,Chris w4254,Kent St,New Park,Leicester,01162365273,Chris_w4254@rycwl.org
4255,Mr,Paco m4255,Newton St,New Park,Leicester,01162754351,Paco_m4255@bvqrz.net
4256,Ms,Lora w4256,Victory St,New Park,Leicester,01162271477,Lora_w4256@ikgmo.org
4257,Mr,Liu m4257,Hill St,Birstall,Leicester,01162638395,Liu_m4257@fnixtac.uk
4258,Ms,Ann w4258,Oxford St,New Park,Leicester,01162682910,Ann_w4258@ufbhfco.uk
4259,Mr,Brown m4259,Hill St,Birstall,Leicester,01162033563,Brown_m4259@uegdb.com
4260,Ms,Victory w4260,Bond St,City Centre,Leicester,01162299840,Victory_w4260@fyzwuco.uk
4261,Mr,Matthew m4261,Hotel St,Birstall,Leicester,01162344791,Matthew_m4261@vlyhv.sch.uk
4262,Ms,Chris w4262,London Rd,Birstall,Leicester,01162401024,Chris_w4262@iaviv.net
4263,Mr,Eric m4263,Hill St,Wigston,Leicester,01162774466,Eric_m4263@sdmtp.com
4264,Ms,Victory w4264,London Rd,Wigston,Leicester,01162444890,Victory_w4264@pbnmeac.uk
4265,Mr,Simon m4265,Victory St,Wigston,Leicester,01162945465,Simon_m4265@ndcqxac.uk
4266,Ms,Chris w4266,Bond St,Birstall,Leicester,01162019072,Chris_w4266@kgonrac.uk
4267,Mr,Peter m4267,Ring Rd,City Centre,Leicester,01162786637,Peter_m4267@omfye.com
4268,Ms,Luise w4268,Victory St,Wigston,Leicester,01162897476,Luise_w4268@rujae.org
4269,Mr,William m4269,Burton St,Birstall,Leicester,01162181350,William_m4269@mnjkgac.uk
4270,Ms,Jenny w4270,Hotel St,Oadby,Leicester,01162146420,Jenny_w4270@ntkcq.net
4271,Mr,Ben m4271,Gateway St,Wigston,Leicester,01162548736,Ben_m4271@kdcas.net
4272,Ms,Pam w4272,Welford Rd,West Knighton,Leicester,01162925220,Pam_w4272@wlugkac.uk
4273,Mr,Smith m4273,Ring Rd,Oadby,Leicester,01162038935,Smith_m4273@htolnco.uk
4274,Ms,Mina w4274,Bond St,Wigston,Leicester,01162874639,Mina_w4274@jokwe.org
4275,Mr,Mohammad m4275,Victory St,Wigston,Leicester,01162291197,Mohammad_m4275@rxiygac.uk
4276,Ms,Mina w4276,Oxford St,New Park,Leicester,01162382012,Mina_w4276@rtdim.org
4277,Mr,Eric m4277,Ring Rd,Wigston,Leicester,01162803268,Eric_m4277@ucivk.sch.uk
4278,Ms,Tania w4278,Gateway St,Oadby,Leicester,01162207547,Tania_w4278@csdym.org
4279,Mr,Peter m4279,Gateway St,New Park,Leicester,01162814659,Peter_m4279@mfmes.org
4280,Ms,Diana w4280,Gateway St,City Centre,Leicester,01162102332,Diana_w4280@qwiyv.org
4281,Mr,Brown m4281,Burton St,Wigston,Leicester,01162228043,Brown_m4281@lghll.org
4282,Ms,Anna w4282,Gateway St,Wigston,Leicester,01162558591,Anna_w4282@vsnoc.com
4283,Mr,Lee m4283,Hill St,Wigston,Leicester,01162257998,Lee_m4283@jcbhwac.uk
4284,Ms,Ann w4284,King St,West Knighton,Leicester,01162352242,Ann_w4284@wpgoz.sch.uk
4285,Mr,Alex m4285,Hotel St,New Park,Leicester,01162607572,Alex_m4285@rbdpy.org
4286,Ms,Jenny w4286,Kent St,New Park,Leicester,01162130605,Jenny_w4286@vtniy.net
4287,Mr,Mohammad m4287,Oxford St,New Park,Leicester,01162975407,Mohammad_m4287@kqlnc.org
4288,Ms,Luise w4288,Hotel St,Oadby,Leicester,01162772951,Luise_w4288@aevve.org
4289,Mr,Alex m4289,Ring Rd,Wigston,Leicester,01162968339,Alex_m4289@tfiwgac.uk
4290,Ms,Lily w4290,Queens Rd,Oadby,Leicester,01162260164,Lily_w4290@bkwbrac.uk
4291,Mr,Brown m4291,Kent St,Wigston,Leicester,01162717395,Brown_m4291@zdxkzac.uk
4292,Ms,Pam w4292,Gateway St,West Knighton,Leicester,01162307194,Pam_w4292@olaak.org
4293,Mr,Wilson m4293,Burton St,Wigston,Leicester,01162727441,Wilson_m4293@khlkt.net
4294,Ms,Mina w4294,Ring Rd,City Centre,Leicester,01162131693,Mina_w4294@xbwvi.net
4295,Mr,Alex m4295,Welford Rd,New Park,Leicester,01162539414,Alex_m4295@peyem.net
4296,Ms,Pam w4296,King St,New Park,Leicester,01162544823,Pam_w4296@kziqh.com
4297,Mr,Watson m4297,King St,Oadby,Leicester,01162038108,Watson_m4297@iobnq.net
4298,Ms,Jenny w4298,Welford Rd,Oadby,Leicester,01162946288,Jenny_w4298@hygex.net
4299,Mr,Wilson m4299,Victory St,Wigston,Leicester,01162663973,Wilson_m4299@ccypo.gov.uk
4300,Ms,Anna w4300,Hotel St,City Centre,Leicester,01162207899,Anna_w4300@sjdey.org
4301,Mr,Wood m4301,Victory St,Birstall,Leicester,01162032255,Wood_m4301@aqxmaac.uk
4302,Ms,Sally w4302,Wharf St,Birstall,Leicester,01162841346,Sally_w4302@ihljj.sch.uk
4303,Mr,Yang m4303,Queens Rd,Wigston,Leicester,01162238085,Yang_m4303@vvejs.gov.uk
4304,Ms,Helen w4304,Hill St,Wigston,Leicester,01162169076,Helen_w4304@jslyn.net
4305,Mr,Liu m4305,Welford Rd,Oadby,Leicester,01162838562,Liu_m4305@rsrzl.net
4306,Ms,Luise w4306,King St,New Park,Leicester,01162633334,Luise_w4306@lypvtco.uk
4307,Mr,Matthew m4307,Gateway St,Birstall,Leicester,01162881437,Matthew_m4307@xhjej.net
4308,Ms,Victory w4308,Newton St,Wigston,Leicester,01162195807,Victory_w4308@amdxl.org
4309,Mr,Bush m4309,Kent St,Wigston,Leicester,01162371904,Bush_m4309@xmqij.gov.uk
4310,Ms,Jenny w4310,Victory St,Birstall,Leicester,01162404013,Jenny_w4310@aipenac.uk
4311,Mr,Lee m4311,Gateway St,Birstall,Leicester,01162292832,Lee_m4311@rlivh.sch.uk
4312,Ms,Lily w4312,Gateway St,West Knighton,Leicester,01162040124,Lily_w4312@imavt.org
4313,Mr,Clinton m4313,King St,Birstall,Leicester,01162071890,Clinton_m4313@wsvppac.uk
4314,Ms,Helen w4314,Granby St,New Park,Leicester,01162477278,Helen_w4314@dmihjco.uk
4315,Mr,Matthew m4315,Hotel St,Wigston,Leicester,01162734188,Matthew_m4315@tpycfac.uk
4316,Ms,Diana w4316,Queens Rd,Oadby,Leicester,01162173769,Diana_w4316@ktlys.sch.uk
4317,Mr,Scott m4317,Hill St,Wigston,Leicester,01162233497,Scott_m4317@cbgrsac.uk
4318,Ms,Anna w4318,Gateway St,West Knighton,Leicester,01162021001,Anna_w4318@lrkec.sch.uk
4319,Mr,Matthew m4319,Welford Rd,Oadby,Leicester,01162229740,Matthew_m4319@gubmi.gov.uk
4320,Ms,Mina w4320,Burton St,Oadby,Leicester,01162265425,Mina_w4320@cimmb.sch.uk
4321,Mr,Wood m4321,Bond St,City Centre,Leicester,01162177628,Wood_m4321@upyau.net
4322,Ms,Victory w4322,Granby St,Birstall,Leicester,01162333479,Victory_w4322@vskff.org
4323,Mr,Yang m4323,Burton St,Birstall,Leicester,01162640492,Yang_m4323@wmcdj.gov.uk
4324,Ms,Helen w4324,Granby St,New Park,Leicester,01162298208,Helen_w4324@jrndp.com
4325,Mr,Smith m4325,Victory St,New Park,Leicester,01162929055,Smith_m4325@vxzceco.uk
4326,Ms,Lora w4326,Oxford St,Birstall,Leicester,01162129614,Lora_w4326@zbgdp.org
4327,Mr,Mohammad m4327,Granby St,West Knighton,Leicester,01162318440,Mohammad_m4327@ezlwjco.uk
4328,Ms,Victory w4328,Welford Rd,Wigston,Leicester,01162824837,Victory_w4328@iqoioco.uk
4329,Mr,Eric m4329,Victory St,Oadby,Leicester,01162051705,Eric_m4329@chvljac.uk
4330,Ms,Tania w4330,King St,Oadby,Leicester,01162499392,Tania_w4330@zcuri.net
4331,Mr,Smith m4331,London Rd,Wigston,Leicester,01162785252,Smith_m4331@cztzyco.uk
4332,Ms,Mina w4332,Ring Rd,New Park,Leicester,01162068568,Mina_w4332@cnzpcco.uk
4333,Mr,Peter m4333,Ring Rd,Oadby,Leicester,01162067106,Peter_m4333@mmybd.sch.uk
4334,Ms,Lily w4334,Hill St,City Centre,Leicester,01162678661,Lily_w4334@aibnnac.uk
4335,Mr,Eric m4335,London Rd,Oadby,Leicester,01162181296,Eric_m4335@odeqkac.uk
4336,Ms,Lily w4336,Hotel St,City Centre,Leicester,01162916068,Lily_w4336@rlwqrco.uk
4337,Mr,Chris m4337,Gateway St,Wigston,Leicester,01162339690,Chris_m4337@umrtr.net
4338,Ms,Anna w4338,Oxford St,Oadby,Leicester,01162387786,Anna_w4338@boswy.com
4339,Mr,Eric m4339,Hill St,Oadby,Leicester,01162775894,Eric_m4339@kwkdkac.uk
4340,Ms,Luise w4340,Newton St,Birstall,Leicester,01162896620,Luise_w4340@owyllac.uk
4341,Mr,Yang m4341,Bond St,Oadby,Leicester,01162063485,Yang_m4341@gmeyu.sch.uk
4342,Ms,Diana w4342,Queens Rd,New Park,Leicester,01162046908,Diana_w4342@yqlrbco.uk
4343,Mr,Wood m4343,Burton St,Birstall,Leicester,01162878062,Wood_m4343@jlnroco.uk
4344,Ms,Ann w4344,Hill St,New Park,Leicester,01162656588,Ann_w4344@bzzikac.uk
4345,Mr,William m4345,Wharf St,Oadby,Leicester,01162342099,William_m4345@ntqfm.sch.uk
4346,Ms,Mina w4346,Hill St,Birstall,Leicester,01162440220,Mina_w4346@ahxbv.org
4347,Mr,Mohammad m4347,King St,New Park,Leicester,01162964415,Mohammad_m4347@kzhmwco.uk
4348,Ms,Lily w4348,London Rd,Wigston,Leicester,01162529092,Lily_w4348@cxvauco.uk
4349,Mr,Lee m4349,Oxford St,Wigston,Leicester,01162745665,Lee_m4349@lbmdz.net
4350,Ms,Ann w4350,Granby St,Wigston,Leicester,01162774662,Ann_w4350@ekmnb.sch.uk
4351,Mr,Clinton m4351,Oxford St,West Knighton,Leicester,01162953775,Clinton_m4351@pqgxyac.uk
4352,Ms,Ann w4352,Welford Rd,Birstall,Leicester,01162372958,Ann_w4352@kytitac.uk
4353,Mr,Zhou m4353,London Rd,Oadby,Leicester,01162878027,Zhou_m4353@ktbjsco.uk
4354,Ms,Hana w4354,Wharf St,City Centre,Leicester,01162864125,Hana_w4354@qepvl.org
4355,Mr,Simon m4355,Hill St,Birstall,Leicester,01162386042,Simon_m4355@ditrn.org
4356,Ms,Diana w4356,Queens Rd,West Knighton,Leicester,01162250454,Diana_w4356@pkvpf.sch.uk
4357,Mr,Lee m4357,Queens Rd,New Park,Leicester,01162953338,Lee_m4357@fqhrq.gov.uk
4358,Ms,Anna w4358,Ring Rd,Wigston,Leicester,01162311249,Anna_w4358@wbeve.com
4359,Mr,Wood m4359,Bond St,Oadby,Leicester,01162756317,Wood_m4359@wthbhco.uk
4360,Ms,Helen w4360,Wharf St,New Park,Leicester,01162547631,Helen_w4360@wqlbn.com
4361,Mr,Simon m4361,Granby St,Wigston,Leicester,01162440178,Simon_m4361@biyjeco.uk
4362,Ms,Sally w4362,Burton St,Birstall,Leicester,01162822710,Sally_w4362@gtevqac.uk
4363,Mr,Matthew m4363,Victory St,Oadby,Leicester,01162380421,Matthew_m4363@xyfvvco.uk
4364,Ms,Ann w4364,Kent St,Oadby,Leicester,01162438192,Ann_w4364@lmocy.org
4365,Mr,Clinton m4365,Oxford St,Oadby,Leicester,01162086012,Clinton_m4365@uqcod.gov.uk
4366,Ms,Lora w4366,Gateway St,Oadby,Leicester,01162729433,Lora_w4366@otxev.sch.uk
4367,Mr,Zhou m4367,Ring Rd,Birstall,Leicester,01162174312,Zhou_m4367@bwzpp.gov.uk
4368,Ms,Jenny w4368,King St,Oadby,Leicester,01162764254,Jenny_w4368@wjjbd.org
4369,Mr,David m4369,King St,New Park,Leicester,01162043930,David_m4369@podiy.gov.uk
4370,Ms,Jenny w4370,Queens Rd,Oadby,Leicester,01162821783,Jenny_w4370@aertm.gov.uk
4371,Mr,Mohammad m4371,Burton St,New Park,Leicester,01162973009,Mohammad_m4371@ibfhqco.uk
4372,Ms,Victory w4372,Gateway St,Birstall,Leicester,01162108502,Victory_w4372@niehvco.uk
4373,Mr,Ben m4373,Hotel St,Birstall,Leicester,01162345458,Ben_m4373@wdhvwco.uk
4374,Ms,Lily w4374,Bond St,New Park,Leicester,01162887264,Lily_w4374@htnrcac.uk
4375,Mr,Yang m4375,Granby St,New Park,Leicester,01162447727,Yang_m4375@gnifhac.uk
4376,Ms,Helen w4376,Hotel St,Wigston,Leicester,01162717434,Helen_w4376@jhfqd.net
4377,Mr,Lee m4377,Kent St,Oadby,Leicester,01162605529,Lee_m4377@lqnaxac.uk
4378,Ms,Anna w4378,Wharf St,Oadby,Leicester,01162782201,Anna_w4378@ttnyi.com
4379,Mr,Wood m4379,Queens Rd,New Park,Leicester,01162726356,Wood_m4379@jckenac.uk
4380,Ms,Ann w4380,Victory St,Oadby,Leicester,01162710932,Ann_w4380@jagpmco.uk
4381,Mr,Wilson m4381,Wharf St,Birstall,Leicester,01162864400,Wilson_m4381@wkygrac.uk
4382,Ms,Diana w4382,Oxford St,Oadby,Leicester,01162122496,Diana_w4382@knkhtac.uk
4383,Mr,Matthew m4383,Burton St,New Park,Leicester,01162714658,Matthew_m4383@dbqsl.sch.uk
4384,Ms,Helen w4384,Hotel St,Wigston,Leicester,01162369250,Helen_w4384@xnpim.org
4385,Mr,Mohammad m4385,Queens Rd,New Park,Leicester,01162442834,Mohammad_m4385@eyczp.gov.uk
4386,Ms,Lily w4386,King St,Birstall,Leicester,01162518261,Lily_w4386@ovveg.net
4387,Mr,Wood m4387,Hotel St,Oadby,Leicester,01162583600,Wood_m4387@hywcl.gov.uk
4388,Ms,Jenny w4388,Hotel St,West Knighton,Leicester,01162861872,Jenny_w4388@ljocw.org
4389,Mr,Wilson m4389,Hotel St,Birstall,Leicester,01162058400,Wilson_m4389@lpqhe.org
4390,Ms,Victory w4390,Hotel St,Oadby,Leicester,01162654212,Victory_w4390@exacp.net
4391,Mr,Matthew m4391,Newton St,New Park,Leicester,01162752055,Matthew_m4391@lksnw.sch.uk
4392,Ms,Jenny w4392,Hill St,Birstall,Leicester,01162077262,Jenny_w4392@udehy.sch.uk
4393,Mr,Dean m4393,Wharf St,Wigston,Leicester,01162097790,Dean_m4393@bistlac.uk
4394,Ms,Ann w4394,Hill St,City Centre,Leicester,01162683485,Ann_w4394@bkrulac.uk
4395,Mr,Wilson m4395,Hotel St,New Park,Leicester,01162077293,Wilson_m4395@keoplac.uk
4396,Ms,Sally w4396,Oxford St,City Centre,Leicester,01162365131,Sally_w4396@ukswe.net
4397,Mr,Dean m4397,Granby St,Birstall,Leicester,01162970719,Dean_m4397@wyqvfac.uk
4398,Ms,Pam w4398,King St,Birstall,Leicester,01162254323,Pam_w4398@pviza.net
4399,Mr,Peter m4399,Queens Rd,New Park,Leicester,01162944092,Peter_m4399@igpqj.gov.uk
4400,Ms,Mina w4400,Bond St,Oadby,Leicester,01162425146,Mina_w4400@mbtpn.sch.uk
4401,Mr,Alex m4401,Welford Rd,West Knighton,Leicester,01162624414,Alex_m4401@njffo.gov.uk
4402,Ms,Victory w4402,Granby St,Wigston,Leicester,01162099936,Victory_w4402@fdsjbco.uk
4403,Mr,Yang m4403,Welford Rd,Oadby,Leicester,01162566017,Yang_m4403@utrpnco.uk
4404,Ms,Sally w4404,Ring Rd,Oadby,Leicester,01162088416,Sally_w4404@jiccu.com
4405,Mr,Bush m4405,Burton St,Wigston,Leicester,01162413315,Bush_m4405@vuvqp.sch.uk
4406,Ms,Pam w4406,Ring Rd,City Centre,Leicester,01162054076,Pam_w4406@hpuam.gov.uk
4407,Mr,David m4407,Queens Rd,Birstall,Leicester,01162242334,David_m4407@wxzyi.sch.uk
4408,Ms,Luise w4408,Newton St,Birstall,Leicester,01162073581,Luise_w4408@gshwlac.uk
4409,Mr,Wood m4409,London Rd,West Knighton,Leicester,01162362994,Wood_m4409@yxfxg.gov.uk
4410,Ms,Jenny w4410,Granby St,Birstall,Leicester,01162631588,Jenny_w4410@qyadxac.uk
4411,Mr,Simon m4411,Bond St,New Park,Leicester,01162919390,Simon_m4411@znezb.com
4412,Ms,Lora w4412,Hotel St,Oadby,Leicester,01162240969,Lora_w4412@fizxeac.uk
4413,Mr,Zhou m4413,Welford Rd,Oadby,Leicester,01162280569,Zhou_m4413@dlpaa.sch.uk
4414,Ms,Jenny w4414,Oxford St,Birstall,Leicester,01162292423,Jenny_w4414@rfvbc.com
4415,Mr,Peter m4415,King St,New Park,Leicester,01162660101,Peter_m4415@sxgia.sch.uk
4416,Ms,Sally w4416,Victory St,Birstall,Leicester,01162022167,Sally_w4416@hrwiqac.uk
4417,Mr,Alex m4417,Queens Rd,City Centre,Leicester,01162057218,Alex_m4417@fhagw.sch.uk
4418,Ms,Hana w4418,London Rd,City Centre,Leicester,01162437230,Hana_w4418@egmmc.sch.uk
4419,Mr,Zhou m4419,Newton St,New Park,Leicester,01162798092,Zhou_m4419@ihnnt.com
4420,Ms,Diana w4420,Queens Rd,Wigston,Leicester,01162355954,Diana_w4420@jbtalco.uk
4421,Mr,William m4421,Ring Rd,Oadby,Leicester,01162085271,William_m4421@scszm.net
4422,Ms,Anna w4422,Kent St,Wigston,Leicester,01162724386,Anna_w4422@aprghco.uk
4423,Mr,Simon m4423,Wharf St,Wigston,Leicester,01162186690,Simon_m4423@lwjowco.uk
4424,Ms,Sally w4424,Welford Rd,City Centre,Leicester,01162727404,Sally_w4424@drmmaac.uk
4425,Mr,Scott m4425,Bond St,West Knighton,Leicester,01162812610,Scott_m4425@pnolc.org
4426,Ms,Chris w4426,Wharf St,New Park,Leicester,01162176030,Chris_w4426@xtblbac.uk
4427,Mr,Clinton m4427,Gateway St,New Park,Leicester,01162228523,Clinton_m4427@gyotp.org
4428,Ms,Mina w4428,Gateway St,West Knighton,Leicester,01162219617,Mina_w4428@tafdxco.uk
4429,Mr,Wilson m4429,Oxford St,Oadby,Leicester,01162359042,Wilson_m4429@cyqis.sch.uk
4430,Ms,Jenny w4430,Victory St,Oadby,Leicester,01162475608,Jenny_w4430@aqaql.sch.uk
4431,Mr,Dean m4431,Bond St,West Knighton,Leicester,01162055200,Dean_m4431@ewbtkac.uk
4432,Ms,Chris w4432,Kent St,City Centre,Leicester,01162491960,Chris_w4432@ddjtcco.uk
4433,Mr,Bush m4433,London Rd,Wigston,Leicester,01162007332,Bush_m4433@jotahco.uk
4434,Ms,Pam w4434,Wharf St,City Centre,Leicester,01162410385,Pam_w4434@kclcmco.uk
4435,Mr,Wood m4435,Welford Rd,Oadby,Leicester,01162251996,Wood_m4435@byelfac.uk
4436,Ms,Jane w4436,Queens Rd,Wigston,Leicester,01162842883,Jane_w4436@ajswt.org
4437,Mr,Matthew m4437,King St,Oadby,Leicester,01162076136,Matthew_m4437@jjvio.sch.uk
4438,Ms,Lora w4438,Welford Rd,New Park,Leicester,01162185053,Lora_w4438@gaayx.org
4439,Mr,Ben m4439,London Rd,New Park,Leicester,01162745647,Ben_m4439@frjyw.org
4440,Ms,Diana w4440,Gateway St,New Park,Leicester,01162192330,Diana_w4440@cgleoac.uk
4441,Mr,Brown m4441,Queens Rd,Wigston,Leicester,01162610140,Brown_m4441@wefwv.net
4442,Ms,Luise w4442,Welford Rd,Wigston,Leicester,01162908173,Luise_w4442@sfjkuac.uk
4443,Mr,Brown m4443,Bond St,Wigston,Leicester,01162045330,Brown_m4443@jnzczac.uk
4444,Ms,Tania w4444,Ring Rd,Birstall,Leicester,01162804994,Tania_w4444@qkqeaac.uk
4445,Mr,Chris m4445,Bond St,Oadby,Leicester,01162500786,Chris_m4445@lgufi.org
4446,Ms,Anna w4446,Queens Rd,City Centre,Leicester,01162209786,Anna_w4446@jraif.org
4447,Mr,Smith m4447,London Rd,Birstall,Leicester,01162731182,Smith_m4447@bcvsb.sch.uk
4448,Ms,Jane w4448,King St,West Knighton,Leicester,01162370005,Jane_w4448@mftkwac.uk
4449,Mr,Eric m4449,Newton St,Wigston,Leicester,01162272672,Eric_m4449@iqcsq.net
4450,Ms,Victory w4450,Victory St,Wigston,Leicester,01162264652,Victory_w4450@jcdmj.org
4451,Mr,Zhou m4451,Granby St,West Knighton,Leicester,01162563307,Zhou_m4451@amevc.org
4452,Ms,Victory w4452,Burton St,Birstall,Leicester,01162535960,Victory_w4452@evjujco.uk
4453,Mr,Clinton m4453,Victory St,Birstall,Leicester,01162855363,Clinton_m4453@tzfevco.uk
4454,Ms,Sally w4454,Oxford St,Oadby,Leicester,01162397181,Sally_w4454@mftkw.com
4455,Mr,Clinton m4455,Wharf St,Oadby,Leicester,01162301859,Clinton_m4455@nijqd.sch.uk
4456,Ms,Diana w4456,Granby St,Oadby,Leicester,01162860218,Diana_w4456@mfpnu.sch.uk
4457,Mr,Wood m4457,Bond St,West Knighton,Leicester,01162733195,Wood_m4457@sjcjlco.uk
4458,Ms,Lily w4458,Hill St,West Knighton,Leicester,01162905127,Lily_w4458@ebiau.org
4459,Mr,Matthew m4459,Ring Rd,New Park,Leicester,01162545783,Matthew_m4459@gpvqq.net
4460,Ms,Luise w4460,Hill St,City Centre,Leicester,01162801470,Luise_w4460@bqlwd.com
4461,Mr,David m4461,Burton St,New Park,Leicester,01162750702,David_m4461@mqvsx.com
4462,Ms,Mina w4462,Wharf St,Oadby,Leicester,01162882899,Mina_w4462@trpyico.uk
4463,Mr,Mohammad m4463,Wharf St,Oadby,Leicester,01162905331,Mohammad_m4463@lvtni.sch.uk
4464,Ms,Pam w4464,Burton St,Birstall,Leicester,01162423446,Pam_w4464@ohabn.sch.uk
4465,Mr,Watson m4465,Hotel St,New Park,Leicester,01162287365,Watson_m4465@szhzf.gov.uk
4466,Ms,Lora w4466,Bond St,Wigston,Leicester,01162841844,Lora_w4466@nozry.org
4467,Mr,Lee m4467,Queens Rd,City Centre,Leicester,01162698019,Lee_m4467@ksnmj.sch.uk
4468,Ms,Jane w4468,Wharf St,New Park,Leicester,01162879277,Jane_w4468@qbnuxac.uk
4469,Mr,William m4469,Gateway St,New Park,Leicester,01162842400,William_m4469@oiaxzco.uk
4470,Ms,Luise w4470,Hill St,New Park,Leicester,01162484784,Luise_w4470@dzowz.org
4471,Mr,Watson m4471,Hotel St,West Knighton,Leicester,01162668512,Watson_m4471@ekoae.net
4472,Ms,Diana w4472,Hotel St,Oadby,Leicester,01162101182,Diana_w4472@vopvk.com
4473,Mr,Alex m4473,Newton St,Oadby,Leicester,01162654795,Alex_m4473@wkdeeco.uk
4474,Ms,Ann w4474,Burton St,Wigston,Leicester,01162204253,Ann_w4474@fshmf.net
4475,Mr,Simon m4475,Ring Rd,Oadby,Leicester,01162796174,Simon_m4475@nfztcac.uk
4476,Ms,Mina w4476,Hill St,Birstall,Leicester,01162567992,Mina_w4476@cxeiy.org
4477,Mr,Mohammad m4477,Victory St,City Centre,Leicester,01162415846,Mohammad_m4477@lqyvjco.uk
4478,Ms,Mina w4478,Queens Rd,Wigston,Leicester,01162702841,Mina_w4478@rlhch.org
4479,Mr,Eric m4479,Gateway St,New Park,Leicester,01162128103,Eric_m4479@esyhk.org
4480,Ms,Pam w4480,Welford Rd,Wigston,Leicester,01162765069,Pam_w4480@avxfeco.uk
4481,Mr,Brown m4481,Oxford St,West Knighton,Leicester,01162765314,Brown_m4481@ltzvk.net
4482,Ms,Hana w4482,Newton St,New Park,Leicester,01162764050,Hana_w4482@ppowh.sch.uk
4483,Mr,Chris m4483,Hill St,City Centre,Leicester,01162520683,Chris_m4483@nfvgi.gov.uk
4484,Ms,Lora w4484,Granby St,Birstall,Leicester,01162112619,Lora_w4484@mpbin.gov.uk
4485,Mr,Wood m4485,Bond St,City Centre,Leicester,01162910876,Wood_m4485@zivyl.org
4486,Ms,Lora w4486,Hotel St,Oadby,Leicester,01162193049,Lora_w4486@cfilr.net
4487,Mr,Brown m4487,Queens Rd,New Park,Leicester,01162692462,Brown_m4487@lulbw.sch.uk
4488,Ms,Mina w4488,Newton St,New Park,Leicester,01162434187,Mina_w4488@dqtpoac.uk
4489,Mr,Simon m4489,London Rd,Oadby,Leicester,01162300013,Simon_m4489@acdbo.sch.uk
4490,Ms,Anna w4490,Queens Rd,Oadby,Leicester,01162478102,Anna_w4490@qtuit.gov.uk
4491,Mr,Peter m4491,Queens Rd,Wigston,Leicester,01162892858,Peter_m4491@nkfey.org
4492,Ms,Sally w4492,Hotel St,New Park,Leicester,01162983226,Sally_w4492@gbpwu.org
4493,Mr,Wilson m4493,Newton St,Oadby,Leicester,01162014623,Wilson_m4493@xdvrv.org
4494,Ms,Helen w4494,Hotel St,Wigston,Leicester,01162465962,Helen_w4494@jzjhyco.uk
4495,Mr,Matthew m4495,Granby St,Birstall,Leicester,01162036214,Matthew_m4495@cpyxu.com
4496,Ms,Jenny w4496,Kent St,Wigston,Leicester,01162790332,Jenny_w4496@kmtbz.sch.uk
4497,Mr,Peter m4497,Queens Rd,Wigston,Leicester,01162889264,Peter_m4497@cbgtuco.uk
4498,Ms,Victory w4498,Wharf St,Birstall,Leicester,01162514839,Victory_w4498@yyenzco.uk
4499,Mr,David m4499,Hotel St,Oadby,Leicester,01162082552,David_m4499@vvehd.gov.uk
4500,Ms,Helen w4500,Wharf St,New Park,Leicester,01162830963,Helen_w4500@insiz.gov.uk
4501,Mr,Mohammad m4501,Queens Rd,Birstall,Leicester,01162181935,Mohammad_m4501@ijgco.org
4502,Ms,Sally w4502,Hotel St,Oadby,Leicester,01162417876,Sally_w4502@ajcgc.gov.uk
4503,Mr,Bush m4503,London Rd,City Centre,Leicester,01162010187,Bush_m4503@efkbu.sch.uk
4504,Ms,Jenny w4504,London Rd,Oadby,Leicester,01162560512,Jenny_w4504@aresv.org
4505,Mr,Yang m4505,Wharf St,Wigston,Leicester,01162718733,Yang_m4505@qicdh.sch.uk
4506,Ms,Ann w4506,Queens Rd,New Park,Leicester,01162816120,Ann_w4506@dbyutco.uk
4507,Mr,Matthew m4507,Burton St,Birstall,Leicester,01162944900,Matthew_m4507@xzeynac.uk
4508,Ms,Anna w4508,Kent St,New Park,Leicester,01162346986,Anna_w4508@ilyce.org
4509,Mr,Dean m4509,Bond St,Birstall,Leicester,01162480927,Dean_m4509@ugcpx.org
4510,Ms,Helen w4510,Ring Rd,Wigston,Leicester,01162138433,Helen_w4510@udbrjac.uk
4511,Mr,Chris m4511,Hill St,Oadby,Leicester,01162051215,Chris_m4511@payjgac.uk
4512,Ms,Helen w4512,Welford Rd,Birstall,Leicester,01162655638,Helen_w4512@huyxz.com
4513,Mr,Yang m4513,Wharf St,Oadby,Leicester,01162486194,Yang_m4513@dheksac.uk
4514,Ms,Lora w4514,Wharf St,Birstall,Leicester,01162053842,Lora_w4514@lcceq.net
4515,Mr,Watson m4515,Hill St,City Centre,Leicester,01162337771,Watson_m4515@yfsnf.sch.uk
4516,Ms,Helen w4516,Burton St,Wigston,Leicester,01162298720,Helen_w4516@lqkxgac.uk
4517,Mr,Lee m4517,Gateway St,Birstall,Leicester,01162593374,Lee_m4517@hhzhy.org
4518,Ms,Jenny w4518,Granby St,New Park,Leicester,01162045448,Jenny_w4518@amodc.org
4519,Mr,Zhou m4519,King St,Birstall,Leicester,01162554019,Zhou_m4519@pitodac.uk
4520,Ms,Lily w4520,Queens Rd,City Centre,Leicester,01162417211,Lily_w4520@bbttb.net
4521,Mr,Wood m4521,Welford Rd,West Knighton,Leicester,01162369384,Wood_m4521@jqpqoco.uk
4522,Ms,Lily w4522,Granby St,Birstall,Leicester,01162643713,Lily_w4522@xolqj.org
4773,Mr,Dean m4773,Granby St,City Centre,Leicester,01162058663,Dean_m4773@pxcieco.uk
4774,Ms,Chris w4774,Burton St,New Park,Leicester,01162446886,Chris_w4774@joejrco.uk
4775,Mr,Bush m4775,Welford Rd,West Knighton,Leicester,01162149828,Bush_m4775@hdzmiac.uk
4776,Ms,Ann w4776,Ring Rd,Birstall,Leicester,01162877760,Ann_w4776@jxlqrco.uk
4777,Mr,Bush m4777,Ring Rd,Wigston,Leicester,01162435658,Bush_m4777@pgwwc.org
4778,Ms,Ann w4778,Ring Rd,Wigston,Leicester,01162187266,Ann_w4778@mkytcco.uk
4779,Mr,Wood m4779,Kent St,Wigston,Leicester,01162885916,Wood_m4779@czgac.org
4780,Ms,Lora w4780,Granby St,Oadby,Leicester,01162173333,Lora_w4780@kwzoj.gov.uk
4781,Mr,Simon m4781,Queens Rd,Oadby,Leicester,01162694359,Simon_m4781@dkmmv.net
4782,Ms,Pam w4782,Hotel St,New Park,Leicester,01162034262,Pam_w4782@vhzsj.sch.uk
4783,Mr,Wood m4783,Gateway St,Oadby,Leicester,01162930079,Wood_m4783@pmwssac.uk
4784,Ms,Jenny w4784,Newton St,Oadby,Leicester,01162084086,Jenny_w4784@wggoyac.uk
4785,Mr,Dean m4785,Wharf St,New Park,Leicester,01162765234,Dean_m4785@mloaxac.uk
4786,Ms,Hana w4786,Hill St,New Park,Leicester,01162635850,Hana_w4786@pojes.net
4787,Mr,Ben m4787,Victory St,City Centre,Leicester,01162131903,Ben_m4787@nwwdc.sch.uk
4788,Ms,Mina w4788,Gateway St,Wigston,Leicester,01162599530,Mina_w4788@xdonh.net
4789,Mr,Alex m4789,Hotel St,New Park,Leicester,01162991302,Alex_m4789@nmsroac.uk
4790,Ms,Chris w4790,Welford Rd,Birstall,Leicester,01162461785,Chris_w4790@ujwfgco.uk
4791,Mr,Clinton m4791,Welford Rd,West Knighton,Leicester,01162180572,Clinton_m4791@bjorn.net
4792,Ms,Luise w4792,Hotel St,City Centre,Leicester,01162088900,Luise_w4792@wlfzu.com
4793,Mr,Yang m4793,Gateway St,Wigston,Leicester,01162405082,Yang_m4793@vrmwp.gov.uk
4794,Ms,Chris w4794,Hill St,New Park,Leicester,01162642011,Chris_w4794@kqfwg.com
4795,Mr,Lee m4795,Oxford St,New Park,Leicester,01162471879,Lee_m4795@tntbg.sch.uk
4796,Ms,Helen w4796,Hotel St,New Park,Leicester,01162777778,Helen_w4796@csxqs.sch.uk
4797,Mr,Matthew m4797,Queens Rd,Birstall,Leicester,01162973497,Matthew_m4797@eumwj.sch.uk
4798,Ms,Chris w4798,Victory St,Birstall,Leicester,01162933871,Chris_w4798@hkelo.org
4799,Mr,Yang m4799,Hotel St,City Centre,Leicester,01162193018,Yang_m4799@pazcj.com
4800,Ms,Victory w4800,Bond St,West Knighton,Leicester,01162337243,Victory_w4800@okddy.gov.uk
4801,Mr,Watson m4801,Newton St,Birstall,Leicester,01162514216,Watson_m4801@ytkuz.net
4802,Ms,Helen w4802,Granby St,West Knighton,Leicester,01162097005,Helen_w4802@eqbwnco.uk
4803,Mr,Smith m4803,Hotel St,Birstall,Leicester,01162650018,Smith_m4803@ciijx.net
4804,Ms,Lora w4804,Oxford St,Wigston,Leicester,01162647862,Lora_w4804@eeaev.sch.uk
4805,Mr,Eric m4805,Granby St,Wigston,Leicester,01162068320,Eric_m4805@klnouac.uk
4806,Ms,Sally w4806,Victory St,Birstall,Leicester,01162683408,Sally_w4806@zjokq.gov.uk
4807,Mr,Wilson m4807,Granby St,Birstall,Leicester,01162647822,Wilson_m4807@cbtyv.sch.uk
4808,Ms,Pam w4808,Hotel St,Wigston,Leicester,01162258695,Pam_w4808@bgtcx.gov.uk
4809,Mr,Liu m4809,Ring Rd,New Park,Leicester,01162009545,Liu_m4809@tryfq.gov.uk
4810,Ms,Lora w4810,Bond St,West Knighton,Leicester,01162548447,Lora_w4810@pwtll.org
4811,Mr,Liu m4811,Ring Rd,Oadby,Leicester,01162654595,Liu_m4811@yyhwm.org
4812,Ms,Lora w4812,Granby St,Wigston,Leicester,01162807666,Lora_w4812@iplgpac.uk
4813,Mr,Mohammad m4813,Wharf St,New Park,Leicester,01162711863,Mohammad_m4813@memiu.com
4814,Ms,Mina w4814,Victory St,City Centre,Leicester,01162582374,Mina_w4814@qidum.org
4815,Mr,Chris m4815,Gateway St,Oadby,Leicester,01162333730,Chris_m4815@zxqjwac.uk
4816,Ms,Helen w4816,Gateway St,Birstall,Leicester,01162161707,Helen_w4816@yshhb.net
4817,Mr,Peter m4817,Hill St,Oadby,Leicester,01162803174,Peter_m4817@mmaee.sch.uk
4818,Ms,Jenny w4818,Bond St,Wigston,Leicester,01162543199,Jenny_w4818@iljimac.uk
4819,Mr,Scott m4819,Gateway St,Wigston,Leicester,01162206264,Scott_m4819@qscxq.org
4820,Ms,Anna w4820,Hill St,West Knighton,Leicester,01162278906,Anna_w4820@fstpt.net
4821,Mr,Liu m4821,Gateway St,Oadby,Leicester,01162816906,Liu_m4821@gmfbs.net
4822,Ms,Helen w4822,Hotel St,New Park,Leicester,01162172758,Helen_w4822@jsqfs.net
4823,Mr,Clinton m4823,Hotel St,Wigston,Leicester,01162758192,Clinton_m4823@tvhlpac.uk
4824,Ms,Anna w4824,Bond St,Birstall,Leicester,01162414294,Anna_w4824@ymvwz.net
4825,Mr,Liu m4825,Victory St,New Park,Leicester,01162535887,Liu_m4825@awvhuac.uk
4826,Ms,Ann w4826,London Rd,Birstall,Leicester,01162502882,Ann_w4826@rheiy.sch.uk
4827,Mr,Simon m4827,Wharf St,City Centre,Leicester,01162645950,Simon_m4827@hnggm.sch.uk
4828,Ms,Helen w4828,Newton St,Wigston,Leicester,01162461044,Helen_w4828@qaosm.net
4829,Mr,Bush m4829,Hotel St,Wigston,Leicester,01162308831,Bush_m4829@asyuh.net
4830,Ms,Pam w4830,King St,Oadby,Leicester,01162808941,Pam_w4830@yuflfac.uk
4831,Mr,William m4831,King St,New Park,Leicester,01162976915,William_m4831@enkik.org
4832,Ms,Hana w4832,Granby St,Birstall,Leicester,01162954016,Hana_w4832@qcrpt.net
4833,Mr,Lee m4833,Oxford St,New Park,Leicester,01162678425,Lee_m4833@isgfh.org
4834,Ms,Sally w4834,Queens Rd,Birstall,Leicester,01162892598,Sally_w4834@wrfohco.uk
4835,Mr,Liu m4835,Victory St,New Park,Leicester,01162184116,Liu_m4835@qyvkv.org
4836,Ms,Pam w4836,King St,Birstall,Leicester,01162267158,Pam_w4836@trscpco.uk
4837,Mr,Watson m4837,Welford Rd,Birstall,Leicester,01162055507,Watson_m4837@vagnr.org
4838,Ms,Luise w4838,Ring Rd,New Park,Leicester,01162428187,Luise_w4838@ooyns.gov.uk
4839,Mr,Lee m4839,Newton St,Birstall,Leicester,01162704626,Lee_m4839@hkgir.org
4840,Ms,Pam w4840,Hill St,Birstall,Leicester,01162716431,Pam_w4840@nbjfd.net
4841,Mr,Alex m4841,Oxford St,New Park,Leicester,01162150409,Alex_m4841@vgwfx.sch.uk
4842,Ms,Victory w4842,Bond St,New Park,Leicester,01162413234,Victory_w4842@cvmqp.net
4843,Mr,Alex m4843,Kent St,West Knighton,Leicester,01162740009,Alex_m4843@znsyf.org
4844,Ms,Luise w4844,Ring Rd,New Park,Leicester,01162294789,Luise_w4844@tcykbac.uk
4845,Mr,Liu m4845,London Rd,Wigston,Leicester,01162788638,Liu_m4845@yjbba.net
4846,Ms,Anna w4846,King St,Wigston,Leicester,01162430874,Anna_w4846@lnxcg.sch.uk
4847,Mr,Peter m4847,Wharf St,City Centre,Leicester,01162322624,Peter_m4847@rjuck.gov.uk
4848,Ms,Anna w4848,Ring Rd,Wigston,Leicester,01162974403,Anna_w4848@gunqj.sch.uk
4849,Mr,Ben m4849,Gateway St,Oadby,Leicester,01162994949,Ben_m4849@ujnys.org
4850,Ms,Mina w4850,Bond St,Wigston,Leicester,01162029228,Mina_w4850@lxkikco.uk
4851,Mr,Simon m4851,Wharf St,Wigston,Leicester,01162642348,Simon_m4851@ibfnb.gov.uk
4852,Ms,Mina w4852,Queens Rd,Wigston,Leicester,01162890647,Mina_w4852@qenrc.net
4853,Mr,David m4853,London Rd,Oadby,Leicester,01162454354,David_m4853@chyzt.net
4854,Ms,Mina w4854,Gateway St,Birstall,Leicester,01162717756,Mina_w4854@vuxmcco.uk
4855,Mr,Zhou m4855,Hotel St,Wigston,Leicester,01162937357,Zhou_m4855@eppyp.sch.uk
4856,Ms,Hana w4856,Kent St,Wigston,Leicester,01162583707,Hana_w4856@moifo.org
4857,Mr,Chris m4857,Bond St,Birstall,Leicester,01162452966,Chris_m4857@iutjj.sch.uk
4858,Ms,Anna w4858,Burton St,Oadby,Leicester,01162616372,Anna_w4858@bdexh.sch.uk
4859,Mr,Scott m4859,Ring Rd,Wigston,Leicester,01162043695,Scott_m4859@jpwxm.org
4860,Ms,Mina w4860,Queens Rd,Birstall,Leicester,01162411765,Mina_w4860@rixxr.gov.uk
4861,Mr,Alex m4861,King St,Wigston,Leicester,01162516752,Alex_m4861@fhyqv.com
4862,Ms,Tania w4862,Welford Rd,Birstall,Leicester,01162287366,Tania_w4862@mvtczco.uk
4863,Mr,Clinton m4863,Queens Rd,Oadby,Leicester,01162882785,Clinton_m4863@swhdn.sch.uk
4864,Ms,Ann w4864,Ring Rd,New Park,Leicester,01162625137,Ann_w4864@ojjjr.net
4865,Mr,Lee m4865,Victory St,Wigston,Leicester,01162374685,Lee_m4865@enpjr.net
4866,Ms,Luise w4866,King St,City Centre,Leicester,01162497955,Luise_w4866@juswu.sch.uk
4867,Mr,Clinton m4867,Bond St,New Park,Leicester,01162942632,Clinton_m4867@dgyasac.uk
4868,Ms,Diana w4868,Granby St,Wigston,Leicester,01162831090,Diana_w4868@weicy.gov.uk
4869,Mr,Mohammad m4869,Hill St,Wigston,Leicester,01162865186,Mohammad_m4869@tjkmx.sch.uk
4870,Ms,Ann w4870,Gateway St,Oadby,Leicester,01162533787,Ann_w4870@mutvlac.uk
4871,Mr,Liu m4871,Queens Rd,Birstall,Leicester,01162348632,Liu_m4871@eijcv.net
4872,Ms,Lily w4872,King St,New Park,Leicester,01162791788,Lily_w4872@ghhwrac.uk
4873,Mr,Zhou m4873,Oxford St,New Park,Leicester,01162988233,Zhou_m4873@wqppb.net
4874,Ms,Victory w4874,Kent St,City Centre,Leicester,01162141463,Victory_w4874@zengt.sch.uk
4875,Mr,Bush m4875,Wharf St,New Park,Leicester,01162068527,Bush_m4875@lwvie.sch.uk
4876,Ms,Diana w4876,Granby St,Oadby,Leicester,01162459249,Diana_w4876@hjuqico.uk
4877,Mr,Simon m4877,Oxford St,Oadby,Leicester,01162018607,Simon_m4877@akhjt.net
4878,Ms,Tania w4878,Burton St,West Knighton,Leicester,01162578828,Tania_w4878@zrqfu.org
4879,Mr,Lee m4879,Burton St,Oadby,Leicester,01162519640,Lee_m4879@wmqcrac.uk
4880,Ms,Victory w4880,Gateway St,Wigston,Leicester,01162707631,Victory_w4880@exyzx.org
4881,Mr,Clinton m4881,Burton St,City Centre,Leicester,01162596494,Clinton_m4881@bmbjh.org
4882,Ms,Ann w4882,London Rd,New Park,Leicester,01162734256,Ann_w4882@nkuaf.net
4883,Mr,Peter m4883,Ring Rd,New Park,Leicester,01162439519,Peter_m4883@ewoemco.uk
4884,Ms,Mina w4884,Wharf St,Wigston,Leicester,01162963514,Mina_w4884@zgeeaac.uk
4885,Mr,Ben m4885,Burton St,Oadby,Leicester,01162174037,Ben_m4885@pdsxaco.uk
4886,Ms,Helen w4886,Gateway St,Wigston,Leicester,01162686664,Helen_w4886@zonvi.org
4887,Mr,Liu m4887,Ring Rd,Oadby,Leicester,01162781720,Liu_m4887@cdwgyac.uk
4888,Ms,Anna w4888,Oxford St,City Centre,Leicester,01162687051,Anna_w4888@dhlll.org
4889,Mr,Lee m4889,Burton St,Birstall,Leicester,01162032712,Lee_m4889@urfmg.net
4890,Ms,Ann w4890,Gateway St,Oadby,Leicester,01162677605,Ann_w4890@wiiof.net
4891,Mr,Liu m4891,Queens Rd,West Knighton,Leicester,01162546069,Liu_m4891@jdqos.gov.uk
4892,Ms,Hana w4892,Oxford St,New Park,Leicester,01162162173,Hana_w4892@ruwws.org
4893,Mr,Scott m4893,Victory St,City Centre,Leicester,01162192054,Scott_m4893@uglaa.sch.uk
4894,Ms,Lily w4894,Ring Rd,Birstall,Leicester,01162441581,Lily_w4894@ptmsb.org
4895,Mr,Smith m4895,Wharf St,Birstall,Leicester,01162206150,Smith_m4895@kfsud.net
4896,Ms,Ann w4896,King St,City Centre,Leicester,01162578008,Ann_w4896@ullad.sch.uk
4897,Mr,Peter m4897,Hill St,Oadby,Leicester,01162085901,Peter_m4897@qmjxk.org
4898,Ms,Jane w4898,Wharf St,Birstall,Leicester,01162500450,Jane_w4898@fvosh.net
4899,Mr,Yang m4899,Bond St,New Park,Leicester,01162576094,Yang_m4899@bwrvkac.uk
4900,Ms,Luise w4900,Ring Rd,Wigston,Leicester,01162667504,Luise_w4900@byjjfco.uk
4901,Mr,Alex m4901,Ring Rd,City Centre,Leicester,01162770652,Alex_m4901@jiafp.org
4902,Ms,Helen w4902,Wharf St,New Park,Leicester,01162849293,Helen_w4902@wxzba.org
4903,Mr,David m4903,Gateway St,Oadby,Leicester,01162532433,David_m4903@adhny.com
4904,Ms,Lily w4904,Hill St,West Knighton,Leicester,01162365286,Lily_w4904@jpiyg.net
4905,Mr,Lee m4905,Welford Rd,West Knighton,Leicester,01162083348,Lee_m4905@zekvy.org
4906,Ms,Jenny w4906,Victory St,Birstall,Leicester,01162371351,Jenny_w4906@lzhjg.net
4907,Mr,Simon m4907,Victory St,New Park,Leicester,01162035451,Simon_m4907@oaeok.net
4908,Ms,Sally w4908,Newton St,New Park,Leicester,01162178268,Sally_w4908@buxhz.sch.uk
4909,Mr,Eric m4909,Victory St,Oadby,Leicester,01162991797,Eric_m4909@kvakjac.uk
4910,Ms,Jenny w4910,Oxford St,Oadby,Leicester,01162009573,Jenny_w4910@fetwx.net
4911,Mr,Alex m4911,London Rd,New Park,Leicester,01162429949,Alex_m4911@amldc.org
4912,Ms,Jenny w4912,Wharf St,Wigston,Leicester,01162211018,Jenny_w4912@slbdpco.uk
4913,Mr,Dean m4913,Bond St,Wigston,Leicester,01162816307,Dean_m4913@mbigdco.uk
4914,Ms,Victory w4914,Granby St,Birstall,Leicester,01162460833,Victory_w4914@mrujf.sch.uk
4915,Mr,Chris m4915,Bond St,Oadby,Leicester,01162610972,Chris_m4915@hlzpa.com
4916,Ms,Ann w4916,Ring Rd,Birstall,Leicester,01162631612,Ann_w4916@unxqh.org
4917,Mr,Wood m4917,Gateway St,New Park,Leicester,01162376759,Wood_m4917@xobrg.sch.uk
4918,Ms,Luise w4918,Hotel St,West Knighton,Leicester,01162006597,Luise_w4918@ecmoz.sch.uk
4919,Mr,Matthew m4919,King St,City Centre,Leicester,01162511565,Matthew_m4919@exmtn.org
4920,Ms,Pam w4920,Wharf St,Oadby,Leicester,01162052548,Pam_w4920@ztosp.gov.uk
4921,Mr,Brown m4921,Ring Rd,New Park,Leicester,01162931988,Brown_m4921@yxypxac.uk
4922,Ms,Chris w4922,Gateway St,Oadby,Leicester,01162029048,Chris_w4922@quhov.com
4923,Mr,Bush m4923,Welford Rd,Oadby,Leicester,01162718147,Bush_m4923@zxprm.gov.uk
4924,Ms,Luise w4924,Kent St,New Park,Leicester,01162291918,Luise_w4924@nieod.com
4925,Mr,Dean m4925,Gateway St,New Park,Leicester,01162874993,Dean_m4925@yphge.sch.uk
4926,Ms,Helen w4926,Hill St,Birstall,Leicester,01162021195,Helen_w4926@ccgjyco.uk
4927,Mr,Zhou m4927,King St,Birstall,Leicester,01162097388,Zhou_m4927@xjunoco.uk
4928,Ms,Luise w4928,Bond St,Birstall,Leicester,01162065652,Luise_w4928@bzhspco.uk
4929,Mr,Yang m4929,Gateway St,New Park,Leicester,01162387683,Yang_m4929@jzprk.com
4930,Ms,Anna w4930,Welford Rd,Oadby,Leicester,01162235095,Anna_w4930@dctfm.sch.uk
4931,Mr,Eric m4931,Oxford St,Birstall,Leicester,01162800651,Eric_m4931@avskn.net
4932,Ms,Mina w4932,Oxford St,Birstall,Leicester,01162390780,Mina_w4932@zgmfi.sch.uk
4933,Mr,Yang m4933,King St,Oadby,Leicester,01162282572,Yang_m4933@bfnpy.gov.uk
4934,Ms,Jane w4934,Wharf St,Wigston,Leicester,01162785749,Jane_w4934@bemxc.org
4935,Mr,Ben m4935,Queens Rd,New Park,Leicester,01162643764,Ben_m4935@pcpem.org
4936,Ms,Hana w4936,London Rd,New Park,Leicester,01162830701,Hana_w4936@uzvfv.sch.uk
4937,Mr,Yang m4937,Welford Rd,Oadby,Leicester,01162432028,Yang_m4937@xkfqsac.uk
4938,Ms,Luise w4938,Hotel St,West Knighton,Leicester,01162332988,Luise_w4938@oqxpc.sch.uk
4939,Mr,Chris m4939,Hotel St,Wigston,Leicester,01162980167,Chris_m4939@fulrk.net
4940,Ms,Sally w4940,Ring Rd,Wigston,Leicester,01162746983,Sally_w4940@tligf.sch.uk
4941,Mr,Chris m4941,Granby St,Wigston,Leicester,01162818239,Chris_m4941@czgax.net
4942,Ms,Helen w4942,Welford Rd,Wigston,Leicester,01162127991,Helen_w4942@pmgscac.uk
4943,Mr,Wilson m4943,Kent St,Birstall,Leicester,01162140956,Wilson_m4943@sstjvco.uk
4944,Ms,Diana w4944,Victory St,Wigston,Leicester,01162445548,Diana_w4944@ekdnlac.uk
4945,Mr,Smith m4945,Queens Rd,New Park,Leicester,01162347925,Smith_m4945@vdyib.org
4946,Ms,Anna w4946,Queens Rd,Oadby,Leicester,01162056164,Anna_w4946@khwbc.sch.uk
4947,Mr,Alex m4947,Ring Rd,New Park,Leicester,01162598660,Alex_m4947@pgmll.net
4948,Ms,Hana w4948,Hotel St,Birstall,Leicester,01162345674,Hana_w4948@wgkus.org
4949,Mr,Peter m4949,Oxford St,New Park,Leicester,01162646650,Peter_m4949@hbvtx.sch.uk
4950,Ms,Hana w4950,Bond St,Oadby,Leicester,01162015455,Hana_w4950@mzqoh.org
4951,Mr,Peter m4951,Welford Rd,Wigston,Leicester,01162023165,Peter_m4951@kqpddco.uk
4952,Ms,Luise w4952,Ring Rd,Wigston,Leicester,01162280674,Luise_w4952@kazekco.uk
4953,Mr,Matthew m4953,Ring Rd,Oadby,Leicester,01162984686,Matthew_m4953@qmpcc.net
4954,Ms,Mina w4954,Granby St,New Park,Leicester,01162909019,Mina_w4954@ojdsq.sch.uk
4955,Mr,Smith m4955,Kent St,Wigston,Leicester,01162242536,Smith_m4955@tsmdi.sch.uk
4956,Ms,Jenny w4956,Bond St,Oadby,Leicester,01162173291,Jenny_w4956@hjtul.sch.uk
4957,Mr,Bush m4957,Oxford St,Oadby,Leicester,01162157314,Bush_m4957@pyssb.gov.uk
4958,Ms,Mina w4958,Ring Rd,Birstall,Leicester,01162511801,Mina_w4958@pcuxm.net
4959,Mr,Chris m4959,Welford Rd,Wigston,Leicester,01162466959,Chris_m4959@chzkp.net
4960,Ms,Lily w4960,Ring Rd,City Centre,Leicester,01162522366,Lily_w4960@krzto.sch.uk
4961,Mr,Clinton m4961,Granby St,Wigston,Leicester,01162397650,Clinton_m4961@uszrhco.uk
4962,Ms,Anna w4962,Welford Rd,City Centre,Leicester,01162375026,Anna_w4962@hdsbkco.uk
4963,Mr,Liu m4963,Gateway St,Wigston,Leicester,01162148635,Liu_m4963@fobzyac.uk
4964,Ms,Anna w4964,Victory St,Wigston,Leicester,01162512392,Anna_w4964@edrvr.com
4965,Mr,Zhou m4965,Welford Rd,Wigston,Leicester,01162285234,Zhou_m4965@xghcx.net
4966,Ms,Luise w4966,Hotel St,Wigston,Leicester,01162181396,Luise_w4966@coeec.gov.uk
4967,Mr,Ben m4967,King St,West Knighton,Leicester,01162740332,Ben_m4967@thgbe.org
4968,Ms,Lily w4968,Hill St,City Centre,Leicester,01162699514,Lily_w4968@kzvph.sch.uk
4969,Mr,Matthew m4969,Newton St,New Park,Leicester,01162061248,Matthew_m4969@mgetv.net
4970,Ms,Lily w4970,Gateway St,City Centre,Leicester,01162869544,Lily_w4970@kpzjc.org
4971,Mr,Dean m4971,Wharf St,New Park,Leicester,01162824794,Dean_m4971@yqdub.net
4972,Ms,Ann w4972,Burton St,City Centre,Leicester,01162950945,Ann_w4972@xenwuac.uk
4973,Mr,Peter m4973,Ring Rd,New Park,Leicester,01162816669,Peter_m4973@nxfrq.net
4974,Ms,Lily w4974,Burton St,Birstall,Leicester,01162860431,Lily_w4974@rgsnk.gov.uk
4975,Mr,Wood m4975,Hill St,City Centre,Leicester,01162852506,Wood_m4975@wpove.net
4976,Ms,Anna w4976,Burton St,City Centre,Leicester,01162599738,Anna_w4976@icpfy.gov.uk
4977,Mr,Eric m4977,Oxford St,City Centre,Leicester,01162841669,Eric_m4977@lnmkr.sch.uk
4978,Ms,Pam w4978,Burton St,New Park,Leicester,01162220072,Pam_w4978@bxzyp.sch.uk
4979,Mr,Matthew m4979,Granby St,Birstall,Leicester,01162140686,Matthew_m4979@ckttp.sch.uk
4980,Ms,Mina w4980,Victory St,West Knighton,Leicester,01162367760,Mina_w4980@osopp.gov.uk
4981,Mr,Yang m4981,Gateway St,New Park,Leicester,01162937439,Yang_m4981@qevmoac.uk
4982,Ms,Hana w4982,Burton St,West Knighton,Leicester,01162691954,Hana_w4982@puafvco.uk
4983,Mr,Wilson m4983,Wharf St,New Park,Leicester,01162114782,Wilson_m4983@otbgh.com
4984,Ms,Hana w4984,Ring Rd,Wigston,Leicester,01162547915,Hana_w4984@rnpsdac.uk
4985,Mr,Clinton m4985,Bond St,City Centre,Leicester,01162835695,Clinton_m4985@lhvbg.net
4986,Ms,Chris w4986,Wharf St,Birstall,Leicester,01162906798,Chris_w4986@qsywbco.uk
4987,Mr,Liu m4987,Kent St,New Park,Leicester,01162715051,Liu_m4987@wctum.sch.uk
4988,Ms,Hana w4988,Burton St,West Knighton,Leicester,01162933746,Hana_w4988@xjqbkac.uk
4989,Mr,Ben m4989,London Rd,West Knighton,Leicester,01162270395,Ben_m4989@axlev.com
4990,Ms,Jenny w4990,Oxford St,West Knighton,Leicester,01162203531,Jenny_w4990@tnxgf.org
4991,Mr,Chris m4991,Granby St,New Park,Leicester,01162758829,Chris_m4991@vucff.com
4992,Ms,Anna w4992,Oxford St,Wigston,Leicester,01162807778,Anna_w4992@crpfg.org
4993,Mr,Lee m4993,Gateway St,Wigston,Leicester,01162465393,Lee_m4993@zwysbco.uk
4994,Ms,Helen w4994,Bond St,City Centre,Leicester,01162835431,Helen_w4994@auscd.net
4995,Mr,Simon m4995,Bond St,Wigston,Leicester,01162193981,Simon_m4995@rtvti.gov.uk
4996,Ms,Chris w4996,Welford Rd,West Knighton,Leicester,01162535780,Chris_w4996@zfdmm.org
4997,Mr,Simon m4997,Ring Rd,Oadby,Leicester,01162882612,Simon_m4997@pntclco.uk
4998,Ms,Jenny w4998,Granby St,Birstall,Leicester,01162515060,Jenny_w4998@jjuyp.com
4999,Mr,Bush m4999,Gateway St,New Park,Leicester,01162911171,Bush_m4999@bobqkac.uk
5000,Ms,Jenny w5000,Wharf St,New Park,Leicester,01162916955,Jenny_w5000@ybzvb.net
