PER#,P#,THEATRE#,PDATE,PHOUR,PMINUTE,COMMENTS
603,10,1,09-MAY-18,14,30,Normal day time
604,10,1,10-MAY-18,18,45,Earlier start evening
605,10,1,10-MAY-18,14,0,Earlier start day time
606,11,2,04-MAY-18,19,30,Normal evening time
607,11,2,05-MAY-18,19,30,Normal evening time
608,11,2,06-MAY-18,19,30,Normal evening time
609,11,2,06-MAY-18,14,30,Normal day time
610,11,2,07-MAY-18,19,30,Normal evening time
611,11,2,08-MAY-18,19,30,Normal evening time
612,11,2,08-MAY-18,14,30,Normal day time
613,11,2,09-MAY-18,19,30,Normal evening time
614,11,2,09-MAY-18,14,30,Normal day time
615,11,2,10-MAY-18,18,45,Earlier start evening
616,11,2,10-MAY-18,14,0,Earlier start day time
617,12,3,04-MAY-18,19,30,Normal evening time
618,12,3,05-MAY-18,19,30,Normal evening time
619,12,3,06-MAY-18,19,30,Normal evening time
620,12,3,06-MAY-18,14,30,Normal day time
621,12,3,07-MAY-18,19,30,Normal evening time
622,12,3,08-MAY-18,19,30,Normal evening time
623,12,3,08-MAY-18,14,30,Normal day time
624,12,3,09-MAY-18,19,30,Normal evening time
625,12,3,09-MAY-18,14,30,Normal day time
626,12,3,10-MAY-18,18,45,Earlier start evening
627,12,3,10-MAY-18,14,0,Earlier start day time
628,13,4,04-MAY-18,19,30,Normal evening time
629,13,4,05-MAY-18,19,30,Normal evening time
630,13,4,06-MAY-18,19,30,Normal evening time
631,13,4,06-MAY-18,14,30,Normal day time
632,13,4,07-MAY-18,19,30,Normal evening time
633,13,4,08-MAY-18,19,30,Normal evening time
634,13,4,08-MAY-18,14,30,Normal day time
635,13,4,09-MAY-18,19,30,Normal evening time
636,13,4,09-MAY-18,14,30,Normal day time
637,13,4,10-MAY-18,18,45,Earlier start evening
638,13,4,10-MAY-18,14,0,Earlier start day time
639,1,5,04-MAY-18,19,30,Normal evening time
640,1,5,05-MAY-18,19,30,Normal evening time
641,1,5,06-MAY-18,19,30,Normal evening time
642,1,5,06-MAY-18,14,30,Normal day time
643,1,5,07-MAY-18,19,30,Normal evening time
644,1,5,08-MAY-18,19,30,Normal evening time
645,1,5,08-MAY-18,14,30,Normal day time
646,1,5,09-MAY-18,19,30,Normal evening time
647,1,5,09-MAY-18,14,30,Normal day time
648,1,5,10-MAY-18,18,45,Earlier start evening
649,1,5,10-MAY-18,14,0,Earlier start day time
650,2,6,04-MAY-18,19,30,Normal evening time
651,2,6,05-MAY-18,19,30,Normal evening time
652,2,6,06-MAY-18,19,30,Normal evening time
653,2,6,06-MAY-18,14,30,Normal day time
654,2,6,07-MAY-18,19,30,Normal evening time
655,2,6,08-MAY-18,19,30,Normal evening time
656,2,6,08-MAY-18,14,30,Normal day time
657,2,6,09-MAY-18,19,30,Normal evening time
658,2,6,09-MAY-18,14,30,Normal day time
659,2,6,10-MAY-18,18,45,Earlier start evening
660,2,6,10-MAY-18,14,0,Earlier start day time
661,11,1,11-MAY-18,19,30,Normal evening time
662,11,1,12-MAY-18,19,30,Normal evening time
663,11,1,13-MAY-18,19,30,Normal evening time
664,11,1,13-MAY-18,14,30,Normal day time
665,11,1,14-MAY-18,19,30,Normal evening time
666,11,1,15-MAY-18,19,30,Normal evening time
667,11,1,15-MAY-18,14,30,Normal day time
668,11,1,16-MAY-18,19,30,Normal evening time
669,11,1,16-MAY-18,14,30,Normal day time
670,11,1,17-MAY-18,18,45,Earlier start evening
671,11,1,17-MAY-18,14,0,Earlier start day time
672,12,2,11-MAY-18,19,30,Normal evening time
673,12,2,12-MAY-18,19,30,Normal evening time
674,12,2,13-MAY-18,19,30,Normal evening time
675,12,2,13-MAY-18,14,30,Normal day time
676,12,2,14-MAY-18,19,30,Normal evening time
677,12,2,15-MAY-18,19,30,Normal evening time
678,12,2,15-MAY-18,14,30,Normal day time
679,12,2,16-MAY-18,19,30,Normal evening time
680,12,2,16-MAY-18,14,30,Normal day time
681,12,2,17-MAY-18,18,45,Earlier start evening
682,12,2,17-MAY-18,14,0,Earlier start day time
683,13,3,11-MAY-18,19,30,Normal evening time
684,13,3,12-MAY-18,19,30,Normal evening time
685,13,3,13-MAY-18,19,30,Normal evening time
686,13,3,13-MAY-18,14,30,Normal day time
687,13,3,14-MAY-18,19,30,Normal evening time
688,13,3,15-MAY-18,19,30,Normal evening time
689,13,3,15-MAY-18,14,30,Normal day time
690,13,3,16-MAY-18,19,30,Normal evening time
691,13,3,16-MAY-18,14,30,Normal day time
692,13,3,17-MAY-18,18,45,Earlier start evening
693,13,3,17-MAY-18,14,0,Earlier start day time
694,1,4,11-MAY-18,19,30,Normal evening time
695,1,4,12-MAY-18,19,30,Normal evening time
696,1,4,13-MAY-18,19,30,Normal evening time
697,1,4,13-MAY-18,14,30,Normal day time
698,1,4,14-MAY-18,19,30,Normal evening time
699,1,4,15-MAY-18,19,30,Normal evening time
700,1,4,15-MAY-18,14,30,Normal day time
701,1,4,16-MAY-18,19,30,Normal evening time
702,1,4,16-MAY-18,14,30,Normal day time
703,1,4,17-MAY-18,18,45,Earlier start evening
704,1,4,17-MAY-18,14,0,Earlier start day time
705,2,5,11-MAY-18,19,30,Normal evening time
706,2,5,12-MAY-18,19,30,Normal evening time
707,2,5,13-MAY-18,19,30,Normal evening time
708,2,5,13-MAY-18,14,30,Normal day time
709,2,5,14-MAY-18,19,30,Normal evening time
710,2,5,15-MAY-18,19,30,Normal evening time
711,2,5,15-MAY-18,14,30,Normal day time
712,2,5,16-MAY-18,19,30,Normal evening time
713,2,5,16-MAY-18,14,30,Normal day time
714,2,5,17-MAY-18,18,45,Earlier start evening
715,2,5,17-MAY-18,14,0,Earlier start day time
716,3,6,11-MAY-18,19,30,Normal evening time
717,3,6,12-MAY-18,19,30,Normal evening time
718,3,6,13-MAY-18,19,30,Normal evening time
719,3,6,13-MAY-18,14,30,Normal day time
720,3,6,14-MAY-18,19,30,Normal evening time
721,3,6,15-MAY-18,19,30,Normal evening time
722,3,6,15-MAY-18,14,30,Normal day time
723,3,6,16-MAY-18,19,30,Normal evening time
724,3,6,16-MAY-18,14,30,Normal day time
725,3,6,17-MAY-18,18,45,Earlier start evening
726,3,6,17-MAY-18,14,0,Earlier start day time
727,12,1,18-MAY-18,19,30,Normal evening time
728,12,1,19-MAY-18,19,30,Normal evening time
729,12,1,20-MAY-18,19,30,Normal evening time
730,12,1,20-MAY-18,14,30,Normal day time
731,12,1,21-MAY-18,19,30,Normal evening time
732,12,1,22-MAY-18,19,30,Normal evening time
733,12,1,22-MAY-18,14,30,Normal day time
734,12,1,23-MAY-18,19,30,Normal evening time
735,12,1,23-MAY-18,14,30,Normal day time
736,12,1,24-MAY-18,18,45,Earlier start evening
737,12,1,24-MAY-18,14,0,Earlier start day time
738,13,2,18-MAY-18,19,30,Normal evening time
739,13,2,19-MAY-18,19,30,Normal evening time
740,13,2,20-MAY-18,19,30,Normal evening time
741,13,2,20-MAY-18,14,30,Normal day time
742,13,2,21-MAY-18,19,30,Normal evening time
743,13,2,22-MAY-18,19,30,Normal evening time
744,13,2,22-MAY-18,14,30,Normal day time
745,13,2,23-MAY-18,19,30,Normal evening time
746,13,2,23-MAY-18,14,30,Normal day time
747,13,2,24-MAY-18,18,45,Earlier start evening
748,13,2,24-MAY-18,14,0,Earlier start day time
749,1,3,18-MAY-18,19,30,Normal evening time
750,1,3,19-MAY-18,19,30,Normal evening time
751,1,3,20-MAY-18,19,30,Normal evening time
752,1,3,20-MAY-18,14,30,Normal day time
1,1,1,02-MAR-18,19,30,Normal evening time
2,1,1,03-MAR-18,19,30,Normal evening time
3,1,1,04-MAR-18,19,30,Normal evening time
4,1,1,04-MAR-18,14,30,Normal day time
5,1,1,05-MAR-18,19,30,Normal evening time
6,1,1,06-MAR-18,19,30,Normal evening time
7,1,1,06-MAR-18,14,30,Normal day time
8,1,1,07-MAR-18,19,30,Normal evening time
9,1,1,07-MAR-18,14,30,Normal day time
10,1,1,08-MAR-18,18,45,Earlier start evening
11,1,1,08-MAR-18,14,0,Earlier start day time
12,2,2,02-MAR-18,19,30,Normal evening time
13,2,2,03-MAR-18,19,30,Normal evening time
14,2,2,04-MAR-18,19,30,Normal evening time
15,2,2,04-MAR-18,14,30,Normal day time
16,2,2,05-MAR-18,19,30,Normal evening time
17,2,2,06-MAR-18,19,30,Normal evening time
18,2,2,06-MAR-18,14,30,Normal day time
19,2,2,07-MAR-18,19,30,Normal evening time
20,2,2,07-MAR-18,14,30,Normal day time
21,2,2,08-MAR-18,18,45,Earlier start evening
22,2,2,08-MAR-18,14,0,Earlier start day time
23,3,3,02-MAR-18,19,30,Normal evening time
24,3,3,03-MAR-18,19,30,Normal evening time
25,3,3,04-MAR-18,19,30,Normal evening time
26,3,3,04-MAR-18,14,30,Normal day time
27,3,3,05-MAR-18,19,30,Normal evening time
28,3,3,06-MAR-18,19,30,Normal evening time
29,3,3,06-MAR-18,14,30,Normal day time
30,3,3,07-MAR-18,19,30,Normal evening time
31,3,3,07-MAR-18,14,30,Normal day time
32,3,3,08-MAR-18,18,45,Earlier start evening
33,3,3,08-MAR-18,14,0,Earlier start day time
34,4,4,02-MAR-18,19,30,Normal evening time
35,4,4,03-MAR-18,19,30,Normal evening time
36,4,4,04-MAR-18,19,30,Normal evening time
37,4,4,04-MAR-18,14,30,Normal day time
38,4,4,05-MAR-18,19,30,Normal evening time
39,4,4,06-MAR-18,19,30,Normal evening time
40,4,4,06-MAR-18,14,30,Normal day time
41,4,4,07-MAR-18,19,30,Normal evening time
42,4,4,07-MAR-18,14,30,Normal day time
43,4,4,08-MAR-18,18,45,Earlier start evening
44,4,4,08-MAR-18,14,0,Earlier start day time
45,5,5,02-MAR-18,19,30,Normal evening time
46,5,5,03-MAR-18,19,30,Normal evening time
47,5,5,04-MAR-18,19,30,Normal evening time
48,5,5,04-MAR-18,14,30,Normal day time
49,5,5,05-MAR-18,19,30,Normal evening time
50,5,5,06-MAR-18,19,30,Normal evening time
51,5,5,06-MAR-18,14,30,Normal day time
52,5,5,07-MAR-18,19,30,Normal evening time
53,5,5,07-MAR-18,14,30,Normal day time
54,5,5,08-MAR-18,18,45,Earlier start evening
55,5,5,08-MAR-18,14,0,Earlier start day time
56,6,6,02-MAR-18,19,30,Normal evening time
57,6,6,03-MAR-18,19,30,Normal evening time
58,6,6,04-MAR-18,19,30,Normal evening time
59,6,6,04-MAR-18,14,30,Normal day time
60,6,6,05-MAR-18,19,30,Normal evening time
61,6,6,06-MAR-18,19,30,Normal evening time
62,6,6,06-MAR-18,14,30,Normal day time
63,6,6,07-MAR-18,19,30,Normal evening time
64,6,6,07-MAR-18,14,30,Normal day time
65,6,6,08-MAR-18,18,45,Earlier start evening
66,6,6,08-MAR-18,14,0,Earlier start day time
67,2,1,09-MAR-18,19,30,Normal evening time
68,2,1,10-MAR-18,19,30,Normal evening time
69,2,1,11-MAR-18,19,30,Normal evening time
70,2,1,11-MAR-18,14,30,Normal day time
71,2,1,12-MAR-18,19,30,Normal evening time
72,2,1,13-MAR-18,19,30,Normal evening time
73,2,1,13-MAR-18,14,30,Normal day time
74,2,1,14-MAR-18,19,30,Normal evening time
75,2,1,14-MAR-18,14,30,Normal day time
76,2,1,15-MAR-18,18,45,Earlier start evening
77,2,1,15-MAR-18,14,0,Earlier start day time
78,3,2,09-MAR-18,19,30,Normal evening time
79,3,2,10-MAR-18,19,30,Normal evening time
80,3,2,11-MAR-18,19,30,Normal evening time
81,3,2,11-MAR-18,14,30,Normal day time
82,3,2,12-MAR-18,19,30,Normal evening time
83,3,2,13-MAR-18,19,30,Normal evening time
84,3,2,13-MAR-18,14,30,Normal day time
85,3,2,14-MAR-18,19,30,Normal evening time
86,3,2,14-MAR-18,14,30,Normal day time
87,3,2,15-MAR-18,18,45,Earlier start evening
88,3,2,15-MAR-18,14,0,Earlier start day time
89,4,3,09-MAR-18,19,30,Normal evening time
90,4,3,10-MAR-18,19,30,Normal evening time
91,4,3,11-MAR-18,19,30,Normal evening time
92,4,3,11-MAR-18,14,30,Normal day time
93,4,3,12-MAR-18,19,30,Normal evening time
94,4,3,13-MAR-18,19,30,Normal evening time
95,4,3,13-MAR-18,14,30,Normal day time
96,4,3,14-MAR-18,19,30,Normal evening time
97,4,3,14-MAR-18,14,30,Normal day time
98,4,3,15-MAR-18,18,45,Earlier start evening
99,4,3,15-MAR-18,14,0,Earlier start day time
100,5,4,09-MAR-18,19,30,Normal evening time
101,5,4,10-MAR-18,19,30,Normal evening time
102,5,4,11-MAR-18,19,30,Normal evening time
103,5,4,11-MAR-18,14,30,Normal day time
104,5,4,12-MAR-18,19,30,Normal evening time
105,5,4,13-MAR-18,19,30,Normal evening time
106,5,4,13-MAR-18,14,30,Normal day time
107,5,4,14-MAR-18,19,30,Normal evening time
108,5,4,14-MAR-18,14,30,Normal day time
109,5,4,15-MAR-18,18,45,Earlier start evening
110,5,4,15-MAR-18,14,0,Earlier start day time
111,6,5,09-MAR-18,19,30,Normal evening time
112,6,5,10-MAR-18,19,30,Normal evening time
113,6,5,11-MAR-18,19,30,Normal evening time
114,6,5,11-MAR-18,14,30,Normal day time
115,6,5,12-MAR-18,19,30,Normal evening time
116,6,5,13-MAR-18,19,30,Normal evening time
117,6,5,13-MAR-18,14,30,Normal day time
118,6,5,14-MAR-18,19,30,Normal evening time
119,6,5,14-MAR-18,14,30,Normal day time
120,6,5,15-MAR-18,18,45,Earlier start evening
121,6,5,15-MAR-18,14,0,Earlier start day time
122,7,6,09-MAR-18,19,30,Normal evening time
123,7,6,10-MAR-18,19,30,Normal evening time
124,7,6,11-MAR-18,19,30,Normal evening time
125,7,6,11-MAR-18,14,30,Normal day time
126,7,6,12-MAR-18,19,30,Normal evening time
127,7,6,13-MAR-18,19,30,Normal evening time
128,7,6,13-MAR-18,14,30,Normal day time
129,7,6,14-MAR-18,19,30,Normal evening time
130,7,6,14-MAR-18,14,30,Normal day time
131,7,6,15-MAR-18,18,45,Earlier start evening
132,7,6,15-MAR-18,14,0,Earlier start day time
133,3,1,16-MAR-18,19,30,Normal evening time
134,3,1,17-MAR-18,19,30,Normal evening time
135,3,1,18-MAR-18,19,30,Normal evening time
136,3,1,18-MAR-18,14,30,Normal day time
137,3,1,19-MAR-18,19,30,Normal evening time
138,3,1,20-MAR-18,19,30,Normal evening time
139,3,1,20-MAR-18,14,30,Normal day time
140,3,1,21-MAR-18,19,30,Normal evening time
141,3,1,21-MAR-18,14,30,Normal day time
142,3,1,22-MAR-18,18,45,Earlier start evening
143,3,1,22-MAR-18,14,0,Earlier start day time
144,4,2,16-MAR-18,19,30,Normal evening time
145,4,2,17-MAR-18,19,30,Normal evening time
146,4,2,18-MAR-18,19,30,Normal evening time
147,4,2,18-MAR-18,14,30,Normal day time
148,4,2,19-MAR-18,19,30,Normal evening time
149,4,2,20-MAR-18,19,30,Normal evening time
150,4,2,20-MAR-18,14,30,Normal day time
151,4,2,21-MAR-18,19,30,Normal evening time
152,4,2,21-MAR-18,14,30,Normal day time
153,4,2,22-MAR-18,18,45,Earlier start evening
154,4,2,22-MAR-18,14,0,Earlier start day time
155,5,3,16-MAR-18,19,30,Normal evening time
156,5,3,17-MAR-18,19,30,Normal evening time
157,5,3,18-MAR-18,19,30,Normal evening time
158,5,3,18-MAR-18,14,30,Normal day time
159,5,3,19-MAR-18,19,30,Normal evening time
160,5,3,20-MAR-18,19,30,Normal evening time
161,5,3,20-MAR-18,14,30,Normal day time
162,5,3,21-MAR-18,19,30,Normal evening time
163,5,3,21-MAR-18,14,30,Normal day time
164,5,3,22-MAR-18,18,45,Earlier start evening
165,5,3,22-MAR-18,14,0,Earlier start day time
166,6,4,16-MAR-18,19,30,Normal evening time
167,6,4,17-MAR-18,19,30,Normal evening time
168,6,4,18-MAR-18,19,30,Normal evening time
169,6,4,18-MAR-18,14,30,Normal day time
170,6,4,19-MAR-18,19,30,Normal evening time
171,6,4,20-MAR-18,19,30,Normal evening time
172,6,4,20-MAR-18,14,30,Normal day time
173,6,4,21-MAR-18,19,30,Normal evening time
174,6,4,21-MAR-18,14,30,Normal day time
175,6,4,22-MAR-18,18,45,Earlier start evening
176,6,4,22-MAR-18,14,0,Earlier start day time
177,7,5,16-MAR-18,19,30,Normal evening time
178,7,5,17-MAR-18,19,30,Normal evening time
179,7,5,18-MAR-18,19,30,Normal evening time
180,7,5,18-MAR-18,14,30,Normal day time
181,7,5,19-MAR-18,19,30,Normal evening time
182,7,5,20-MAR-18,19,30,Normal evening time
183,7,5,20-MAR-18,14,30,Normal day time
184,7,5,21-MAR-18,19,30,Normal evening time
185,7,5,21-MAR-18,14,30,Normal day time
186,7,5,22-MAR-18,18,45,Earlier start evening
187,7,5,22-MAR-18,14,0,Earlier start day time
188,8,6,16-MAR-18,19,30,Normal evening time
189,8,6,17-MAR-18,19,30,Normal evening time
190,8,6,18-MAR-18,19,30,Normal evening time
191,8,6,18-MAR-18,14,30,Normal day time
192,8,6,19-MAR-18,19,30,Normal evening time
193,8,6,20-MAR-18,19,30,Normal evening time
194,8,6,20-MAR-18,14,30,Normal day time
195,8,6,21-MAR-18,19,30,Normal evening time
196,8,6,21-MAR-18,14,30,Normal day time
197,8,6,22-MAR-18,18,45,Earlier start evening
198,8,6,22-MAR-18,14,0,Earlier start day time
199,4,1,23-MAR-18,19,30,Normal evening time
200,4,1,24-MAR-18,19,30,Normal evening time
201,4,1,25-MAR-18,19,30,Normal evening time
202,4,1,25-MAR-18,14,30,Normal day time
203,4,1,26-MAR-18,19,30,Normal evening time
204,4,1,27-MAR-18,19,30,Normal evening time
205,4,1,27-MAR-18,14,30,Normal day time
206,4,1,28-MAR-18,19,30,Normal evening time
207,4,1,28-MAR-18,14,30,Normal day time
208,4,1,29-MAR-18,18,45,Earlier start evening
209,4,1,29-MAR-18,14,0,Earlier start day time
210,5,2,23-MAR-18,19,30,Normal evening time
211,5,2,24-MAR-18,19,30,Normal evening time
212,5,2,25-MAR-18,19,30,Normal evening time
213,5,2,25-MAR-18,14,30,Normal day time
214,5,2,26-MAR-18,19,30,Normal evening time
215,5,2,27-MAR-18,19,30,Normal evening time
216,5,2,27-MAR-18,14,30,Normal day time
217,5,2,28-MAR-18,19,30,Normal evening time
218,5,2,28-MAR-18,14,30,Normal day time
219,5,2,29-MAR-18,18,45,Earlier start evening
220,5,2,29-MAR-18,14,0,Earlier start day time
221,6,3,23-MAR-18,19,30,Normal evening time
222,6,3,24-MAR-18,19,30,Normal evening time
223,6,3,25-MAR-18,19,30,Normal evening time
224,6,3,25-MAR-18,14,30,Normal day time
225,6,3,26-MAR-18,19,30,Normal evening time
226,6,3,27-MAR-18,19,30,Normal evening time
227,6,3,27-MAR-18,14,30,Normal day time
228,6,3,28-MAR-18,19,30,Normal evening time
229,6,3,28-MAR-18,14,30,Normal day time
230,6,3,29-MAR-18,18,45,Earlier start evening
231,6,3,29-MAR-18,14,0,Earlier start day time
232,7,4,23-MAR-18,19,30,Normal evening time
233,7,4,24-MAR-18,19,30,Normal evening time
234,7,4,25-MAR-18,19,30,Normal evening time
235,7,4,25-MAR-18,14,30,Normal day time
236,7,4,26-MAR-18,19,30,Normal evening time
237,7,4,27-MAR-18,19,30,Normal evening time
238,7,4,27-MAR-18,14,30,Normal day time
239,7,4,28-MAR-18,19,30,Normal evening time
240,7,4,28-MAR-18,14,30,Normal day time
241,7,4,29-MAR-18,18,45,Earlier start evening
242,7,4,29-MAR-18,14,0,Earlier start day time
243,8,5,23-MAR-18,19,30,Normal evening time
244,8,5,24-MAR-18,19,30,Normal evening time
245,8,5,25-MAR-18,19,30,Normal evening time
246,8,5,25-MAR-18,14,30,Normal day time
247,8,5,26-MAR-18,19,30,Normal evening time
248,8,5,27-MAR-18,19,30,Normal evening time
249,8,5,27-MAR-18,14,30,Normal day time
250,8,5,28-MAR-18,19,30,Normal evening time
251,8,5,28-MAR-18,14,30,Normal day time
252,8,5,29-MAR-18,18,45,Earlier start evening
253,8,5,29-MAR-18,14,0,Earlier start day time
254,9,6,23-MAR-18,19,30,Normal evening time
255,9,6,24-MAR-18,19,30,Normal evening time
256,9,6,25-MAR-18,19,30,Normal evening time
257,9,6,25-MAR-18,14,30,Normal day time
258,9,6,26-MAR-18,19,30,Normal evening time
259,9,6,27-MAR-18,19,30,Normal evening time
260,9,6,27-MAR-18,14,30,Normal day time
261,9,6,28-MAR-18,19,30,Normal evening time
262,9,6,28-MAR-18,14,30,Normal day time
263,9,6,29-MAR-18,18,45,Earlier start evening
264,9,6,29-MAR-18,14,0,Earlier start day time
265,5,1,30-MAR-18,19,30,Normal evening time
266,5,1,31-MAR-18,19,30,Normal evening time
267,5,1,01-APR-18,19,30,Normal evening time
268,5,1,01-APR-18,14,30,Normal day time
269,5,1,02-APR-18,19,30,Normal evening time
270,5,1,03-APR-18,19,30,Normal evening time
271,5,1,03-APR-18,14,30,Normal day time
272,5,1,04-APR-18,19,30,Normal evening time
273,5,1,04-APR-18,14,30,Normal day time
274,5,1,05-APR-18,18,45,Earlier start evening
275,5,1,05-APR-18,14,0,Earlier start day time
276,6,2,30-MAR-18,19,30,Normal evening time
277,6,2,31-MAR-18,19,30,Normal evening time
278,6,2,01-APR-18,19,30,Normal evening time
279,6,2,01-APR-18,14,30,Normal day time
280,6,2,02-APR-18,19,30,Normal evening time
281,6,2,03-APR-18,19,30,Normal evening time
282,6,2,03-APR-18,14,30,Normal day time
283,6,2,04-APR-18,19,30,Normal evening time
284,6,2,04-APR-18,14,30,Normal day time
285,6,2,05-APR-18,18,45,Earlier start evening
286,6,2,05-APR-18,14,0,Earlier start day time
287,7,3,30-MAR-18,19,30,Normal evening time
288,7,3,31-MAR-18,19,30,Normal evening time
289,7,3,01-APR-18,19,30,Normal evening time
290,7,3,01-APR-18,14,30,Normal day time
291,7,3,02-APR-18,19,30,Normal evening time
292,7,3,03-APR-18,19,30,Normal evening time
293,7,3,03-APR-18,14,30,Normal day time
294,7,3,04-APR-18,19,30,Normal evening time
295,7,3,04-APR-18,14,30,Normal day time
296,7,3,05-APR-18,18,45,Earlier start evening
297,7,3,05-APR-18,14,0,Earlier start day time
298,8,4,30-MAR-18,19,30,Normal evening time
299,8,4,31-MAR-18,19,30,Normal evening time
300,8,4,01-APR-18,19,30,Normal evening time
301,8,4,01-APR-18,14,30,Normal day time
302,8,4,02-APR-18,19,30,Normal evening time
303,8,4,03-APR-18,19,30,Normal evening time
304,8,4,03-APR-18,14,30,Normal day time
305,8,4,04-APR-18,19,30,Normal evening time
306,8,4,04-APR-18,14,30,Normal day time
307,8,4,05-APR-18,18,45,Earlier start evening
308,8,4,05-APR-18,14,0,Earlier start day time
309,9,5,30-MAR-18,19,30,Normal evening time
310,9,5,31-MAR-18,19,30,Normal evening time
311,9,5,01-APR-18,19,30,Normal evening time
312,9,5,01-APR-18,14,30,Normal day time
313,9,5,02-APR-18,19,30,Normal evening time
314,9,5,03-APR-18,19,30,Normal evening time
315,9,5,03-APR-18,14,30,Normal day time
316,9,5,04-APR-18,19,30,Normal evening time
317,9,5,04-APR-18,14,30,Normal day time
318,9,5,05-APR-18,18,45,Earlier start evening
319,9,5,05-APR-18,14,0,Earlier start day time
320,10,6,30-MAR-18,19,30,Normal evening time
321,10,6,31-MAR-18,19,30,Normal evening time
322,10,6,01-APR-18,19,30,Normal evening time
323,10,6,01-APR-18,14,30,Normal day time
324,10,6,02-APR-18,19,30,Normal evening time
325,10,6,03-APR-18,19,30,Normal evening time
326,10,6,03-APR-18,14,30,Normal day time
327,10,6,04-APR-18,19,30,Normal evening time
328,10,6,04-APR-18,14,30,Normal day time
329,10,6,05-APR-18,18,45,Earlier start evening
330,10,6,05-APR-18,14,0,Earlier start day time
331,6,1,06-APR-18,19,30,Normal evening time
332,6,1,07-APR-18,19,30,Normal evening time
333,6,1,08-APR-18,19,30,Normal evening time
334,6,1,08-APR-18,14,30,Normal day time
335,6,1,09-APR-18,19,30,Normal evening time
336,6,1,10-APR-18,19,30,Normal evening time
337,6,1,10-APR-18,14,30,Normal day time
338,6,1,11-APR-18,19,30,Normal evening time
339,6,1,11-APR-18,14,30,Normal day time
340,6,1,12-APR-18,18,45,Earlier start evening
341,6,1,12-APR-18,14,0,Earlier start day time
342,7,2,06-APR-18,19,30,Normal evening time
343,7,2,07-APR-18,19,30,Normal evening time
344,7,2,08-APR-18,19,30,Normal evening time
345,7,2,08-APR-18,14,30,Normal day time
346,7,2,09-APR-18,19,30,Normal evening time
347,7,2,10-APR-18,19,30,Normal evening time
348,7,2,10-APR-18,14,30,Normal day time
349,7,2,11-APR-18,19,30,Normal evening time
350,7,2,11-APR-18,14,30,Normal day time
351,7,2,12-APR-18,18,45,Earlier start evening
352,7,2,12-APR-18,14,0,Earlier start day time
353,8,3,06-APR-18,19,30,Normal evening time
354,8,3,07-APR-18,19,30,Normal evening time
355,8,3,08-APR-18,19,30,Normal evening time
356,8,3,08-APR-18,14,30,Normal day time
357,8,3,09-APR-18,19,30,Normal evening time
358,8,3,10-APR-18,19,30,Normal evening time
359,8,3,10-APR-18,14,30,Normal day time
360,8,3,11-APR-18,19,30,Normal evening time
361,8,3,11-APR-18,14,30,Normal day time
362,8,3,12-APR-18,18,45,Earlier start evening
363,8,3,12-APR-18,14,0,Earlier start day time
364,9,4,06-APR-18,19,30,Normal evening time
365,9,4,07-APR-18,19,30,Normal evening time
366,9,4,08-APR-18,19,30,Normal evening time
367,9,4,08-APR-18,14,30,Normal day time
368,9,4,09-APR-18,19,30,Normal evening time
369,9,4,10-APR-18,19,30,Normal evening time
370,9,4,10-APR-18,14,30,Normal day time
371,9,4,11-APR-18,19,30,Normal evening time
372,9,4,11-APR-18,14,30,Normal day time
373,9,4,12-APR-18,18,45,Earlier start evening
374,9,4,12-APR-18,14,0,Earlier start day time
375,10,5,06-APR-18,19,30,Normal evening time
376,10,5,07-APR-18,19,30,Normal evening time
377,10,5,08-APR-18,19,30,Normal evening time
378,10,5,08-APR-18,14,30,Normal day time
379,10,5,09-APR-18,19,30,Normal evening time
380,10,5,10-APR-18,19,30,Normal evening time
381,10,5,10-APR-18,14,30,Normal day time
382,10,5,11-APR-18,19,30,Normal evening time
383,10,5,11-APR-18,14,30,Normal day time
384,10,5,12-APR-18,18,45,Earlier start evening
385,10,5,12-APR-18,14,0,Earlier start day time
386,11,6,06-APR-18,19,30,Normal evening time
387,11,6,07-APR-18,19,30,Normal evening time
388,11,6,08-APR-18,19,30,Normal evening time
389,11,6,08-APR-18,14,30,Normal day time
390,11,6,09-APR-18,19,30,Normal evening time
391,11,6,10-APR-18,19,30,Normal evening time
392,11,6,10-APR-18,14,30,Normal day time
393,11,6,11-APR-18,19,30,Normal evening time
394,11,6,11-APR-18,14,30,Normal day time
395,11,6,12-APR-18,18,45,Earlier start evening
396,11,6,12-APR-18,14,0,Earlier start day time
397,7,1,13-APR-18,19,30,Normal evening time
398,7,1,14-APR-18,19,30,Normal evening time
399,7,1,15-APR-18,19,30,Normal evening time
400,7,1,15-APR-18,14,30,Normal day time
401,7,1,16-APR-18,19,30,Normal evening time
402,7,1,17-APR-18,19,30,Normal evening time
403,7,1,17-APR-18,14,30,Normal day time
404,7,1,18-APR-18,19,30,Normal evening time
405,7,1,18-APR-18,14,30,Normal day time
406,7,1,19-APR-18,18,45,Earlier start evening
407,7,1,19-APR-18,14,0,Earlier start day time
408,8,2,13-APR-18,19,30,Normal evening time
409,8,2,14-APR-18,19,30,Normal evening time
410,8,2,15-APR-18,19,30,Normal evening time
411,8,2,15-APR-18,14,30,Normal day time
412,8,2,16-APR-18,19,30,Normal evening time
413,8,2,17-APR-18,19,30,Normal evening time
414,8,2,17-APR-18,14,30,Normal day time
415,8,2,18-APR-18,19,30,Normal evening time
416,8,2,18-APR-18,14,30,Normal day time
417,8,2,19-APR-18,18,45,Earlier start evening
418,8,2,19-APR-18,14,0,Earlier start day time
419,9,3,13-APR-18,19,30,Normal evening time
420,9,3,14-APR-18,19,30,Normal evening time
421,9,3,15-APR-18,19,30,Normal evening time
422,9,3,15-APR-18,14,30,Normal day time
423,9,3,16-APR-18,19,30,Normal evening time
424,9,3,17-APR-18,19,30,Normal evening time
425,9,3,17-APR-18,14,30,Normal day time
426,9,3,18-APR-18,19,30,Normal evening time
427,9,3,18-APR-18,14,30,Normal day time
428,9,3,19-APR-18,18,45,Earlier start evening
429,9,3,19-APR-18,14,0,Earlier start day time
430,10,4,13-APR-18,19,30,Normal evening time
431,10,4,14-APR-18,19,30,Normal evening time
432,10,4,15-APR-18,19,30,Normal evening time
433,10,4,15-APR-18,14,30,Normal day time
434,10,4,16-APR-18,19,30,Normal evening time
435,10,4,17-APR-18,19,30,Normal evening time
436,10,4,17-APR-18,14,30,Normal day time
437,10,4,18-APR-18,19,30,Normal evening time
438,10,4,18-APR-18,14,30,Normal day time
439,10,4,19-APR-18,18,45,Earlier start evening
440,10,4,19-APR-18,14,0,Earlier start day time
441,11,5,13-APR-18,19,30,Normal evening time
442,11,5,14-APR-18,19,30,Normal evening time
443,11,5,15-APR-18,19,30,Normal evening time
444,11,5,15-APR-18,14,30,Normal day time
445,11,5,16-APR-18,19,30,Normal evening time
446,11,5,17-APR-18,19,30,Normal evening time
447,11,5,17-APR-18,14,30,Normal day time
448,11,5,18-APR-18,19,30,Normal evening time
449,11,5,18-APR-18,14,30,Normal day time
450,11,5,19-APR-18,18,45,Earlier start evening
451,11,5,19-APR-18,14,0,Earlier start day time
452,12,6,13-APR-18,19,30,Normal evening time
453,12,6,14-APR-18,19,30,Normal evening time
454,12,6,15-APR-18,19,30,Normal evening time
455,12,6,15-APR-18,14,30,Normal day time
456,12,6,16-APR-18,19,30,Normal evening time
457,12,6,17-APR-18,19,30,Normal evening time
458,12,6,17-APR-18,14,30,Normal day time
459,12,6,18-APR-18,19,30,Normal evening time
460,12,6,18-APR-18,14,30,Normal day time
461,12,6,19-APR-18,18,45,Earlier start evening
462,12,6,19-APR-18,14,0,Earlier start day time
463,8,1,20-APR-18,19,30,Normal evening time
464,8,1,21-APR-18,19,30,Normal evening time
465,8,1,22-APR-18,19,30,Normal evening time
466,8,1,22-APR-18,14,30,Normal day time
467,8,1,23-APR-18,19,30,Normal evening time
468,8,1,24-APR-18,19,30,Normal evening time
469,8,1,24-APR-18,14,30,Normal day time
470,8,1,25-APR-18,19,30,Normal evening time
471,8,1,25-APR-18,14,30,Normal day time
472,8,1,26-APR-18,18,45,Earlier start evening
473,8,1,26-APR-18,14,0,Earlier start day time
474,9,2,20-APR-18,19,30,Normal evening time
475,9,2,21-APR-18,19,30,Normal evening time
476,9,2,22-APR-18,19,30,Normal evening time
477,9,2,22-APR-18,14,30,Normal day time
478,9,2,23-APR-18,19,30,Normal evening time
479,9,2,24-APR-18,19,30,Normal evening time
480,9,2,24-APR-18,14,30,Normal day time
481,9,2,25-APR-18,19,30,Normal evening time
482,9,2,25-APR-18,14,30,Normal day time
483,9,2,26-APR-18,18,45,Earlier start evening
484,9,2,26-APR-18,14,0,Earlier start day time
485,10,3,20-APR-18,19,30,Normal evening time
486,10,3,21-APR-18,19,30,Normal evening time
487,10,3,22-APR-18,19,30,Normal evening time
488,10,3,22-APR-18,14,30,Normal day time
489,10,3,23-APR-18,19,30,Normal evening time
490,10,3,24-APR-18,19,30,Normal evening time
491,10,3,24-APR-18,14,30,Normal day time
492,10,3,25-APR-18,19,30,Normal evening time
493,10,3,25-APR-18,14,30,Normal day time
494,10,3,26-APR-18,18,45,Earlier start evening
495,10,3,26-APR-18,14,0,Earlier start day time
496,11,4,20-APR-18,19,30,Normal evening time
497,11,4,21-APR-18,19,30,Normal evening time
498,11,4,22-APR-18,19,30,Normal evening time
499,11,4,22-APR-18,14,30,Normal day time
500,11,4,23-APR-18,19,30,Normal evening time
501,11,4,24-APR-18,19,30,Normal evening time
502,11,4,24-APR-18,14,30,Normal day time
503,11,4,25-APR-18,19,30,Normal evening time
504,11,4,25-APR-18,14,30,Normal day time
505,11,4,26-APR-18,18,45,Earlier start evening
506,11,4,26-APR-18,14,0,Earlier start day time
507,12,5,20-APR-18,19,30,Normal evening time
508,12,5,21-APR-18,19,30,Normal evening time
509,12,5,22-APR-18,19,30,Normal evening time
510,12,5,22-APR-18,14,30,Normal day time
511,12,5,23-APR-18,19,30,Normal evening time
512,12,5,24-APR-18,19,30,Normal evening time
513,12,5,24-APR-18,14,30,Normal day time
514,12,5,25-APR-18,19,30,Normal evening time
515,12,5,25-APR-18,14,30,Normal day time
516,12,5,26-APR-18,18,45,Earlier start evening
517,12,5,26-APR-18,14,0,Earlier start day time
518,13,6,20-APR-18,19,30,Normal evening time
519,13,6,21-APR-18,19,30,Normal evening time
520,13,6,22-APR-18,19,30,Normal evening time
521,13,6,22-APR-18,14,30,Normal day time
522,13,6,23-APR-18,19,30,Normal evening time
523,13,6,24-APR-18,19,30,Normal evening time
524,13,6,24-APR-18,14,30,Normal day time
525,13,6,25-APR-18,19,30,Normal evening time
526,13,6,25-APR-18,14,30,Normal day time
527,13,6,26-APR-18,18,45,Earlier start evening
528,13,6,26-APR-18,14,0,Earlier start day time
529,9,1,27-APR-18,19,30,Normal evening time
530,9,1,28-APR-18,19,30,Normal evening time
531,9,1,29-APR-18,19,30,Normal evening time
532,9,1,29-APR-18,14,30,Normal day time
533,9,1,30-APR-18,19,30,Normal evening time
534,9,1,01-MAY-18,19,30,Normal evening time
535,9,1,01-MAY-18,14,30,Normal day time
536,9,1,02-MAY-18,19,30,Normal evening time
537,9,1,02-MAY-18,14,30,Normal day time
538,9,1,03-MAY-18,18,45,Earlier start evening
539,9,1,03-MAY-18,14,0,Earlier start day time
540,10,2,27-APR-18,19,30,Normal evening time
541,10,2,28-APR-18,19,30,Normal evening time
542,10,2,29-APR-18,19,30,Normal evening time
543,10,2,29-APR-18,14,30,Normal day time
544,10,2,30-APR-18,19,30,Normal evening time
545,10,2,01-MAY-18,19,30,Normal evening time
546,10,2,01-MAY-18,14,30,Normal day time
547,10,2,02-MAY-18,19,30,Normal evening time
548,10,2,02-MAY-18,14,30,Normal day time
549,10,2,03-MAY-18,18,45,Earlier start evening
550,10,2,03-MAY-18,14,0,Earlier start day time
551,11,3,27-APR-18,19,30,Normal evening time
552,11,3,28-APR-18,19,30,Normal evening time
553,11,3,29-APR-18,19,30,Normal evening time
554,11,3,29-APR-18,14,30,Normal day time
555,11,3,30-APR-18,19,30,Normal evening time
556,11,3,01-MAY-18,19,30,Normal evening time
557,11,3,01-MAY-18,14,30,Normal day time
558,11,3,02-MAY-18,19,30,Normal evening time
559,11,3,02-MAY-18,14,30,Normal day time
560,11,3,03-MAY-18,18,45,Earlier start evening
561,11,3,03-MAY-18,14,0,Earlier start day time
562,12,4,27-APR-18,19,30,Normal evening time
563,12,4,28-APR-18,19,30,Normal evening time
564,12,4,29-APR-18,19,30,Normal evening time
565,12,4,29-APR-18,14,30,Normal day time
566,12,4,30-APR-18,19,30,Normal evening time
567,12,4,01-MAY-18,19,30,Normal evening time
568,12,4,01-MAY-18,14,30,Normal day time
569,12,4,02-MAY-18,19,30,Normal evening time
570,12,4,02-MAY-18,14,30,Normal day time
571,12,4,03-MAY-18,18,45,Earlier start evening
572,12,4,03-MAY-18,14,0,Earlier start day time
573,13,5,27-APR-18,19,30,Normal evening time
574,13,5,28-APR-18,19,30,Normal evening time
575,13,5,29-APR-18,19,30,Normal evening time
576,13,5,29-APR-18,14,30,Normal day time
577,13,5,30-APR-18,19,30,Normal evening time
578,13,5,01-MAY-18,19,30,Normal evening time
579,13,5,01-MAY-18,14,30,Normal day time
580,13,5,02-MAY-18,19,30,Normal evening time
581,13,5,02-MAY-18,14,30,Normal day time
582,13,5,03-MAY-18,18,45,Earlier start evening
583,13,5,03-MAY-18,14,0,Earlier start day time
584,1,6,27-APR-18,19,30,Normal evening time
585,1,6,28-APR-18,19,30,Normal evening time
586,1,6,29-APR-18,19,30,Normal evening time
587,1,6,29-APR-18,14,30,Normal day time
588,1,6,30-APR-18,19,30,Normal evening time
589,1,6,01-MAY-18,19,30,Normal evening time
590,1,6,01-MAY-18,14,30,Normal day time
591,1,6,02-MAY-18,19,30,Normal evening time
592,1,6,02-MAY-18,14,30,Normal day time
593,1,6,03-MAY-18,18,45,Earlier start evening
594,1,6,03-MAY-18,14,0,Earlier start day time
595,10,1,04-MAY-18,19,30,Normal evening time
596,10,1,05-MAY-18,19,30,Normal evening time
597,10,1,06-MAY-18,19,30,Normal evening time
598,10,1,06-MAY-18,14,30,Normal day time
599,10,1,07-MAY-18,19,30,Normal evening time
600,10,1,08-MAY-18,19,30,Normal evening time
601,10,1,08-MAY-18,14,30,Normal day time
602,10,1,09-MAY-18,19,30,Normal evening time
1503,14,5,07-AUG-18,14,30,Normal day time
1504,14,5,08-AUG-18,19,30,Normal evening time
1505,14,5,08-AUG-18,14,30,Normal day time
1506,14,5,09-AUG-18,18,45,Earlier start evening
1507,14,5,09-AUG-18,14,0,Earlier start day time
1508,15,6,03-AUG-18,19,30,Normal evening time
1509,15,6,04-AUG-18,19,30,Normal evening time
1510,15,6,05-AUG-18,19,30,Normal evening time
1511,15,6,05-AUG-18,14,30,Normal day time
1512,15,6,06-AUG-18,19,30,Normal evening time
1513,15,6,07-AUG-18,19,30,Normal evening time
1514,15,6,07-AUG-18,14,30,Normal day time
1515,15,6,08-AUG-18,19,30,Normal evening time
1516,15,6,08-AUG-18,14,30,Normal day time
1517,15,6,09-AUG-18,18,45,Earlier start evening
1518,15,6,09-AUG-18,14,0,Earlier start day time
1519,24,1,10-AUG-18,19,30,Normal evening time
1520,24,1,11-AUG-18,19,30,Normal evening time
1521,24,1,12-AUG-18,19,30,Normal evening time
1522,24,1,12-AUG-18,14,30,Normal day time
1523,24,1,13-AUG-18,19,30,Normal evening time
1524,24,1,14-AUG-18,19,30,Normal evening time
1525,24,1,14-AUG-18,14,30,Normal day time
1526,24,1,15-AUG-18,19,30,Normal evening time
1527,24,1,15-AUG-18,14,30,Normal day time
1528,24,1,16-AUG-18,18,45,Earlier start evening
1529,24,1,16-AUG-18,14,0,Earlier start day time
1530,25,2,10-AUG-18,19,30,Normal evening time
1531,25,2,11-AUG-18,19,30,Normal evening time
1532,25,2,12-AUG-18,19,30,Normal evening time
1533,25,2,12-AUG-18,14,30,Normal day time
1534,25,2,13-AUG-18,19,30,Normal evening time
1535,25,2,14-AUG-18,19,30,Normal evening time
1536,25,2,14-AUG-18,14,30,Normal day time
1537,25,2,15-AUG-18,19,30,Normal evening time
1538,25,2,15-AUG-18,14,30,Normal day time
1539,25,2,16-AUG-18,18,45,Earlier start evening
1540,25,2,16-AUG-18,14,0,Earlier start day time
1541,26,3,10-AUG-18,19,30,Normal evening time
1542,26,3,11-AUG-18,19,30,Normal evening time
1543,26,3,12-AUG-18,19,30,Normal evening time
1544,26,3,12-AUG-18,14,30,Normal day time
1545,26,3,13-AUG-18,19,30,Normal evening time
1546,26,3,14-AUG-18,19,30,Normal evening time
1547,26,3,14-AUG-18,14,30,Normal day time
1548,26,3,15-AUG-18,19,30,Normal evening time
1549,26,3,15-AUG-18,14,30,Normal day time
1550,26,3,16-AUG-18,18,45,Earlier start evening
1551,26,3,16-AUG-18,14,0,Earlier start day time
1552,14,4,10-AUG-18,19,30,Normal evening time
1553,14,4,11-AUG-18,19,30,Normal evening time
1554,14,4,12-AUG-18,19,30,Normal evening time
1555,14,4,12-AUG-18,14,30,Normal day time
1556,14,4,13-AUG-18,19,30,Normal evening time
1557,14,4,14-AUG-18,19,30,Normal evening time
1558,14,4,14-AUG-18,14,30,Normal day time
1559,14,4,15-AUG-18,19,30,Normal evening time
1560,14,4,15-AUG-18,14,30,Normal day time
1561,14,4,16-AUG-18,18,45,Earlier start evening
1562,14,4,16-AUG-18,14,0,Earlier start day time
1563,15,5,10-AUG-18,19,30,Normal evening time
1564,15,5,11-AUG-18,19,30,Normal evening time
1565,15,5,12-AUG-18,19,30,Normal evening time
1566,15,5,12-AUG-18,14,30,Normal day time
1567,15,5,13-AUG-18,19,30,Normal evening time
1568,15,5,14-AUG-18,19,30,Normal evening time
1569,15,5,14-AUG-18,14,30,Normal day time
1570,15,5,15-AUG-18,19,30,Normal evening time
1571,15,5,15-AUG-18,14,30,Normal day time
1572,15,5,16-AUG-18,18,45,Earlier start evening
1573,15,5,16-AUG-18,14,0,Earlier start day time
1574,16,6,10-AUG-18,19,30,Normal evening time
1575,16,6,11-AUG-18,19,30,Normal evening time
1576,16,6,12-AUG-18,19,30,Normal evening time
1577,16,6,12-AUG-18,14,30,Normal day time
1578,16,6,13-AUG-18,19,30,Normal evening time
1579,16,6,14-AUG-18,19,30,Normal evening time
1580,16,6,14-AUG-18,14,30,Normal day time
1581,16,6,15-AUG-18,19,30,Normal evening time
1582,16,6,15-AUG-18,14,30,Normal day time
1583,16,6,16-AUG-18,18,45,Earlier start evening
1584,16,6,16-AUG-18,14,0,Earlier start day time
1585,25,1,17-AUG-18,19,30,Normal evening time
1586,25,1,18-AUG-18,19,30,Normal evening time
1587,25,1,19-AUG-18,19,30,Normal evening time
1588,25,1,19-AUG-18,14,30,Normal day time
1589,25,1,20-AUG-18,19,30,Normal evening time
1590,25,1,21-AUG-18,19,30,Normal evening time
1591,25,1,21-AUG-18,14,30,Normal day time
1592,25,1,22-AUG-18,19,30,Normal evening time
1593,25,1,22-AUG-18,14,30,Normal day time
1594,25,1,23-AUG-18,18,45,Earlier start evening
1595,25,1,23-AUG-18,14,0,Earlier start day time
1596,26,2,17-AUG-18,19,30,Normal evening time
1597,26,2,18-AUG-18,19,30,Normal evening time
1598,26,2,19-AUG-18,19,30,Normal evening time
1599,26,2,19-AUG-18,14,30,Normal day time
1600,26,2,20-AUG-18,19,30,Normal evening time
1601,26,2,21-AUG-18,19,30,Normal evening time
1602,26,2,21-AUG-18,14,30,Normal day time
1603,26,2,22-AUG-18,19,30,Normal evening time
1604,26,2,22-AUG-18,14,30,Normal day time
1605,26,2,23-AUG-18,18,45,Earlier start evening
1606,26,2,23-AUG-18,14,0,Earlier start day time
1607,14,3,17-AUG-18,19,30,Normal evening time
1608,14,3,18-AUG-18,19,30,Normal evening time
1609,14,3,19-AUG-18,19,30,Normal evening time
1610,14,3,19-AUG-18,14,30,Normal day time
1611,14,3,20-AUG-18,19,30,Normal evening time
1612,14,3,21-AUG-18,19,30,Normal evening time
1613,14,3,21-AUG-18,14,30,Normal day time
1614,14,3,22-AUG-18,19,30,Normal evening time
1615,14,3,22-AUG-18,14,30,Normal day time
1616,14,3,23-AUG-18,18,45,Earlier start evening
1617,14,3,23-AUG-18,14,0,Earlier start day time
1618,15,4,17-AUG-18,19,30,Normal evening time
1619,15,4,18-AUG-18,19,30,Normal evening time
1620,15,4,19-AUG-18,19,30,Normal evening time
1621,15,4,19-AUG-18,14,30,Normal day time
1622,15,4,20-AUG-18,19,30,Normal evening time
1623,15,4,21-AUG-18,19,30,Normal evening time
1624,15,4,21-AUG-18,14,30,Normal day time
1625,15,4,22-AUG-18,19,30,Normal evening time
1626,15,4,22-AUG-18,14,30,Normal day time
1627,15,4,23-AUG-18,18,45,Earlier start evening
1628,15,4,23-AUG-18,14,0,Earlier start day time
1629,16,5,17-AUG-18,19,30,Normal evening time
1630,16,5,18-AUG-18,19,30,Normal evening time
1631,16,5,19-AUG-18,19,30,Normal evening time
1632,16,5,19-AUG-18,14,30,Normal day time
1633,16,5,20-AUG-18,19,30,Normal evening time
1634,16,5,21-AUG-18,19,30,Normal evening time
1635,16,5,21-AUG-18,14,30,Normal day time
1636,16,5,22-AUG-18,19,30,Normal evening time
1637,16,5,22-AUG-18,14,30,Normal day time
1638,16,5,23-AUG-18,18,45,Earlier start evening
1639,16,5,23-AUG-18,14,0,Earlier start day time
1640,17,6,17-AUG-18,19,30,Normal evening time
1641,17,6,18-AUG-18,19,30,Normal evening time
1642,17,6,19-AUG-18,19,30,Normal evening time
1643,17,6,19-AUG-18,14,30,Normal day time
1644,17,6,20-AUG-18,19,30,Normal evening time
1645,17,6,21-AUG-18,19,30,Normal evening time
1646,17,6,21-AUG-18,14,30,Normal day time
1647,17,6,22-AUG-18,19,30,Normal evening time
1648,17,6,22-AUG-18,14,30,Normal day time
1649,17,6,23-AUG-18,18,45,Earlier start evening
1650,17,6,23-AUG-18,14,0,Earlier start day time
1651,26,1,24-AUG-18,19,30,Normal evening time
1652,26,1,25-AUG-18,19,30,Normal evening time
1653,26,1,26-AUG-18,19,30,Normal evening time
1654,26,1,26-AUG-18,14,30,Normal day time
1655,26,1,27-AUG-18,19,30,Normal evening time
1656,26,1,28-AUG-18,19,30,Normal evening time
1657,26,1,28-AUG-18,14,30,Normal day time
1658,26,1,29-AUG-18,19,30,Normal evening time
1659,26,1,29-AUG-18,14,30,Normal day time
1660,26,1,30-AUG-18,18,45,Earlier start evening
1661,26,1,30-AUG-18,14,0,Earlier start day time
1662,14,2,24-AUG-18,19,30,Normal evening time
1663,14,2,25-AUG-18,19,30,Normal evening time
1664,14,2,26-AUG-18,19,30,Normal evening time
1665,14,2,26-AUG-18,14,30,Normal day time
1666,14,2,27-AUG-18,19,30,Normal evening time
1667,14,2,28-AUG-18,19,30,Normal evening time
1668,14,2,28-AUG-18,14,30,Normal day time
1669,14,2,29-AUG-18,19,30,Normal evening time
1670,14,2,29-AUG-18,14,30,Normal day time
1671,14,2,30-AUG-18,18,45,Earlier start evening
1672,14,2,30-AUG-18,14,0,Earlier start day time
1673,15,3,24-AUG-18,19,30,Normal evening time
1674,15,3,25-AUG-18,19,30,Normal evening time
1675,15,3,26-AUG-18,19,30,Normal evening time
1676,15,3,26-AUG-18,14,30,Normal day time
1677,15,3,27-AUG-18,19,30,Normal evening time
1678,15,3,28-AUG-18,19,30,Normal evening time
1679,15,3,28-AUG-18,14,30,Normal day time
1680,15,3,29-AUG-18,19,30,Normal evening time
1681,15,3,29-AUG-18,14,30,Normal day time
1682,15,3,30-AUG-18,18,45,Earlier start evening
1683,15,3,30-AUG-18,14,0,Earlier start day time
1684,16,4,24-AUG-18,19,30,Normal evening time
1685,16,4,25-AUG-18,19,30,Normal evening time
1686,16,4,26-AUG-18,19,30,Normal evening time
1687,16,4,26-AUG-18,14,30,Normal day time
1688,16,4,27-AUG-18,19,30,Normal evening time
1689,16,4,28-AUG-18,19,30,Normal evening time
1690,16,4,28-AUG-18,14,30,Normal day time
1691,16,4,29-AUG-18,19,30,Normal evening time
1692,16,4,29-AUG-18,14,30,Normal day time
1693,16,4,30-AUG-18,18,45,Earlier start evening
1694,16,4,30-AUG-18,14,0,Earlier start day time
1695,17,5,24-AUG-18,19,30,Normal evening time
1696,17,5,25-AUG-18,19,30,Normal evening time
1697,17,5,26-AUG-18,19,30,Normal evening time
1698,17,5,26-AUG-18,14,30,Normal day time
1699,17,5,27-AUG-18,19,30,Normal evening time
1700,17,5,28-AUG-18,19,30,Normal evening time
1701,17,5,28-AUG-18,14,30,Normal day time
1702,17,5,29-AUG-18,19,30,Normal evening time
1703,17,5,29-AUG-18,14,30,Normal day time
1704,17,5,30-AUG-18,18,45,Earlier start evening
1705,17,5,30-AUG-18,14,0,Earlier start day time
1706,18,6,24-AUG-18,19,30,Normal evening time
1707,18,6,25-AUG-18,19,30,Normal evening time
1708,18,6,26-AUG-18,19,30,Normal evening time
1709,18,6,26-AUG-18,14,30,Normal day time
1710,18,6,27-AUG-18,19,30,Normal evening time
1711,18,6,28-AUG-18,19,30,Normal evening time
1712,18,6,28-AUG-18,14,30,Normal day time
1713,18,6,29-AUG-18,19,30,Normal evening time
1714,18,6,29-AUG-18,14,30,Normal day time
1715,18,6,30-AUG-18,18,45,Earlier start evening
1716,18,6,30-AUG-18,14,0,Earlier start day time
1717,27,1,31-AUG-18,19,30,Normal evening time
1718,27,1,01-SEP-18,19,30,Normal evening time
1719,27,1,02-SEP-18,19,30,Normal evening time
1720,27,1,02-SEP-18,14,30,Normal day time
1721,27,1,03-SEP-18,19,30,Normal evening time
1722,27,1,04-SEP-18,19,30,Normal evening time
1723,27,1,04-SEP-18,14,30,Normal day time
1724,27,1,05-SEP-18,19,30,Normal evening time
1725,27,1,05-SEP-18,14,30,Normal day time
1726,27,1,06-SEP-18,18,45,Earlier start evening
1727,27,1,06-SEP-18,14,0,Earlier start day time
1728,28,2,31-AUG-18,19,30,Normal evening time
1729,28,2,01-SEP-18,19,30,Normal evening time
1730,28,2,02-SEP-18,19,30,Normal evening time
1731,28,2,02-SEP-18,14,30,Normal day time
1732,28,2,03-SEP-18,19,30,Normal evening time
1733,28,2,04-SEP-18,19,30,Normal evening time
1734,28,2,04-SEP-18,14,30,Normal day time
1735,28,2,05-SEP-18,19,30,Normal evening time
1736,28,2,05-SEP-18,14,30,Normal day time
1737,28,2,06-SEP-18,18,45,Earlier start evening
1738,28,2,06-SEP-18,14,0,Earlier start day time
1739,29,3,31-AUG-18,19,30,Normal evening time
1740,29,3,01-SEP-18,19,30,Normal evening time
1741,29,3,02-SEP-18,19,30,Normal evening time
1742,29,3,02-SEP-18,14,30,Normal day time
1743,29,3,03-SEP-18,19,30,Normal evening time
1744,29,3,04-SEP-18,19,30,Normal evening time
1745,29,3,04-SEP-18,14,30,Normal day time
1746,29,3,05-SEP-18,19,30,Normal evening time
1747,29,3,05-SEP-18,14,30,Normal day time
1748,29,3,06-SEP-18,18,45,Earlier start evening
1749,29,3,06-SEP-18,14,0,Earlier start day time
1750,30,4,31-AUG-18,19,30,Normal evening time
1751,30,4,01-SEP-18,19,30,Normal evening time
1752,30,4,02-SEP-18,19,30,Normal evening time
1753,30,4,02-SEP-18,14,30,Normal day time
1754,30,4,03-SEP-18,19,30,Normal evening time
1755,30,4,04-SEP-18,19,30,Normal evening time
1756,30,4,04-SEP-18,14,30,Normal day time
1757,30,4,05-SEP-18,19,30,Normal evening time
1758,30,4,05-SEP-18,14,30,Normal day time
1759,30,4,06-SEP-18,18,45,Earlier start evening
1760,30,4,06-SEP-18,14,0,Earlier start day time
1761,31,5,31-AUG-18,19,30,Normal evening time
1762,31,5,01-SEP-18,19,30,Normal evening time
1763,31,5,02-SEP-18,19,30,Normal evening time
1764,31,5,02-SEP-18,14,30,Normal day time
1765,31,5,03-SEP-18,19,30,Normal evening time
1766,31,5,04-SEP-18,19,30,Normal evening time
1767,31,5,04-SEP-18,14,30,Normal day time
1768,31,5,05-SEP-18,19,30,Normal evening time
1769,31,5,05-SEP-18,14,30,Normal day time
1770,31,5,06-SEP-18,18,45,Earlier start evening
1771,31,5,06-SEP-18,14,0,Earlier start day time
1772,32,6,31-AUG-18,19,30,Normal evening time
1773,32,6,01-SEP-18,19,30,Normal evening time
1774,32,6,02-SEP-18,19,30,Normal evening time
1775,32,6,02-SEP-18,14,30,Normal day time
1776,32,6,03-SEP-18,19,30,Normal evening time
1777,32,6,04-SEP-18,19,30,Normal evening time
1778,32,6,04-SEP-18,14,30,Normal day time
1779,32,6,05-SEP-18,19,30,Normal evening time
1780,32,6,05-SEP-18,14,30,Normal day time
1781,32,6,06-SEP-18,18,45,Earlier start evening
1782,32,6,06-SEP-18,14,0,Earlier start day time
1783,28,1,07-SEP-18,19,30,Normal evening time
1784,28,1,08-SEP-18,19,30,Normal evening time
1785,28,1,09-SEP-18,19,30,Normal evening time
1786,28,1,09-SEP-18,14,30,Normal day time
1787,28,1,10-SEP-18,19,30,Normal evening time
1788,28,1,11-SEP-18,19,30,Normal evening time
1789,28,1,11-SEP-18,14,30,Normal day time
1790,28,1,12-SEP-18,19,30,Normal evening time
1791,28,1,12-SEP-18,14,30,Normal day time
1792,28,1,13-SEP-18,18,45,Earlier start evening
1793,28,1,13-SEP-18,14,0,Earlier start day time
1794,29,2,07-SEP-18,19,30,Normal evening time
1795,29,2,08-SEP-18,19,30,Normal evening time
1796,29,2,09-SEP-18,19,30,Normal evening time
1797,29,2,09-SEP-18,14,30,Normal day time
1798,29,2,10-SEP-18,19,30,Normal evening time
1799,29,2,11-SEP-18,19,30,Normal evening time
1800,29,2,11-SEP-18,14,30,Normal day time
1801,29,2,12-SEP-18,19,30,Normal evening time
1802,29,2,12-SEP-18,14,30,Normal day time
1803,29,2,13-SEP-18,18,45,Earlier start evening
1804,29,2,13-SEP-18,14,0,Earlier start day time
1805,30,3,07-SEP-18,19,30,Normal evening time
1806,30,3,08-SEP-18,19,30,Normal evening time
1807,30,3,09-SEP-18,19,30,Normal evening time
1808,30,3,09-SEP-18,14,30,Normal day time
1809,30,3,10-SEP-18,19,30,Normal evening time
1810,30,3,11-SEP-18,19,30,Normal evening time
1811,30,3,11-SEP-18,14,30,Normal day time
1812,30,3,12-SEP-18,19,30,Normal evening time
1813,30,3,12-SEP-18,14,30,Normal day time
1814,30,3,13-SEP-18,18,45,Earlier start evening
1815,30,3,13-SEP-18,14,0,Earlier start day time
1816,31,4,07-SEP-18,19,30,Normal evening time
1817,31,4,08-SEP-18,19,30,Normal evening time
1818,31,4,09-SEP-18,19,30,Normal evening time
1819,31,4,09-SEP-18,14,30,Normal day time
1820,31,4,10-SEP-18,19,30,Normal evening time
1821,31,4,11-SEP-18,19,30,Normal evening time
1822,31,4,11-SEP-18,14,30,Normal day time
1823,31,4,12-SEP-18,19,30,Normal evening time
1824,31,4,12-SEP-18,14,30,Normal day time
1825,31,4,13-SEP-18,18,45,Earlier start evening
1826,31,4,13-SEP-18,14,0,Earlier start day time
1827,32,5,07-SEP-18,19,30,Normal evening time
1828,32,5,08-SEP-18,19,30,Normal evening time
1829,32,5,09-SEP-18,19,30,Normal evening time
1830,32,5,09-SEP-18,14,30,Normal day time
1831,32,5,10-SEP-18,19,30,Normal evening time
1832,32,5,11-SEP-18,19,30,Normal evening time
1833,32,5,11-SEP-18,14,30,Normal day time
1834,32,5,12-SEP-18,19,30,Normal evening time
1835,32,5,12-SEP-18,14,30,Normal day time
1836,32,5,13-SEP-18,18,45,Earlier start evening
1837,32,5,13-SEP-18,14,0,Earlier start day time
1838,33,6,07-SEP-18,19,30,Normal evening time
1839,33,6,08-SEP-18,19,30,Normal evening time
1840,33,6,09-SEP-18,19,30,Normal evening time
1841,33,6,09-SEP-18,14,30,Normal day time
1842,33,6,10-SEP-18,19,30,Normal evening time
1843,33,6,11-SEP-18,19,30,Normal evening time
1844,33,6,11-SEP-18,14,30,Normal day time
1845,33,6,12-SEP-18,19,30,Normal evening time
1846,33,6,12-SEP-18,14,30,Normal day time
1847,33,6,13-SEP-18,18,45,Earlier start evening
1848,33,6,13-SEP-18,14,0,Earlier start day time
1849,29,1,14-SEP-18,19,30,Normal evening time
1850,29,1,15-SEP-18,19,30,Normal evening time
1851,29,1,16-SEP-18,19,30,Normal evening time
1852,29,1,16-SEP-18,14,30,Normal day time
1853,29,1,17-SEP-18,19,30,Normal evening time
1854,29,1,18-SEP-18,19,30,Normal evening time
1855,29,1,18-SEP-18,14,30,Normal day time
1856,29,1,19-SEP-18,19,30,Normal evening time
1857,29,1,19-SEP-18,14,30,Normal day time
1858,29,1,20-SEP-18,18,45,Earlier start evening
1859,29,1,20-SEP-18,14,0,Earlier start day time
1860,30,2,14-SEP-18,19,30,Normal evening time
1861,30,2,15-SEP-18,19,30,Normal evening time
1862,30,2,16-SEP-18,19,30,Normal evening time
1863,30,2,16-SEP-18,14,30,Normal day time
1864,30,2,17-SEP-18,19,30,Normal evening time
1865,30,2,18-SEP-18,19,30,Normal evening time
1866,30,2,18-SEP-18,14,30,Normal day time
1867,30,2,19-SEP-18,19,30,Normal evening time
1868,30,2,19-SEP-18,14,30,Normal day time
1869,30,2,20-SEP-18,18,45,Earlier start evening
1870,30,2,20-SEP-18,14,0,Earlier start day time
1871,31,3,14-SEP-18,19,30,Normal evening time
1872,31,3,15-SEP-18,19,30,Normal evening time
1873,31,3,16-SEP-18,19,30,Normal evening time
1874,31,3,16-SEP-18,14,30,Normal day time
1875,31,3,17-SEP-18,19,30,Normal evening time
1876,31,3,18-SEP-18,19,30,Normal evening time
1877,31,3,18-SEP-18,14,30,Normal day time
1878,31,3,19-SEP-18,19,30,Normal evening time
1879,31,3,19-SEP-18,14,30,Normal day time
1880,31,3,20-SEP-18,18,45,Earlier start evening
1881,31,3,20-SEP-18,14,0,Earlier start day time
1882,32,4,14-SEP-18,19,30,Normal evening time
1883,32,4,15-SEP-18,19,30,Normal evening time
1884,32,4,16-SEP-18,19,30,Normal evening time
1885,32,4,16-SEP-18,14,30,Normal day time
1886,32,4,17-SEP-18,19,30,Normal evening time
1887,32,4,18-SEP-18,19,30,Normal evening time
1888,32,4,18-SEP-18,14,30,Normal day time
1889,32,4,19-SEP-18,19,30,Normal evening time
1890,32,4,19-SEP-18,14,30,Normal day time
1891,32,4,20-SEP-18,18,45,Earlier start evening
1892,32,4,20-SEP-18,14,0,Earlier start day time
1893,33,5,14-SEP-18,19,30,Normal evening time
1894,33,5,15-SEP-18,19,30,Normal evening time
1895,33,5,16-SEP-18,19,30,Normal evening time
1896,33,5,16-SEP-18,14,30,Normal day time
1897,33,5,17-SEP-18,19,30,Normal evening time
1898,33,5,18-SEP-18,19,30,Normal evening time
1899,33,5,18-SEP-18,14,30,Normal day time
1900,33,5,19-SEP-18,19,30,Normal evening time
1901,33,5,19-SEP-18,14,30,Normal day time
1902,33,5,20-SEP-18,18,45,Earlier start evening
1903,33,5,20-SEP-18,14,0,Earlier start day time
1904,34,6,14-SEP-18,19,30,Normal evening time
1905,34,6,15-SEP-18,19,30,Normal evening time
1906,34,6,16-SEP-18,19,30,Normal evening time
1907,34,6,16-SEP-18,14,30,Normal day time
1908,34,6,17-SEP-18,19,30,Normal evening time
1909,34,6,18-SEP-18,19,30,Normal evening time
1910,34,6,18-SEP-18,14,30,Normal day time
1911,34,6,19-SEP-18,19,30,Normal evening time
1912,34,6,19-SEP-18,14,30,Normal day time
1913,34,6,20-SEP-18,18,45,Earlier start evening
1914,34,6,20-SEP-18,14,0,Earlier start day time
1915,30,1,21-SEP-18,19,30,Normal evening time
1916,30,1,22-SEP-18,19,30,Normal evening time
1917,30,1,23-SEP-18,19,30,Normal evening time
1918,30,1,23-SEP-18,14,30,Normal day time
1919,30,1,24-SEP-18,19,30,Normal evening time
1920,30,1,25-SEP-18,19,30,Normal evening time
1921,30,1,25-SEP-18,14,30,Normal day time
1922,30,1,26-SEP-18,19,30,Normal evening time
1923,30,1,26-SEP-18,14,30,Normal day time
1924,30,1,27-SEP-18,18,45,Earlier start evening
1925,30,1,27-SEP-18,14,0,Earlier start day time
1926,31,2,21-SEP-18,19,30,Normal evening time
1927,31,2,22-SEP-18,19,30,Normal evening time
1928,31,2,23-SEP-18,19,30,Normal evening time
1929,31,2,23-SEP-18,14,30,Normal day time
1930,31,2,24-SEP-18,19,30,Normal evening time
1931,31,2,25-SEP-18,19,30,Normal evening time
1932,31,2,25-SEP-18,14,30,Normal day time
1933,31,2,26-SEP-18,19,30,Normal evening time
1934,31,2,26-SEP-18,14,30,Normal day time
1935,31,2,27-SEP-18,18,45,Earlier start evening
1936,31,2,27-SEP-18,14,0,Earlier start day time
1937,32,3,21-SEP-18,19,30,Normal evening time
1938,32,3,22-SEP-18,19,30,Normal evening time
1939,32,3,23-SEP-18,19,30,Normal evening time
1940,32,3,23-SEP-18,14,30,Normal day time
1941,32,3,24-SEP-18,19,30,Normal evening time
1942,32,3,25-SEP-18,19,30,Normal evening time
1943,32,3,25-SEP-18,14,30,Normal day time
1944,32,3,26-SEP-18,19,30,Normal evening time
1945,32,3,26-SEP-18,14,30,Normal day time
1946,32,3,27-SEP-18,18,45,Earlier start evening
1947,32,3,27-SEP-18,14,0,Earlier start day time
1948,33,4,21-SEP-18,19,30,Normal evening time
1949,33,4,22-SEP-18,19,30,Normal evening time
1950,33,4,23-SEP-18,19,30,Normal evening time
1951,33,4,23-SEP-18,14,30,Normal day time
1952,33,4,24-SEP-18,19,30,Normal evening time
753,1,3,21-MAY-18,19,30,Normal evening time
754,1,3,22-MAY-18,19,30,Normal evening time
755,1,3,22-MAY-18,14,30,Normal day time
756,1,3,23-MAY-18,19,30,Normal evening time
757,1,3,23-MAY-18,14,30,Normal day time
758,1,3,24-MAY-18,18,45,Earlier start evening
759,1,3,24-MAY-18,14,0,Earlier start day time
760,2,4,18-MAY-18,19,30,Normal evening time
761,2,4,19-MAY-18,19,30,Normal evening time
762,2,4,20-MAY-18,19,30,Normal evening time
763,2,4,20-MAY-18,14,30,Normal day time
764,2,4,21-MAY-18,19,30,Normal evening time
765,2,4,22-MAY-18,19,30,Normal evening time
766,2,4,22-MAY-18,14,30,Normal day time
767,2,4,23-MAY-18,19,30,Normal evening time
768,2,4,23-MAY-18,14,30,Normal day time
769,2,4,24-MAY-18,18,45,Earlier start evening
770,2,4,24-MAY-18,14,0,Earlier start day time
771,3,5,18-MAY-18,19,30,Normal evening time
772,3,5,19-MAY-18,19,30,Normal evening time
773,3,5,20-MAY-18,19,30,Normal evening time
774,3,5,20-MAY-18,14,30,Normal day time
775,3,5,21-MAY-18,19,30,Normal evening time
776,3,5,22-MAY-18,19,30,Normal evening time
777,3,5,22-MAY-18,14,30,Normal day time
778,3,5,23-MAY-18,19,30,Normal evening time
779,3,5,23-MAY-18,14,30,Normal day time
780,3,5,24-MAY-18,18,45,Earlier start evening
781,3,5,24-MAY-18,14,0,Earlier start day time
782,4,6,18-MAY-18,19,30,Normal evening time
783,4,6,19-MAY-18,19,30,Normal evening time
784,4,6,20-MAY-18,19,30,Normal evening time
785,4,6,20-MAY-18,14,30,Normal day time
786,4,6,21-MAY-18,19,30,Normal evening time
787,4,6,22-MAY-18,19,30,Normal evening time
788,4,6,22-MAY-18,14,30,Normal day time
789,4,6,23-MAY-18,19,30,Normal evening time
790,4,6,23-MAY-18,14,30,Normal day time
791,4,6,24-MAY-18,18,45,Earlier start evening
792,4,6,24-MAY-18,14,0,Earlier start day time
793,13,1,25-MAY-18,19,30,Normal evening time
794,13,1,26-MAY-18,19,30,Normal evening time
795,13,1,27-MAY-18,19,30,Normal evening time
796,13,1,27-MAY-18,14,30,Normal day time
797,13,1,28-MAY-18,19,30,Normal evening time
798,13,1,29-MAY-18,19,30,Normal evening time
799,13,1,29-MAY-18,14,30,Normal day time
800,13,1,30-MAY-18,19,30,Normal evening time
801,13,1,30-MAY-18,14,30,Normal day time
802,13,1,31-MAY-18,18,45,Earlier start evening
803,13,1,31-MAY-18,14,0,Earlier start day time
804,1,2,25-MAY-18,19,30,Normal evening time
805,1,2,26-MAY-18,19,30,Normal evening time
806,1,2,27-MAY-18,19,30,Normal evening time
807,1,2,27-MAY-18,14,30,Normal day time
808,1,2,28-MAY-18,19,30,Normal evening time
809,1,2,29-MAY-18,19,30,Normal evening time
810,1,2,29-MAY-18,14,30,Normal day time
811,1,2,30-MAY-18,19,30,Normal evening time
812,1,2,30-MAY-18,14,30,Normal day time
813,1,2,31-MAY-18,18,45,Earlier start evening
814,1,2,31-MAY-18,14,0,Earlier start day time
815,2,3,25-MAY-18,19,30,Normal evening time
816,2,3,26-MAY-18,19,30,Normal evening time
817,2,3,27-MAY-18,19,30,Normal evening time
818,2,3,27-MAY-18,14,30,Normal day time
819,2,3,28-MAY-18,19,30,Normal evening time
820,2,3,29-MAY-18,19,30,Normal evening time
821,2,3,29-MAY-18,14,30,Normal day time
822,2,3,30-MAY-18,19,30,Normal evening time
823,2,3,30-MAY-18,14,30,Normal day time
824,2,3,31-MAY-18,18,45,Earlier start evening
825,2,3,31-MAY-18,14,0,Earlier start day time
826,3,4,25-MAY-18,19,30,Normal evening time
827,3,4,26-MAY-18,19,30,Normal evening time
828,3,4,27-MAY-18,19,30,Normal evening time
829,3,4,27-MAY-18,14,30,Normal day time
830,3,4,28-MAY-18,19,30,Normal evening time
831,3,4,29-MAY-18,19,30,Normal evening time
832,3,4,29-MAY-18,14,30,Normal day time
833,3,4,30-MAY-18,19,30,Normal evening time
834,3,4,30-MAY-18,14,30,Normal day time
835,3,4,31-MAY-18,18,45,Earlier start evening
836,3,4,31-MAY-18,14,0,Earlier start day time
837,4,5,25-MAY-18,19,30,Normal evening time
838,4,5,26-MAY-18,19,30,Normal evening time
839,4,5,27-MAY-18,19,30,Normal evening time
840,4,5,27-MAY-18,14,30,Normal day time
841,4,5,28-MAY-18,19,30,Normal evening time
842,4,5,29-MAY-18,19,30,Normal evening time
843,4,5,29-MAY-18,14,30,Normal day time
844,4,5,30-MAY-18,19,30,Normal evening time
845,4,5,30-MAY-18,14,30,Normal day time
846,4,5,31-MAY-18,18,45,Earlier start evening
847,4,5,31-MAY-18,14,0,Earlier start day time
848,5,6,25-MAY-18,19,30,Normal evening time
849,5,6,26-MAY-18,19,30,Normal evening time
850,5,6,27-MAY-18,19,30,Normal evening time
851,5,6,27-MAY-18,14,30,Normal day time
852,5,6,28-MAY-18,19,30,Normal evening time
853,5,6,29-MAY-18,19,30,Normal evening time
854,5,6,29-MAY-18,14,30,Normal day time
855,5,6,30-MAY-18,19,30,Normal evening time
856,5,6,30-MAY-18,14,30,Normal day time
857,5,6,31-MAY-18,18,45,Earlier start evening
858,5,6,31-MAY-18,14,0,Earlier start day time
859,14,1,01-JUN-18,19,30,Normal evening time
860,14,1,02-JUN-18,19,30,Normal evening time
861,14,1,03-JUN-18,19,30,Normal evening time
862,14,1,03-JUN-18,14,30,Normal day time
863,14,1,04-JUN-18,19,30,Normal evening time
864,14,1,05-JUN-18,19,30,Normal evening time
865,14,1,05-JUN-18,14,30,Normal day time
866,14,1,06-JUN-18,19,30,Normal evening time
867,14,1,06-JUN-18,14,30,Normal day time
868,14,1,07-JUN-18,18,45,Earlier start evening
869,14,1,07-JUN-18,14,0,Earlier start day time
870,15,2,01-JUN-18,19,30,Normal evening time
871,15,2,02-JUN-18,19,30,Normal evening time
872,15,2,03-JUN-18,19,30,Normal evening time
873,15,2,03-JUN-18,14,30,Normal day time
874,15,2,04-JUN-18,19,30,Normal evening time
875,15,2,05-JUN-18,19,30,Normal evening time
876,15,2,05-JUN-18,14,30,Normal day time
877,15,2,06-JUN-18,19,30,Normal evening time
878,15,2,06-JUN-18,14,30,Normal day time
879,15,2,07-JUN-18,18,45,Earlier start evening
880,15,2,07-JUN-18,14,0,Earlier start day time
881,16,3,01-JUN-18,19,30,Normal evening time
882,16,3,02-JUN-18,19,30,Normal evening time
883,16,3,03-JUN-18,19,30,Normal evening time
884,16,3,03-JUN-18,14,30,Normal day time
885,16,3,04-JUN-18,19,30,Normal evening time
886,16,3,05-JUN-18,19,30,Normal evening time
887,16,3,05-JUN-18,14,30,Normal day time
888,16,3,06-JUN-18,19,30,Normal evening time
889,16,3,06-JUN-18,14,30,Normal day time
890,16,3,07-JUN-18,18,45,Earlier start evening
891,16,3,07-JUN-18,14,0,Earlier start day time
892,17,4,01-JUN-18,19,30,Normal evening time
893,17,4,02-JUN-18,19,30,Normal evening time
894,17,4,03-JUN-18,19,30,Normal evening time
895,17,4,03-JUN-18,14,30,Normal day time
896,17,4,04-JUN-18,19,30,Normal evening time
897,17,4,05-JUN-18,19,30,Normal evening time
898,17,4,05-JUN-18,14,30,Normal day time
899,17,4,06-JUN-18,19,30,Normal evening time
900,17,4,06-JUN-18,14,30,Normal day time
901,17,4,07-JUN-18,18,45,Earlier start evening
902,17,4,07-JUN-18,14,0,Earlier start day time
903,18,5,01-JUN-18,19,30,Normal evening time
904,18,5,02-JUN-18,19,30,Normal evening time
905,18,5,03-JUN-18,19,30,Normal evening time
906,18,5,03-JUN-18,14,30,Normal day time
907,18,5,04-JUN-18,19,30,Normal evening time
908,18,5,05-JUN-18,19,30,Normal evening time
909,18,5,05-JUN-18,14,30,Normal day time
910,18,5,06-JUN-18,19,30,Normal evening time
911,18,5,06-JUN-18,14,30,Normal day time
912,18,5,07-JUN-18,18,45,Earlier start evening
913,18,5,07-JUN-18,14,0,Earlier start day time
914,19,6,01-JUN-18,19,30,Normal evening time
915,19,6,02-JUN-18,19,30,Normal evening time
916,19,6,03-JUN-18,19,30,Normal evening time
917,19,6,03-JUN-18,14,30,Normal day time
918,19,6,04-JUN-18,19,30,Normal evening time
919,19,6,05-JUN-18,19,30,Normal evening time
920,19,6,05-JUN-18,14,30,Normal day time
921,19,6,06-JUN-18,19,30,Normal evening time
922,19,6,06-JUN-18,14,30,Normal day time
923,19,6,07-JUN-18,18,45,Earlier start evening
924,19,6,07-JUN-18,14,0,Earlier start day time
925,15,1,08-JUN-18,19,30,Normal evening time
926,15,1,09-JUN-18,19,30,Normal evening time
927,15,1,10-JUN-18,19,30,Normal evening time
928,15,1,10-JUN-18,14,30,Normal day time
929,15,1,11-JUN-18,19,30,Normal evening time
930,15,1,12-JUN-18,19,30,Normal evening time
931,15,1,12-JUN-18,14,30,Normal day time
932,15,1,13-JUN-18,19,30,Normal evening time
933,15,1,13-JUN-18,14,30,Normal day time
934,15,1,14-JUN-18,18,45,Earlier start evening
935,15,1,14-JUN-18,14,0,Earlier start day time
936,16,2,08-JUN-18,19,30,Normal evening time
937,16,2,09-JUN-18,19,30,Normal evening time
938,16,2,10-JUN-18,19,30,Normal evening time
939,16,2,10-JUN-18,14,30,Normal day time
940,16,2,11-JUN-18,19,30,Normal evening time
941,16,2,12-JUN-18,19,30,Normal evening time
942,16,2,12-JUN-18,14,30,Normal day time
943,16,2,13-JUN-18,19,30,Normal evening time
944,16,2,13-JUN-18,14,30,Normal day time
945,16,2,14-JUN-18,18,45,Earlier start evening
946,16,2,14-JUN-18,14,0,Earlier start day time
947,17,3,08-JUN-18,19,30,Normal evening time
948,17,3,09-JUN-18,19,30,Normal evening time
949,17,3,10-JUN-18,19,30,Normal evening time
950,17,3,10-JUN-18,14,30,Normal day time
951,17,3,11-JUN-18,19,30,Normal evening time
952,17,3,12-JUN-18,19,30,Normal evening time
953,17,3,12-JUN-18,14,30,Normal day time
954,17,3,13-JUN-18,19,30,Normal evening time
955,17,3,13-JUN-18,14,30,Normal day time
956,17,3,14-JUN-18,18,45,Earlier start evening
957,17,3,14-JUN-18,14,0,Earlier start day time
958,18,4,08-JUN-18,19,30,Normal evening time
959,18,4,09-JUN-18,19,30,Normal evening time
960,18,4,10-JUN-18,19,30,Normal evening time
961,18,4,10-JUN-18,14,30,Normal day time
962,18,4,11-JUN-18,19,30,Normal evening time
963,18,4,12-JUN-18,19,30,Normal evening time
964,18,4,12-JUN-18,14,30,Normal day time
965,18,4,13-JUN-18,19,30,Normal evening time
966,18,4,13-JUN-18,14,30,Normal day time
967,18,4,14-JUN-18,18,45,Earlier start evening
968,18,4,14-JUN-18,14,0,Earlier start day time
969,19,5,08-JUN-18,19,30,Normal evening time
970,19,5,09-JUN-18,19,30,Normal evening time
971,19,5,10-JUN-18,19,30,Normal evening time
972,19,5,10-JUN-18,14,30,Normal day time
973,19,5,11-JUN-18,19,30,Normal evening time
974,19,5,12-JUN-18,19,30,Normal evening time
975,19,5,12-JUN-18,14,30,Normal day time
976,19,5,13-JUN-18,19,30,Normal evening time
977,19,5,13-JUN-18,14,30,Normal day time
978,19,5,14-JUN-18,18,45,Earlier start evening
979,19,5,14-JUN-18,14,0,Earlier start day time
980,20,6,08-JUN-18,19,30,Normal evening time
981,20,6,09-JUN-18,19,30,Normal evening time
982,20,6,10-JUN-18,19,30,Normal evening time
983,20,6,10-JUN-18,14,30,Normal day time
984,20,6,11-JUN-18,19,30,Normal evening time
985,20,6,12-JUN-18,19,30,Normal evening time
986,20,6,12-JUN-18,14,30,Normal day time
987,20,6,13-JUN-18,19,30,Normal evening time
988,20,6,13-JUN-18,14,30,Normal day time
989,20,6,14-JUN-18,18,45,Earlier start evening
990,20,6,14-JUN-18,14,0,Earlier start day time
991,16,1,15-JUN-18,19,30,Normal evening time
992,16,1,16-JUN-18,19,30,Normal evening time
993,16,1,17-JUN-18,19,30,Normal evening time
994,16,1,17-JUN-18,14,30,Normal day time
995,16,1,18-JUN-18,19,30,Normal evening time
996,16,1,19-JUN-18,19,30,Normal evening time
997,16,1,19-JUN-18,14,30,Normal day time
998,16,1,20-JUN-18,19,30,Normal evening time
999,16,1,20-JUN-18,14,30,Normal day time
1000,16,1,21-JUN-18,18,45,Earlier start evening
1001,16,1,21-JUN-18,14,0,Earlier start day time
1002,17,2,15-JUN-18,19,30,Normal evening time
1003,17,2,16-JUN-18,19,30,Normal evening time
1004,17,2,17-JUN-18,19,30,Normal evening time
1005,17,2,17-JUN-18,14,30,Normal day time
1006,17,2,18-JUN-18,19,30,Normal evening time
1007,17,2,19-JUN-18,19,30,Normal evening time
1008,17,2,19-JUN-18,14,30,Normal day time
1009,17,2,20-JUN-18,19,30,Normal evening time
1010,17,2,20-JUN-18,14,30,Normal day time
1011,17,2,21-JUN-18,18,45,Earlier start evening
1012,17,2,21-JUN-18,14,0,Earlier start day time
1013,18,3,15-JUN-18,19,30,Normal evening time
1014,18,3,16-JUN-18,19,30,Normal evening time
1015,18,3,17-JUN-18,19,30,Normal evening time
1016,18,3,17-JUN-18,14,30,Normal day time
1017,18,3,18-JUN-18,19,30,Normal evening time
1018,18,3,19-JUN-18,19,30,Normal evening time
1019,18,3,19-JUN-18,14,30,Normal day time
1020,18,3,20-JUN-18,19,30,Normal evening time
1021,18,3,20-JUN-18,14,30,Normal day time
1022,18,3,21-JUN-18,18,45,Earlier start evening
1023,18,3,21-JUN-18,14,0,Earlier start day time
1024,19,4,15-JUN-18,19,30,Normal evening time
1025,19,4,16-JUN-18,19,30,Normal evening time
1026,19,4,17-JUN-18,19,30,Normal evening time
1027,19,4,17-JUN-18,14,30,Normal day time
1028,19,4,18-JUN-18,19,30,Normal evening time
1029,19,4,19-JUN-18,19,30,Normal evening time
1030,19,4,19-JUN-18,14,30,Normal day time
1031,19,4,20-JUN-18,19,30,Normal evening time
1032,19,4,20-JUN-18,14,30,Normal day time
1033,19,4,21-JUN-18,18,45,Earlier start evening
1034,19,4,21-JUN-18,14,0,Earlier start day time
1035,20,5,15-JUN-18,19,30,Normal evening time
1036,20,5,16-JUN-18,19,30,Normal evening time
1037,20,5,17-JUN-18,19,30,Normal evening time
1038,20,5,17-JUN-18,14,30,Normal day time
1039,20,5,18-JUN-18,19,30,Normal evening time
1040,20,5,19-JUN-18,19,30,Normal evening time
1041,20,5,19-JUN-18,14,30,Normal day time
1042,20,5,20-JUN-18,19,30,Normal evening time
1043,20,5,20-JUN-18,14,30,Normal day time
1044,20,5,21-JUN-18,18,45,Earlier start evening
1045,20,5,21-JUN-18,14,0,Earlier start day time
1046,21,6,15-JUN-18,19,30,Normal evening time
1047,21,6,16-JUN-18,19,30,Normal evening time
1048,21,6,17-JUN-18,19,30,Normal evening time
1049,21,6,17-JUN-18,14,30,Normal day time
1050,21,6,18-JUN-18,19,30,Normal evening time
1051,21,6,19-JUN-18,19,30,Normal evening time
1052,21,6,19-JUN-18,14,30,Normal day time
1053,21,6,20-JUN-18,19,30,Normal evening time
1054,21,6,20-JUN-18,14,30,Normal day time
1055,21,6,21-JUN-18,18,45,Earlier start evening
1056,21,6,21-JUN-18,14,0,Earlier start day time
1057,17,1,22-JUN-18,19,30,Normal evening time
1058,17,1,23-JUN-18,19,30,Normal evening time
1059,17,1,24-JUN-18,19,30,Normal evening time
1060,17,1,24-JUN-18,14,30,Normal day time
1061,17,1,25-JUN-18,19,30,Normal evening time
1062,17,1,26-JUN-18,19,30,Normal evening time
1063,17,1,26-JUN-18,14,30,Normal day time
1064,17,1,27-JUN-18,19,30,Normal evening time
1065,17,1,27-JUN-18,14,30,Normal day time
1066,17,1,28-JUN-18,18,45,Earlier start evening
1067,17,1,28-JUN-18,14,0,Earlier start day time
1068,18,2,22-JUN-18,19,30,Normal evening time
1069,18,2,23-JUN-18,19,30,Normal evening time
1070,18,2,24-JUN-18,19,30,Normal evening time
1071,18,2,24-JUN-18,14,30,Normal day time
1072,18,2,25-JUN-18,19,30,Normal evening time
1073,18,2,26-JUN-18,19,30,Normal evening time
1074,18,2,26-JUN-18,14,30,Normal day time
1075,18,2,27-JUN-18,19,30,Normal evening time
1076,18,2,27-JUN-18,14,30,Normal day time
1077,18,2,28-JUN-18,18,45,Earlier start evening
1078,18,2,28-JUN-18,14,0,Earlier start day time
1079,19,3,22-JUN-18,19,30,Normal evening time
1080,19,3,23-JUN-18,19,30,Normal evening time
1081,19,3,24-JUN-18,19,30,Normal evening time
1082,19,3,24-JUN-18,14,30,Normal day time
1083,19,3,25-JUN-18,19,30,Normal evening time
1084,19,3,26-JUN-18,19,30,Normal evening time
1085,19,3,26-JUN-18,14,30,Normal day time
1086,19,3,27-JUN-18,19,30,Normal evening time
1087,19,3,27-JUN-18,14,30,Normal day time
1088,19,3,28-JUN-18,18,45,Earlier start evening
1089,19,3,28-JUN-18,14,0,Earlier start day time
1090,20,4,22-JUN-18,19,30,Normal evening time
1091,20,4,23-JUN-18,19,30,Normal evening time
1092,20,4,24-JUN-18,19,30,Normal evening time
1093,20,4,24-JUN-18,14,30,Normal day time
1094,20,4,25-JUN-18,19,30,Normal evening time
1095,20,4,26-JUN-18,19,30,Normal evening time
1096,20,4,26-JUN-18,14,30,Normal day time
1097,20,4,27-JUN-18,19,30,Normal evening time
1098,20,4,27-JUN-18,14,30,Normal day time
1099,20,4,28-JUN-18,18,45,Earlier start evening
1100,20,4,28-JUN-18,14,0,Earlier start day time
1101,21,5,22-JUN-18,19,30,Normal evening time
1102,21,5,23-JUN-18,19,30,Normal evening time
1103,21,5,24-JUN-18,19,30,Normal evening time
1104,21,5,24-JUN-18,14,30,Normal day time
1105,21,5,25-JUN-18,19,30,Normal evening time
1106,21,5,26-JUN-18,19,30,Normal evening time
1107,21,5,26-JUN-18,14,30,Normal day time
1108,21,5,27-JUN-18,19,30,Normal evening time
1109,21,5,27-JUN-18,14,30,Normal day time
1110,21,5,28-JUN-18,18,45,Earlier start evening
1111,21,5,28-JUN-18,14,0,Earlier start day time
1112,22,6,22-JUN-18,19,30,Normal evening time
1113,22,6,23-JUN-18,19,30,Normal evening time
1114,22,6,24-JUN-18,19,30,Normal evening time
1115,22,6,24-JUN-18,14,30,Normal day time
1116,22,6,25-JUN-18,19,30,Normal evening time
1117,22,6,26-JUN-18,19,30,Normal evening time
1118,22,6,26-JUN-18,14,30,Normal day time
1119,22,6,27-JUN-18,19,30,Normal evening time
1120,22,6,27-JUN-18,14,30,Normal day time
1121,22,6,28-JUN-18,18,45,Earlier start evening
1122,22,6,28-JUN-18,14,0,Earlier start day time
1123,18,1,29-JUN-18,19,30,Normal evening time
1124,18,1,30-JUN-18,19,30,Normal evening time
1125,18,1,01-JUL-18,19,30,Normal evening time
1126,18,1,01-JUL-18,14,30,Normal day time
1127,18,1,02-JUL-18,19,30,Normal evening time
1128,18,1,03-JUL-18,19,30,Normal evening time
1129,18,1,03-JUL-18,14,30,Normal day time
1130,18,1,04-JUL-18,19,30,Normal evening time
1131,18,1,04-JUL-18,14,30,Normal day time
1132,18,1,05-JUL-18,18,45,Earlier start evening
1133,18,1,05-JUL-18,14,0,Earlier start day time
1134,19,2,29-JUN-18,19,30,Normal evening time
1135,19,2,30-JUN-18,19,30,Normal evening time
1136,19,2,01-JUL-18,19,30,Normal evening time
1137,19,2,01-JUL-18,14,30,Normal day time
1138,19,2,02-JUL-18,19,30,Normal evening time
1139,19,2,03-JUL-18,19,30,Normal evening time
1140,19,2,03-JUL-18,14,30,Normal day time
1141,19,2,04-JUL-18,19,30,Normal evening time
1142,19,2,04-JUL-18,14,30,Normal day time
1143,19,2,05-JUL-18,18,45,Earlier start evening
1144,19,2,05-JUL-18,14,0,Earlier start day time
1145,20,3,29-JUN-18,19,30,Normal evening time
1146,20,3,30-JUN-18,19,30,Normal evening time
1147,20,3,01-JUL-18,19,30,Normal evening time
1148,20,3,01-JUL-18,14,30,Normal day time
1149,20,3,02-JUL-18,19,30,Normal evening time
1150,20,3,03-JUL-18,19,30,Normal evening time
1151,20,3,03-JUL-18,14,30,Normal day time
1152,20,3,04-JUL-18,19,30,Normal evening time
1153,20,3,04-JUL-18,14,30,Normal day time
1154,20,3,05-JUL-18,18,45,Earlier start evening
1155,20,3,05-JUL-18,14,0,Earlier start day time
1156,21,4,29-JUN-18,19,30,Normal evening time
1157,21,4,30-JUN-18,19,30,Normal evening time
1158,21,4,01-JUL-18,19,30,Normal evening time
1159,21,4,01-JUL-18,14,30,Normal day time
1160,21,4,02-JUL-18,19,30,Normal evening time
1161,21,4,03-JUL-18,19,30,Normal evening time
1162,21,4,03-JUL-18,14,30,Normal day time
1163,21,4,04-JUL-18,19,30,Normal evening time
1164,21,4,04-JUL-18,14,30,Normal day time
1165,21,4,05-JUL-18,18,45,Earlier start evening
1166,21,4,05-JUL-18,14,0,Earlier start day time
1167,22,5,29-JUN-18,19,30,Normal evening time
1168,22,5,30-JUN-18,19,30,Normal evening time
1169,22,5,01-JUL-18,19,30,Normal evening time
1170,22,5,01-JUL-18,14,30,Normal day time
1171,22,5,02-JUL-18,19,30,Normal evening time
1172,22,5,03-JUL-18,19,30,Normal evening time
1173,22,5,03-JUL-18,14,30,Normal day time
1174,22,5,04-JUL-18,19,30,Normal evening time
1175,22,5,04-JUL-18,14,30,Normal day time
1176,22,5,05-JUL-18,18,45,Earlier start evening
1177,22,5,05-JUL-18,14,0,Earlier start day time
1178,23,6,29-JUN-18,19,30,Normal evening time
1179,23,6,30-JUN-18,19,30,Normal evening time
1180,23,6,01-JUL-18,19,30,Normal evening time
1181,23,6,01-JUL-18,14,30,Normal day time
1182,23,6,02-JUL-18,19,30,Normal evening time
1183,23,6,03-JUL-18,19,30,Normal evening time
1184,23,6,03-JUL-18,14,30,Normal day time
1185,23,6,04-JUL-18,19,30,Normal evening time
1186,23,6,04-JUL-18,14,30,Normal day time
1187,23,6,05-JUL-18,18,45,Earlier start evening
1188,23,6,05-JUL-18,14,0,Earlier start day time
1189,19,1,06-JUL-18,19,30,Normal evening time
1190,19,1,07-JUL-18,19,30,Normal evening time
1191,19,1,08-JUL-18,19,30,Normal evening time
1192,19,1,08-JUL-18,14,30,Normal day time
1193,19,1,09-JUL-18,19,30,Normal evening time
1194,19,1,10-JUL-18,19,30,Normal evening time
1195,19,1,10-JUL-18,14,30,Normal day time
1196,19,1,11-JUL-18,19,30,Normal evening time
1197,19,1,11-JUL-18,14,30,Normal day time
1198,19,1,12-JUL-18,18,45,Earlier start evening
1199,19,1,12-JUL-18,14,0,Earlier start day time
1200,20,2,06-JUL-18,19,30,Normal evening time
1201,20,2,07-JUL-18,19,30,Normal evening time
1202,20,2,08-JUL-18,19,30,Normal evening time
1203,20,2,08-JUL-18,14,30,Normal day time
1204,20,2,09-JUL-18,19,30,Normal evening time
1205,20,2,10-JUL-18,19,30,Normal evening time
1206,20,2,10-JUL-18,14,30,Normal day time
1207,20,2,11-JUL-18,19,30,Normal evening time
1208,20,2,11-JUL-18,14,30,Normal day time
1209,20,2,12-JUL-18,18,45,Earlier start evening
1210,20,2,12-JUL-18,14,0,Earlier start day time
1211,21,3,06-JUL-18,19,30,Normal evening time
1212,21,3,07-JUL-18,19,30,Normal evening time
1213,21,3,08-JUL-18,19,30,Normal evening time
1214,21,3,08-JUL-18,14,30,Normal day time
1215,21,3,09-JUL-18,19,30,Normal evening time
1216,21,3,10-JUL-18,19,30,Normal evening time
1217,21,3,10-JUL-18,14,30,Normal day time
1218,21,3,11-JUL-18,19,30,Normal evening time
1219,21,3,11-JUL-18,14,30,Normal day time
1220,21,3,12-JUL-18,18,45,Earlier start evening
1221,21,3,12-JUL-18,14,0,Earlier start day time
1222,22,4,06-JUL-18,19,30,Normal evening time
1223,22,4,07-JUL-18,19,30,Normal evening time
1224,22,4,08-JUL-18,19,30,Normal evening time
1225,22,4,08-JUL-18,14,30,Normal day time
1226,22,4,09-JUL-18,19,30,Normal evening time
1227,22,4,10-JUL-18,19,30,Normal evening time
1228,22,4,10-JUL-18,14,30,Normal day time
1229,22,4,11-JUL-18,19,30,Normal evening time
1230,22,4,11-JUL-18,14,30,Normal day time
1231,22,4,12-JUL-18,18,45,Earlier start evening
1232,22,4,12-JUL-18,14,0,Earlier start day time
1233,23,5,06-JUL-18,19,30,Normal evening time
1234,23,5,07-JUL-18,19,30,Normal evening time
1235,23,5,08-JUL-18,19,30,Normal evening time
1236,23,5,08-JUL-18,14,30,Normal day time
1237,23,5,09-JUL-18,19,30,Normal evening time
1238,23,5,10-JUL-18,19,30,Normal evening time
1239,23,5,10-JUL-18,14,30,Normal day time
1240,23,5,11-JUL-18,19,30,Normal evening time
1241,23,5,11-JUL-18,14,30,Normal day time
1242,23,5,12-JUL-18,18,45,Earlier start evening
1243,23,5,12-JUL-18,14,0,Earlier start day time
1244,24,6,06-JUL-18,19,30,Normal evening time
1245,24,6,07-JUL-18,19,30,Normal evening time
1246,24,6,08-JUL-18,19,30,Normal evening time
1247,24,6,08-JUL-18,14,30,Normal day time
1248,24,6,09-JUL-18,19,30,Normal evening time
1249,24,6,10-JUL-18,19,30,Normal evening time
1250,24,6,10-JUL-18,14,30,Normal day time
1251,24,6,11-JUL-18,19,30,Normal evening time
1252,24,6,11-JUL-18,14,30,Normal day time
1253,24,6,12-JUL-18,18,45,Earlier start evening
1254,24,6,12-JUL-18,14,0,Earlier start day time
1255,20,1,13-JUL-18,19,30,Normal evening time
1256,20,1,14-JUL-18,19,30,Normal evening time
1257,20,1,15-JUL-18,19,30,Normal evening time
1258,20,1,15-JUL-18,14,30,Normal day time
1259,20,1,16-JUL-18,19,30,Normal evening time
1260,20,1,17-JUL-18,19,30,Normal evening time
1261,20,1,17-JUL-18,14,30,Normal day time
1262,20,1,18-JUL-18,19,30,Normal evening time
1263,20,1,18-JUL-18,14,30,Normal day time
1264,20,1,19-JUL-18,18,45,Earlier start evening
1265,20,1,19-JUL-18,14,0,Earlier start day time
1266,21,2,13-JUL-18,19,30,Normal evening time
1267,21,2,14-JUL-18,19,30,Normal evening time
1268,21,2,15-JUL-18,19,30,Normal evening time
1269,21,2,15-JUL-18,14,30,Normal day time
1270,21,2,16-JUL-18,19,30,Normal evening time
1271,21,2,17-JUL-18,19,30,Normal evening time
1272,21,2,17-JUL-18,14,30,Normal day time
1273,21,2,18-JUL-18,19,30,Normal evening time
1274,21,2,18-JUL-18,14,30,Normal day time
1275,21,2,19-JUL-18,18,45,Earlier start evening
1276,21,2,19-JUL-18,14,0,Earlier start day time
1277,22,3,13-JUL-18,19,30,Normal evening time
1278,22,3,14-JUL-18,19,30,Normal evening time
1279,22,3,15-JUL-18,19,30,Normal evening time
1280,22,3,15-JUL-18,14,30,Normal day time
1281,22,3,16-JUL-18,19,30,Normal evening time
1282,22,3,17-JUL-18,19,30,Normal evening time
1283,22,3,17-JUL-18,14,30,Normal day time
1284,22,3,18-JUL-18,19,30,Normal evening time
1285,22,3,18-JUL-18,14,30,Normal day time
1286,22,3,19-JUL-18,18,45,Earlier start evening
1287,22,3,19-JUL-18,14,0,Earlier start day time
1288,23,4,13-JUL-18,19,30,Normal evening time
1289,23,4,14-JUL-18,19,30,Normal evening time
1290,23,4,15-JUL-18,19,30,Normal evening time
1291,23,4,15-JUL-18,14,30,Normal day time
1292,23,4,16-JUL-18,19,30,Normal evening time
1293,23,4,17-JUL-18,19,30,Normal evening time
1294,23,4,17-JUL-18,14,30,Normal day time
1295,23,4,18-JUL-18,19,30,Normal evening time
1296,23,4,18-JUL-18,14,30,Normal day time
1297,23,4,19-JUL-18,18,45,Earlier start evening
1298,23,4,19-JUL-18,14,0,Earlier start day time
1299,24,5,13-JUL-18,19,30,Normal evening time
1300,24,5,14-JUL-18,19,30,Normal evening time
1301,24,5,15-JUL-18,19,30,Normal evening time
1302,24,5,15-JUL-18,14,30,Normal day time
1303,24,5,16-JUL-18,19,30,Normal evening time
1304,24,5,17-JUL-18,19,30,Normal evening time
1305,24,5,17-JUL-18,14,30,Normal day time
1306,24,5,18-JUL-18,19,30,Normal evening time
1307,24,5,18-JUL-18,14,30,Normal day time
1308,24,5,19-JUL-18,18,45,Earlier start evening
1309,24,5,19-JUL-18,14,0,Earlier start day time
1310,25,6,13-JUL-18,19,30,Normal evening time
1311,25,6,14-JUL-18,19,30,Normal evening time
1312,25,6,15-JUL-18,19,30,Normal evening time
1313,25,6,15-JUL-18,14,30,Normal day time
1314,25,6,16-JUL-18,19,30,Normal evening time
1315,25,6,17-JUL-18,19,30,Normal evening time
1316,25,6,17-JUL-18,14,30,Normal day time
1317,25,6,18-JUL-18,19,30,Normal evening time
1318,25,6,18-JUL-18,14,30,Normal day time
1319,25,6,19-JUL-18,18,45,Earlier start evening
1320,25,6,19-JUL-18,14,0,Earlier start day time
1321,21,1,20-JUL-18,19,30,Normal evening time
1322,21,1,21-JUL-18,19,30,Normal evening time
1323,21,1,22-JUL-18,19,30,Normal evening time
1324,21,1,22-JUL-18,14,30,Normal day time
1325,21,1,23-JUL-18,19,30,Normal evening time
1326,21,1,24-JUL-18,19,30,Normal evening time
1327,21,1,24-JUL-18,14,30,Normal day time
1328,21,1,25-JUL-18,19,30,Normal evening time
1329,21,1,25-JUL-18,14,30,Normal day time
1330,21,1,26-JUL-18,18,45,Earlier start evening
1331,21,1,26-JUL-18,14,0,Earlier start day time
1332,22,2,20-JUL-18,19,30,Normal evening time
1333,22,2,21-JUL-18,19,30,Normal evening time
1334,22,2,22-JUL-18,19,30,Normal evening time
1335,22,2,22-JUL-18,14,30,Normal day time
1336,22,2,23-JUL-18,19,30,Normal evening time
1337,22,2,24-JUL-18,19,30,Normal evening time
1338,22,2,24-JUL-18,14,30,Normal day time
1339,22,2,25-JUL-18,19,30,Normal evening time
1340,22,2,25-JUL-18,14,30,Normal day time
1341,22,2,26-JUL-18,18,45,Earlier start evening
1342,22,2,26-JUL-18,14,0,Earlier start day time
1343,23,3,20-JUL-18,19,30,Normal evening time
1344,23,3,21-JUL-18,19,30,Normal evening time
1345,23,3,22-JUL-18,19,30,Normal evening time
1346,23,3,22-JUL-18,14,30,Normal day time
1347,23,3,23-JUL-18,19,30,Normal evening time
1348,23,3,24-JUL-18,19,30,Normal evening time
1349,23,3,24-JUL-18,14,30,Normal day time
1350,23,3,25-JUL-18,19,30,Normal evening time
1351,23,3,25-JUL-18,14,30,Normal day time
1352,23,3,26-JUL-18,18,45,Earlier start evening
1353,23,3,26-JUL-18,14,0,Earlier start day time
1354,24,4,20-JUL-18,19,30,Normal evening time
1355,24,4,21-JUL-18,19,30,Normal evening time
1356,24,4,22-JUL-18,19,30,Normal evening time
1357,24,4,22-JUL-18,14,30,Normal day time
1358,24,4,23-JUL-18,19,30,Normal evening time
1359,24,4,24-JUL-18,19,30,Normal evening time
1360,24,4,24-JUL-18,14,30,Normal day time
1361,24,4,25-JUL-18,19,30,Normal evening time
1362,24,4,25-JUL-18,14,30,Normal day time
1363,24,4,26-JUL-18,18,45,Earlier start evening
1364,24,4,26-JUL-18,14,0,Earlier start day time
1365,25,5,20-JUL-18,19,30,Normal evening time
1366,25,5,21-JUL-18,19,30,Normal evening time
1367,25,5,22-JUL-18,19,30,Normal evening time
1368,25,5,22-JUL-18,14,30,Normal day time
1369,25,5,23-JUL-18,19,30,Normal evening time
1370,25,5,24-JUL-18,19,30,Normal evening time
1371,25,5,24-JUL-18,14,30,Normal day time
1372,25,5,25-JUL-18,19,30,Normal evening time
1373,25,5,25-JUL-18,14,30,Normal day time
1374,25,5,26-JUL-18,18,45,Earlier start evening
1375,25,5,26-JUL-18,14,0,Earlier start day time
1376,26,6,20-JUL-18,19,30,Normal evening time
1377,26,6,21-JUL-18,19,30,Normal evening time
1378,26,6,22-JUL-18,19,30,Normal evening time
1379,26,6,22-JUL-18,14,30,Normal day time
1380,26,6,23-JUL-18,19,30,Normal evening time
1381,26,6,24-JUL-18,19,30,Normal evening time
1382,26,6,24-JUL-18,14,30,Normal day time
1383,26,6,25-JUL-18,19,30,Normal evening time
1384,26,6,25-JUL-18,14,30,Normal day time
1385,26,6,26-JUL-18,18,45,Earlier start evening
1386,26,6,26-JUL-18,14,0,Earlier start day time
1387,22,1,27-JUL-18,19,30,Normal evening time
1388,22,1,28-JUL-18,19,30,Normal evening time
1389,22,1,29-JUL-18,19,30,Normal evening time
1390,22,1,29-JUL-18,14,30,Normal day time
1391,22,1,30-JUL-18,19,30,Normal evening time
1392,22,1,31-JUL-18,19,30,Normal evening time
1393,22,1,31-JUL-18,14,30,Normal day time
1394,22,1,01-AUG-18,19,30,Normal evening time
1395,22,1,01-AUG-18,14,30,Normal day time
1396,22,1,02-AUG-18,18,45,Earlier start evening
1397,22,1,02-AUG-18,14,0,Earlier start day time
1398,23,2,27-JUL-18,19,30,Normal evening time
1399,23,2,28-JUL-18,19,30,Normal evening time
1400,23,2,29-JUL-18,19,30,Normal evening time
1401,23,2,29-JUL-18,14,30,Normal day time
1402,23,2,30-JUL-18,19,30,Normal evening time
1403,23,2,31-JUL-18,19,30,Normal evening time
1404,23,2,31-JUL-18,14,30,Normal day time
1405,23,2,01-AUG-18,19,30,Normal evening time
1406,23,2,01-AUG-18,14,30,Normal day time
1407,23,2,02-AUG-18,18,45,Earlier start evening
1408,23,2,02-AUG-18,14,0,Earlier start day time
1409,24,3,27-JUL-18,19,30,Normal evening time
1410,24,3,28-JUL-18,19,30,Normal evening time
1411,24,3,29-JUL-18,19,30,Normal evening time
1412,24,3,29-JUL-18,14,30,Normal day time
1413,24,3,30-JUL-18,19,30,Normal evening time
1414,24,3,31-JUL-18,19,30,Normal evening time
1415,24,3,31-JUL-18,14,30,Normal day time
1416,24,3,01-AUG-18,19,30,Normal evening time
1417,24,3,01-AUG-18,14,30,Normal day time
1418,24,3,02-AUG-18,18,45,Earlier start evening
1419,24,3,02-AUG-18,14,0,Earlier start day time
1420,25,4,27-JUL-18,19,30,Normal evening time
1421,25,4,28-JUL-18,19,30,Normal evening time
1422,25,4,29-JUL-18,19,30,Normal evening time
1423,25,4,29-JUL-18,14,30,Normal day time
1424,25,4,30-JUL-18,19,30,Normal evening time
1425,25,4,31-JUL-18,19,30,Normal evening time
1426,25,4,31-JUL-18,14,30,Normal day time
1427,25,4,01-AUG-18,19,30,Normal evening time
1428,25,4,01-AUG-18,14,30,Normal day time
1429,25,4,02-AUG-18,18,45,Earlier start evening
1430,25,4,02-AUG-18,14,0,Earlier start day time
1431,26,5,27-JUL-18,19,30,Normal evening time
1432,26,5,28-JUL-18,19,30,Normal evening time
1433,26,5,29-JUL-18,19,30,Normal evening time
1434,26,5,29-JUL-18,14,30,Normal day time
1435,26,5,30-JUL-18,19,30,Normal evening time
1436,26,5,31-JUL-18,19,30,Normal evening time
1437,26,5,31-JUL-18,14,30,Normal day time
1438,26,5,01-AUG-18,19,30,Normal evening time
1439,26,5,01-AUG-18,14,30,Normal day time
1440,26,5,02-AUG-18,18,45,Earlier start evening
1441,26,5,02-AUG-18,14,0,Earlier start day time
1442,14,6,27-JUL-18,19,30,Normal evening time
1443,14,6,28-JUL-18,19,30,Normal evening time
1444,14,6,29-JUL-18,19,30,Normal evening time
1445,14,6,29-JUL-18,14,30,Normal day time
1446,14,6,30-JUL-18,19,30,Normal evening time
1447,14,6,31-JUL-18,19,30,Normal evening time
1448,14,6,31-JUL-18,14,30,Normal day time
1449,14,6,01-AUG-18,19,30,Normal evening time
1450,14,6,01-AUG-18,14,30,Normal day time
1451,14,6,02-AUG-18,18,45,Earlier start evening
1452,14,6,02-AUG-18,14,0,Earlier start day time
1453,23,1,03-AUG-18,19,30,Normal evening time
1454,23,1,04-AUG-18,19,30,Normal evening time
1455,23,1,05-AUG-18,19,30,Normal evening time
1456,23,1,05-AUG-18,14,30,Normal day time
1457,23,1,06-AUG-18,19,30,Normal evening time
1458,23,1,07-AUG-18,19,30,Normal evening time
1459,23,1,07-AUG-18,14,30,Normal day time
1460,23,1,08-AUG-18,19,30,Normal evening time
1461,23,1,08-AUG-18,14,30,Normal day time
1462,23,1,09-AUG-18,18,45,Earlier start evening
1463,23,1,09-AUG-18,14,0,Earlier start day time
1464,24,2,03-AUG-18,19,30,Normal evening time
1465,24,2,04-AUG-18,19,30,Normal evening time
1466,24,2,05-AUG-18,19,30,Normal evening time
1467,24,2,05-AUG-18,14,30,Normal day time
1468,24,2,06-AUG-18,19,30,Normal evening time
1469,24,2,07-AUG-18,19,30,Normal evening time
1470,24,2,07-AUG-18,14,30,Normal day time
1471,24,2,08-AUG-18,19,30,Normal evening time
1472,24,2,08-AUG-18,14,30,Normal day time
1473,24,2,09-AUG-18,18,45,Earlier start evening
1474,24,2,09-AUG-18,14,0,Earlier start day time
1475,25,3,03-AUG-18,19,30,Normal evening time
1476,25,3,04-AUG-18,19,30,Normal evening time
1477,25,3,05-AUG-18,19,30,Normal evening time
1478,25,3,05-AUG-18,14,30,Normal day time
1479,25,3,06-AUG-18,19,30,Normal evening time
1480,25,3,07-AUG-18,19,30,Normal evening time
1481,25,3,07-AUG-18,14,30,Normal day time
1482,25,3,08-AUG-18,19,30,Normal evening time
1483,25,3,08-AUG-18,14,30,Normal day time
1484,25,3,09-AUG-18,18,45,Earlier start evening
1485,25,3,09-AUG-18,14,0,Earlier start day time
1486,26,4,03-AUG-18,19,30,Normal evening time
1487,26,4,04-AUG-18,19,30,Normal evening time
1488,26,4,05-AUG-18,19,30,Normal evening time
1489,26,4,05-AUG-18,14,30,Normal day time
1490,26,4,06-AUG-18,19,30,Normal evening time
1491,26,4,07-AUG-18,19,30,Normal evening time
1492,26,4,07-AUG-18,14,30,Normal day time
1493,26,4,08-AUG-18,19,30,Normal evening time
1494,26,4,08-AUG-18,14,30,Normal day time
1495,26,4,09-AUG-18,18,45,Earlier start evening
1496,26,4,09-AUG-18,14,0,Earlier start day time
1497,14,5,03-AUG-18,19,30,Normal evening time
1498,14,5,04-AUG-18,19,30,Normal evening time
1499,14,5,05-AUG-18,19,30,Normal evening time
1500,14,5,05-AUG-18,14,30,Normal day time
1501,14,5,06-AUG-18,19,30,Normal evening time
1502,14,5,07-AUG-18,19,30,Normal evening time
1953,33,4,25-SEP-18,19,30,Normal evening time
1954,33,4,25-SEP-18,14,30,Normal day time
1955,33,4,26-SEP-18,19,30,Normal evening time
1956,33,4,26-SEP-18,14,30,Normal day time
1957,33,4,27-SEP-18,18,45,Earlier start evening
1958,33,4,27-SEP-18,14,0,Earlier start day time
1959,34,5,21-SEP-18,19,30,Normal evening time
1960,34,5,22-SEP-18,19,30,Normal evening time
1961,34,5,23-SEP-18,19,30,Normal evening time
1962,34,5,23-SEP-18,14,30,Normal day time
1963,34,5,24-SEP-18,19,30,Normal evening time
1964,34,5,25-SEP-18,19,30,Normal evening time
1965,34,5,25-SEP-18,14,30,Normal day time
1966,34,5,26-SEP-18,19,30,Normal evening time
1967,34,5,26-SEP-18,14,30,Normal day time
1968,34,5,27-SEP-18,18,45,Earlier start evening
1969,34,5,27-SEP-18,14,0,Earlier start day time
1970,35,6,21-SEP-18,19,30,Normal evening time
1971,35,6,22-SEP-18,19,30,Normal evening time
1972,35,6,23-SEP-18,19,30,Normal evening time
1973,35,6,23-SEP-18,14,30,Normal day time
1974,35,6,24-SEP-18,19,30,Normal evening time
1975,35,6,25-SEP-18,19,30,Normal evening time
1976,35,6,25-SEP-18,14,30,Normal day time
1977,35,6,26-SEP-18,19,30,Normal evening time
1978,35,6,26-SEP-18,14,30,Normal day time
1979,35,6,27-SEP-18,18,45,Earlier start evening
1980,35,6,27-SEP-18,14,0,Earlier start day time
1981,31,1,28-SEP-18,19,30,Normal evening time
1982,31,1,29-SEP-18,19,30,Normal evening time
1983,31,1,30-SEP-18,19,30,Normal evening time
1984,31,1,30-SEP-18,14,30,Normal day time
1985,31,1,01-OCT-18,19,30,Normal evening time
1986,31,1,02-OCT-18,19,30,Normal evening time
1987,31,1,02-OCT-18,14,30,Normal day time
1988,31,1,03-OCT-18,19,30,Normal evening time
1989,31,1,03-OCT-18,14,30,Normal day time
1990,31,1,04-OCT-18,18,45,Earlier start evening
1991,31,1,04-OCT-18,14,0,Earlier start day time
1992,32,2,28-SEP-18,19,30,Normal evening time
1993,32,2,29-SEP-18,19,30,Normal evening time
1994,32,2,30-SEP-18,19,30,Normal evening time
1995,32,2,30-SEP-18,14,30,Normal day time
1996,32,2,01-OCT-18,19,30,Normal evening time
1997,32,2,02-OCT-18,19,30,Normal evening time
1998,32,2,02-OCT-18,14,30,Normal day time
1999,32,2,03-OCT-18,19,30,Normal evening time
2000,32,2,03-OCT-18,14,30,Normal day time
2001,32,2,04-OCT-18,18,45,Earlier start evening
2002,32,2,04-OCT-18,14,0,Earlier start day time
2003,33,3,28-SEP-18,19,30,Normal evening time
2004,33,3,29-SEP-18,19,30,Normal evening time
2005,33,3,30-SEP-18,19,30,Normal evening time
2006,33,3,30-SEP-18,14,30,Normal day time
2007,33,3,01-OCT-18,19,30,Normal evening time
2008,33,3,02-OCT-18,19,30,Normal evening time
2009,33,3,02-OCT-18,14,30,Normal day time
2010,33,3,03-OCT-18,19,30,Normal evening time
2011,33,3,03-OCT-18,14,30,Normal day time
2012,33,3,04-OCT-18,18,45,Earlier start evening
2013,33,3,04-OCT-18,14,0,Earlier start day time
2014,34,4,28-SEP-18,19,30,Normal evening time
2015,34,4,29-SEP-18,19,30,Normal evening time
2016,34,4,30-SEP-18,19,30,Normal evening time
2017,34,4,30-SEP-18,14,30,Normal day time
2018,34,4,01-OCT-18,19,30,Normal evening time
2019,34,4,02-OCT-18,19,30,Normal evening time
2020,34,4,02-OCT-18,14,30,Normal day time
2021,34,4,03-OCT-18,19,30,Normal evening time
2022,34,4,03-OCT-18,14,30,Normal day time
2023,34,4,04-OCT-18,18,45,Earlier start evening
2024,34,4,04-OCT-18,14,0,Earlier start day time
2025,35,5,28-SEP-18,19,30,Normal evening time
2026,35,5,29-SEP-18,19,30,Normal evening time
2027,35,5,30-SEP-18,19,30,Normal evening time
2028,35,5,30-SEP-18,14,30,Normal day time
2029,35,5,01-OCT-18,19,30,Normal evening time
2030,35,5,02-OCT-18,19,30,Normal evening time
2031,35,5,02-OCT-18,14,30,Normal day time
2032,35,5,03-OCT-18,19,30,Normal evening time
2033,35,5,03-OCT-18,14,30,Normal day time
2034,35,5,04-OCT-18,18,45,Earlier start evening
2035,35,5,04-OCT-18,14,0,Earlier start day time
2036,36,6,28-SEP-18,19,30,Normal evening time
2037,36,6,29-SEP-18,19,30,Normal evening time
2038,36,6,30-SEP-18,19,30,Normal evening time
2039,36,6,30-SEP-18,14,30,Normal day time
2040,36,6,01-OCT-18,19,30,Normal evening time
2041,36,6,02-OCT-18,19,30,Normal evening time
2042,36,6,02-OCT-18,14,30,Normal day time
2043,36,6,03-OCT-18,19,30,Normal evening time
2044,36,6,03-OCT-18,14,30,Normal day time
2045,36,6,04-OCT-18,18,45,Earlier start evening
2046,36,6,04-OCT-18,14,0,Earlier start day time
2047,32,1,05-OCT-18,19,30,Normal evening time
2048,32,1,06-OCT-18,19,30,Normal evening time
2049,32,1,07-OCT-18,19,30,Normal evening time
2050,32,1,07-OCT-18,14,30,Normal day time
2051,32,1,08-OCT-18,19,30,Normal evening time
2052,32,1,09-OCT-18,19,30,Normal evening time
2053,32,1,09-OCT-18,14,30,Normal day time
2054,32,1,10-OCT-18,19,30,Normal evening time
2055,32,1,10-OCT-18,14,30,Normal day time
2056,32,1,11-OCT-18,18,45,Earlier start evening
2057,32,1,11-OCT-18,14,0,Earlier start day time
2058,33,2,05-OCT-18,19,30,Normal evening time
2059,33,2,06-OCT-18,19,30,Normal evening time
2060,33,2,07-OCT-18,19,30,Normal evening time
2061,33,2,07-OCT-18,14,30,Normal day time
2062,33,2,08-OCT-18,19,30,Normal evening time
2063,33,2,09-OCT-18,19,30,Normal evening time
2064,33,2,09-OCT-18,14,30,Normal day time
2065,33,2,10-OCT-18,19,30,Normal evening time
2066,33,2,10-OCT-18,14,30,Normal day time
2067,33,2,11-OCT-18,18,45,Earlier start evening
2068,33,2,11-OCT-18,14,0,Earlier start day time
2069,34,3,05-OCT-18,19,30,Normal evening time
2070,34,3,06-OCT-18,19,30,Normal evening time
2071,34,3,07-OCT-18,19,30,Normal evening time
2072,34,3,07-OCT-18,14,30,Normal day time
2073,34,3,08-OCT-18,19,30,Normal evening time
2074,34,3,09-OCT-18,19,30,Normal evening time
2075,34,3,09-OCT-18,14,30,Normal day time
2076,34,3,10-OCT-18,19,30,Normal evening time
2077,34,3,10-OCT-18,14,30,Normal day time
2078,34,3,11-OCT-18,18,45,Earlier start evening
2079,34,3,11-OCT-18,14,0,Earlier start day time
2080,35,4,05-OCT-18,19,30,Normal evening time
2081,35,4,06-OCT-18,19,30,Normal evening time
2082,35,4,07-OCT-18,19,30,Normal evening time
2083,35,4,07-OCT-18,14,30,Normal day time
2084,35,4,08-OCT-18,19,30,Normal evening time
2085,35,4,09-OCT-18,19,30,Normal evening time
2086,35,4,09-OCT-18,14,30,Normal day time
2087,35,4,10-OCT-18,19,30,Normal evening time
2088,35,4,10-OCT-18,14,30,Normal day time
2089,35,4,11-OCT-18,18,45,Earlier start evening
2090,35,4,11-OCT-18,14,0,Earlier start day time
2091,36,5,05-OCT-18,19,30,Normal evening time
2092,36,5,06-OCT-18,19,30,Normal evening time
2093,36,5,07-OCT-18,19,30,Normal evening time
2094,36,5,07-OCT-18,14,30,Normal day time
2095,36,5,08-OCT-18,19,30,Normal evening time
2096,36,5,09-OCT-18,19,30,Normal evening time
2097,36,5,09-OCT-18,14,30,Normal day time
2098,36,5,10-OCT-18,19,30,Normal evening time
2099,36,5,10-OCT-18,14,30,Normal day time
2100,36,5,11-OCT-18,18,45,Earlier start evening
2101,36,5,11-OCT-18,14,0,Earlier start day time
2102,37,6,05-OCT-18,19,30,Normal evening time
2853,45,2,31-MAR-19,14,30,Normal day time
2854,45,2,01-APR-19,19,30,Normal evening time
2855,45,2,02-APR-19,19,30,Normal evening time
2856,45,2,02-APR-19,14,30,Normal day time
2857,45,2,03-APR-19,19,30,Normal evening time
2858,45,2,03-APR-19,14,30,Normal day time
2859,45,2,04-APR-19,18,45,Earlier start evening
2860,45,2,04-APR-19,14,0,Earlier start day time
2861,46,3,29-MAR-19,19,30,Normal evening time
2862,46,3,30-MAR-19,19,30,Normal evening time
2863,46,3,31-MAR-19,19,30,Normal evening time
2864,46,3,31-MAR-19,14,30,Normal day time
2865,46,3,01-APR-19,19,30,Normal evening time
2866,46,3,02-APR-19,19,30,Normal evening time
2867,46,3,02-APR-19,14,30,Normal day time
2868,46,3,03-APR-19,19,30,Normal evening time
2869,46,3,03-APR-19,14,30,Normal day time
2870,46,3,04-APR-19,18,45,Earlier start evening
2871,46,3,04-APR-19,14,0,Earlier start day time
2872,47,4,29-MAR-19,19,30,Normal evening time
2873,47,4,30-MAR-19,19,30,Normal evening time
2874,47,4,31-MAR-19,19,30,Normal evening time
2875,47,4,31-MAR-19,14,30,Normal day time
2876,47,4,01-APR-19,19,30,Normal evening time
2877,47,4,02-APR-19,19,30,Normal evening time
2878,47,4,02-APR-19,14,30,Normal day time
2879,47,4,03-APR-19,19,30,Normal evening time
2880,47,4,03-APR-19,14,30,Normal day time
2881,47,4,04-APR-19,18,45,Earlier start evening
2882,47,4,04-APR-19,14,0,Earlier start day time
2883,48,5,29-MAR-19,19,30,Normal evening time
2884,48,5,30-MAR-19,19,30,Normal evening time
2885,48,5,31-MAR-19,19,30,Normal evening time
2886,48,5,31-MAR-19,14,30,Normal day time
2887,48,5,01-APR-19,19,30,Normal evening time
2888,48,5,02-APR-19,19,30,Normal evening time
2889,48,5,02-APR-19,14,30,Normal day time
2890,48,5,03-APR-19,19,30,Normal evening time
2891,48,5,03-APR-19,14,30,Normal day time
2892,48,5,04-APR-19,18,45,Earlier start evening
2893,48,5,04-APR-19,14,0,Earlier start day time
2894,49,6,29-MAR-19,19,30,Normal evening time
2895,49,6,30-MAR-19,19,30,Normal evening time
2896,49,6,31-MAR-19,19,30,Normal evening time
2897,49,6,31-MAR-19,14,30,Normal day time
2898,49,6,01-APR-19,19,30,Normal evening time
2899,49,6,02-APR-19,19,30,Normal evening time
2900,49,6,02-APR-19,14,30,Normal day time
2901,49,6,03-APR-19,19,30,Normal evening time
2902,49,6,03-APR-19,14,30,Normal day time
2903,49,6,04-APR-19,18,45,Earlier start evening
2904,49,6,04-APR-19,14,0,Earlier start day time
2905,45,1,05-APR-19,19,30,Normal evening time
2906,45,1,06-APR-19,19,30,Normal evening time
2907,45,1,07-APR-19,19,30,Normal evening time
2908,45,1,07-APR-19,14,30,Normal day time
2909,45,1,08-APR-19,19,30,Normal evening time
2910,45,1,09-APR-19,19,30,Normal evening time
2911,45,1,09-APR-19,14,30,Normal day time
2912,45,1,10-APR-19,19,30,Normal evening time
2913,45,1,10-APR-19,14,30,Normal day time
2914,45,1,11-APR-19,18,45,Earlier start evening
2915,45,1,11-APR-19,14,0,Earlier start day time
2916,46,2,05-APR-19,19,30,Normal evening time
2917,46,2,06-APR-19,19,30,Normal evening time
2918,46,2,07-APR-19,19,30,Normal evening time
2919,46,2,07-APR-19,14,30,Normal day time
2920,46,2,08-APR-19,19,30,Normal evening time
2921,46,2,09-APR-19,19,30,Normal evening time
2922,46,2,09-APR-19,14,30,Normal day time
2923,46,2,10-APR-19,19,30,Normal evening time
2924,46,2,10-APR-19,14,30,Normal day time
2925,46,2,11-APR-19,18,45,Earlier start evening
2926,46,2,11-APR-19,14,0,Earlier start day time
2927,47,3,05-APR-19,19,30,Normal evening time
2928,47,3,06-APR-19,19,30,Normal evening time
2929,47,3,07-APR-19,19,30,Normal evening time
2930,47,3,07-APR-19,14,30,Normal day time
2931,47,3,08-APR-19,19,30,Normal evening time
2932,47,3,09-APR-19,19,30,Normal evening time
2933,47,3,09-APR-19,14,30,Normal day time
2934,47,3,10-APR-19,19,30,Normal evening time
2935,47,3,10-APR-19,14,30,Normal day time
2936,47,3,11-APR-19,18,45,Earlier start evening
2937,47,3,11-APR-19,14,0,Earlier start day time
2938,48,4,05-APR-19,19,30,Normal evening time
2939,48,4,06-APR-19,19,30,Normal evening time
2940,48,4,07-APR-19,19,30,Normal evening time
2941,48,4,07-APR-19,14,30,Normal day time
2942,48,4,08-APR-19,19,30,Normal evening time
2943,48,4,09-APR-19,19,30,Normal evening time
2944,48,4,09-APR-19,14,30,Normal day time
2945,48,4,10-APR-19,19,30,Normal evening time
2946,48,4,10-APR-19,14,30,Normal day time
2947,48,4,11-APR-19,18,45,Earlier start evening
2948,48,4,11-APR-19,14,0,Earlier start day time
2949,49,5,05-APR-19,19,30,Normal evening time
2950,49,5,06-APR-19,19,30,Normal evening time
2951,49,5,07-APR-19,19,30,Normal evening time
2952,49,5,07-APR-19,14,30,Normal day time
2953,49,5,08-APR-19,19,30,Normal evening time
2954,49,5,09-APR-19,19,30,Normal evening time
2955,49,5,09-APR-19,14,30,Normal day time
2956,49,5,10-APR-19,19,30,Normal evening time
2957,49,5,10-APR-19,14,30,Normal day time
2958,49,5,11-APR-19,18,45,Earlier start evening
2959,49,5,11-APR-19,14,0,Earlier start day time
2960,50,6,05-APR-19,19,30,Normal evening time
2961,50,6,06-APR-19,19,30,Normal evening time
2962,50,6,07-APR-19,19,30,Normal evening time
2963,50,6,07-APR-19,14,30,Normal day time
2964,50,6,08-APR-19,19,30,Normal evening time
2965,50,6,09-APR-19,19,30,Normal evening time
2966,50,6,09-APR-19,14,30,Normal day time
2967,50,6,10-APR-19,19,30,Normal evening time
2968,50,6,10-APR-19,14,30,Normal day time
2969,50,6,11-APR-19,18,45,Earlier start evening
2970,50,6,11-APR-19,14,0,Earlier start day time
2971,46,1,12-APR-19,19,30,Normal evening time
2972,46,1,13-APR-19,19,30,Normal evening time
2973,46,1,14-APR-19,19,30,Normal evening time
2974,46,1,14-APR-19,14,30,Normal day time
2975,46,1,15-APR-19,19,30,Normal evening time
2976,46,1,16-APR-19,19,30,Normal evening time
2977,46,1,16-APR-19,14,30,Normal day time
2978,46,1,17-APR-19,19,30,Normal evening time
2979,46,1,17-APR-19,14,30,Normal day time
2980,46,1,18-APR-19,18,45,Earlier start evening
2981,46,1,18-APR-19,14,0,Earlier start day time
2982,47,2,12-APR-19,19,30,Normal evening time
2983,47,2,13-APR-19,19,30,Normal evening time
2984,47,2,14-APR-19,19,30,Normal evening time
2985,47,2,14-APR-19,14,30,Normal day time
2986,47,2,15-APR-19,19,30,Normal evening time
2987,47,2,16-APR-19,19,30,Normal evening time
2988,47,2,16-APR-19,14,30,Normal day time
2989,47,2,17-APR-19,19,30,Normal evening time
2990,47,2,17-APR-19,14,30,Normal day time
2991,47,2,18-APR-19,18,45,Earlier start evening
2992,47,2,18-APR-19,14,0,Earlier start day time
2993,48,3,12-APR-19,19,30,Normal evening time
2994,48,3,13-APR-19,19,30,Normal evening time
2995,48,3,14-APR-19,19,30,Normal evening time
2996,48,3,14-APR-19,14,30,Normal day time
2997,48,3,15-APR-19,19,30,Normal evening time
2998,48,3,16-APR-19,19,30,Normal evening time
2999,48,3,16-APR-19,14,30,Normal day time
3000,48,3,17-APR-19,19,30,Normal evening time
3001,48,3,17-APR-19,14,30,Normal day time
3002,48,3,18-APR-19,18,45,Earlier start evening
2103,37,6,06-OCT-18,19,30,Normal evening time
2104,37,6,07-OCT-18,19,30,Normal evening time
2105,37,6,07-OCT-18,14,30,Normal day time
2106,37,6,08-OCT-18,19,30,Normal evening time
2107,37,6,09-OCT-18,19,30,Normal evening time
2108,37,6,09-OCT-18,14,30,Normal day time
2109,37,6,10-OCT-18,19,30,Normal evening time
2110,37,6,10-OCT-18,14,30,Normal day time
2111,37,6,11-OCT-18,18,45,Earlier start evening
2112,37,6,11-OCT-18,14,0,Earlier start day time
2113,33,1,12-OCT-18,19,30,Normal evening time
2114,33,1,13-OCT-18,19,30,Normal evening time
2115,33,1,14-OCT-18,19,30,Normal evening time
2116,33,1,14-OCT-18,14,30,Normal day time
2117,33,1,15-OCT-18,19,30,Normal evening time
2118,33,1,16-OCT-18,19,30,Normal evening time
2119,33,1,16-OCT-18,14,30,Normal day time
2120,33,1,17-OCT-18,19,30,Normal evening time
2121,33,1,17-OCT-18,14,30,Normal day time
2122,33,1,18-OCT-18,18,45,Earlier start evening
2123,33,1,18-OCT-18,14,0,Earlier start day time
2124,34,2,12-OCT-18,19,30,Normal evening time
2125,34,2,13-OCT-18,19,30,Normal evening time
2126,34,2,14-OCT-18,19,30,Normal evening time
2127,34,2,14-OCT-18,14,30,Normal day time
2128,34,2,15-OCT-18,19,30,Normal evening time
2129,34,2,16-OCT-18,19,30,Normal evening time
2130,34,2,16-OCT-18,14,30,Normal day time
2131,34,2,17-OCT-18,19,30,Normal evening time
2132,34,2,17-OCT-18,14,30,Normal day time
2133,34,2,18-OCT-18,18,45,Earlier start evening
2134,34,2,18-OCT-18,14,0,Earlier start day time
2135,35,3,12-OCT-18,19,30,Normal evening time
2136,35,3,13-OCT-18,19,30,Normal evening time
2137,35,3,14-OCT-18,19,30,Normal evening time
2138,35,3,14-OCT-18,14,30,Normal day time
2139,35,3,15-OCT-18,19,30,Normal evening time
2140,35,3,16-OCT-18,19,30,Normal evening time
2141,35,3,16-OCT-18,14,30,Normal day time
2142,35,3,17-OCT-18,19,30,Normal evening time
2143,35,3,17-OCT-18,14,30,Normal day time
2144,35,3,18-OCT-18,18,45,Earlier start evening
2145,35,3,18-OCT-18,14,0,Earlier start day time
2146,36,4,12-OCT-18,19,30,Normal evening time
2147,36,4,13-OCT-18,19,30,Normal evening time
2148,36,4,14-OCT-18,19,30,Normal evening time
2149,36,4,14-OCT-18,14,30,Normal day time
2150,36,4,15-OCT-18,19,30,Normal evening time
2151,36,4,16-OCT-18,19,30,Normal evening time
2152,36,4,16-OCT-18,14,30,Normal day time
2153,36,4,17-OCT-18,19,30,Normal evening time
2154,36,4,17-OCT-18,14,30,Normal day time
2155,36,4,18-OCT-18,18,45,Earlier start evening
2156,36,4,18-OCT-18,14,0,Earlier start day time
2157,37,5,12-OCT-18,19,30,Normal evening time
2158,37,5,13-OCT-18,19,30,Normal evening time
2159,37,5,14-OCT-18,19,30,Normal evening time
2160,37,5,14-OCT-18,14,30,Normal day time
2161,37,5,15-OCT-18,19,30,Normal evening time
2162,37,5,16-OCT-18,19,30,Normal evening time
2163,37,5,16-OCT-18,14,30,Normal day time
2164,37,5,17-OCT-18,19,30,Normal evening time
2165,37,5,17-OCT-18,14,30,Normal day time
2166,37,5,18-OCT-18,18,45,Earlier start evening
2167,37,5,18-OCT-18,14,0,Earlier start day time
2168,38,6,12-OCT-18,19,30,Normal evening time
2169,38,6,13-OCT-18,19,30,Normal evening time
2170,38,6,14-OCT-18,19,30,Normal evening time
2171,38,6,14-OCT-18,14,30,Normal day time
2172,38,6,15-OCT-18,19,30,Normal evening time
2173,38,6,16-OCT-18,19,30,Normal evening time
2174,38,6,16-OCT-18,14,30,Normal day time
2175,38,6,17-OCT-18,19,30,Normal evening time
2176,38,6,17-OCT-18,14,30,Normal day time
2177,38,6,18-OCT-18,18,45,Earlier start evening
2178,38,6,18-OCT-18,14,0,Earlier start day time
2179,34,1,19-OCT-18,19,30,Normal evening time
2180,34,1,20-OCT-18,19,30,Normal evening time
2181,34,1,21-OCT-18,19,30,Normal evening time
2182,34,1,21-OCT-18,14,30,Normal day time
2183,34,1,22-OCT-18,19,30,Normal evening time
2184,34,1,23-OCT-18,19,30,Normal evening time
2185,34,1,23-OCT-18,14,30,Normal day time
2186,34,1,24-OCT-18,19,30,Normal evening time
2187,34,1,24-OCT-18,14,30,Normal day time
2188,34,1,25-OCT-18,18,45,Earlier start evening
2189,34,1,25-OCT-18,14,0,Earlier start day time
2190,35,2,19-OCT-18,19,30,Normal evening time
2191,35,2,20-OCT-18,19,30,Normal evening time
2192,35,2,21-OCT-18,19,30,Normal evening time
2193,35,2,21-OCT-18,14,30,Normal day time
2194,35,2,22-OCT-18,19,30,Normal evening time
2195,35,2,23-OCT-18,19,30,Normal evening time
2196,35,2,23-OCT-18,14,30,Normal day time
2197,35,2,24-OCT-18,19,30,Normal evening time
2198,35,2,24-OCT-18,14,30,Normal day time
2199,35,2,25-OCT-18,18,45,Earlier start evening
2200,35,2,25-OCT-18,14,0,Earlier start day time
2201,36,3,19-OCT-18,19,30,Normal evening time
2202,36,3,20-OCT-18,19,30,Normal evening time
2203,36,3,21-OCT-18,19,30,Normal evening time
2204,36,3,21-OCT-18,14,30,Normal day time
2205,36,3,22-OCT-18,19,30,Normal evening time
2206,36,3,23-OCT-18,19,30,Normal evening time
2207,36,3,23-OCT-18,14,30,Normal day time
2208,36,3,24-OCT-18,19,30,Normal evening time
2209,36,3,24-OCT-18,14,30,Normal day time
2210,36,3,25-OCT-18,18,45,Earlier start evening
2211,36,3,25-OCT-18,14,0,Earlier start day time
2212,37,4,19-OCT-18,19,30,Normal evening time
2213,37,4,20-OCT-18,19,30,Normal evening time
2214,37,4,21-OCT-18,19,30,Normal evening time
2215,37,4,21-OCT-18,14,30,Normal day time
2216,37,4,22-OCT-18,19,30,Normal evening time
2217,37,4,23-OCT-18,19,30,Normal evening time
2218,37,4,23-OCT-18,14,30,Normal day time
2219,37,4,24-OCT-18,19,30,Normal evening time
2220,37,4,24-OCT-18,14,30,Normal day time
2221,37,4,25-OCT-18,18,45,Earlier start evening
2222,37,4,25-OCT-18,14,0,Earlier start day time
2223,38,5,19-OCT-18,19,30,Normal evening time
2224,38,5,20-OCT-18,19,30,Normal evening time
2225,38,5,21-OCT-18,19,30,Normal evening time
2226,38,5,21-OCT-18,14,30,Normal day time
2227,38,5,22-OCT-18,19,30,Normal evening time
2228,38,5,23-OCT-18,19,30,Normal evening time
2229,38,5,23-OCT-18,14,30,Normal day time
2230,38,5,24-OCT-18,19,30,Normal evening time
2231,38,5,24-OCT-18,14,30,Normal day time
2232,38,5,25-OCT-18,18,45,Earlier start evening
2233,38,5,25-OCT-18,14,0,Earlier start day time
2234,39,6,19-OCT-18,19,30,Normal evening time
2235,39,6,20-OCT-18,19,30,Normal evening time
2236,39,6,21-OCT-18,19,30,Normal evening time
2237,39,6,21-OCT-18,14,30,Normal day time
2238,39,6,22-OCT-18,19,30,Normal evening time
2239,39,6,23-OCT-18,19,30,Normal evening time
2240,39,6,23-OCT-18,14,30,Normal day time
2241,39,6,24-OCT-18,19,30,Normal evening time
2242,39,6,24-OCT-18,14,30,Normal day time
2243,39,6,25-OCT-18,18,45,Earlier start evening
2244,39,6,25-OCT-18,14,0,Earlier start day time
2245,35,1,26-OCT-18,19,30,Normal evening time
2246,35,1,27-OCT-18,19,30,Normal evening time
2247,35,1,28-OCT-18,19,30,Normal evening time
2248,35,1,28-OCT-18,14,30,Normal day time
2249,35,1,29-OCT-18,19,30,Normal evening time
2250,35,1,30-OCT-18,19,30,Normal evening time
2251,35,1,30-OCT-18,14,30,Normal day time
2252,35,1,31-OCT-18,19,30,Normal evening time
2253,35,1,31-OCT-18,14,30,Normal day time
2254,35,1,01-NOV-18,18,45,Earlier start evening
2255,35,1,01-NOV-18,14,0,Earlier start day time
2256,36,2,26-OCT-18,19,30,Normal evening time
2257,36,2,27-OCT-18,19,30,Normal evening time
2258,36,2,28-OCT-18,19,30,Normal evening time
2259,36,2,28-OCT-18,14,30,Normal day time
2260,36,2,29-OCT-18,19,30,Normal evening time
2261,36,2,30-OCT-18,19,30,Normal evening time
2262,36,2,30-OCT-18,14,30,Normal day time
2263,36,2,31-OCT-18,19,30,Normal evening time
2264,36,2,31-OCT-18,14,30,Normal day time
2265,36,2,01-NOV-18,18,45,Earlier start evening
2266,36,2,01-NOV-18,14,0,Earlier start day time
2267,37,3,26-OCT-18,19,30,Normal evening time
2268,37,3,27-OCT-18,19,30,Normal evening time
2269,37,3,28-OCT-18,19,30,Normal evening time
2270,37,3,28-OCT-18,14,30,Normal day time
2271,37,3,29-OCT-18,19,30,Normal evening time
2272,37,3,30-OCT-18,19,30,Normal evening time
2273,37,3,30-OCT-18,14,30,Normal day time
2274,37,3,31-OCT-18,19,30,Normal evening time
2275,37,3,31-OCT-18,14,30,Normal day time
2276,37,3,01-NOV-18,18,45,Earlier start evening
2277,37,3,01-NOV-18,14,0,Earlier start day time
2278,38,4,26-OCT-18,19,30,Normal evening time
2279,38,4,27-OCT-18,19,30,Normal evening time
2280,38,4,28-OCT-18,19,30,Normal evening time
2281,38,4,28-OCT-18,14,30,Normal day time
2282,38,4,29-OCT-18,19,30,Normal evening time
2283,38,4,30-OCT-18,19,30,Normal evening time
2284,38,4,30-OCT-18,14,30,Normal day time
2285,38,4,31-OCT-18,19,30,Normal evening time
2286,38,4,31-OCT-18,14,30,Normal day time
2287,38,4,01-NOV-18,18,45,Earlier start evening
2288,38,4,01-NOV-18,14,0,Earlier start day time
2289,39,5,26-OCT-18,19,30,Normal evening time
2290,39,5,27-OCT-18,19,30,Normal evening time
2291,39,5,28-OCT-18,19,30,Normal evening time
2292,39,5,28-OCT-18,14,30,Normal day time
2293,39,5,29-OCT-18,19,30,Normal evening time
2294,39,5,30-OCT-18,19,30,Normal evening time
2295,39,5,30-OCT-18,14,30,Normal day time
2296,39,5,31-OCT-18,19,30,Normal evening time
2297,39,5,31-OCT-18,14,30,Normal day time
2298,39,5,01-NOV-18,18,45,Earlier start evening
2299,39,5,01-NOV-18,14,0,Earlier start day time
2300,27,6,26-OCT-18,19,30,Normal evening time
2301,27,6,27-OCT-18,19,30,Normal evening time
2302,27,6,28-OCT-18,19,30,Normal evening time
2303,27,6,28-OCT-18,14,30,Normal day time
2304,27,6,29-OCT-18,19,30,Normal evening time
2305,27,6,30-OCT-18,19,30,Normal evening time
2306,27,6,30-OCT-18,14,30,Normal day time
2307,27,6,31-OCT-18,19,30,Normal evening time
2308,27,6,31-OCT-18,14,30,Normal day time
2309,27,6,01-NOV-18,18,45,Earlier start evening
2310,27,6,01-NOV-18,14,0,Earlier start day time
2311,36,1,02-NOV-18,19,30,Normal evening time
2312,36,1,03-NOV-18,19,30,Normal evening time
2313,36,1,04-NOV-18,19,30,Normal evening time
2314,36,1,04-NOV-18,14,30,Normal day time
2315,36,1,05-NOV-18,19,30,Normal evening time
2316,36,1,06-NOV-18,19,30,Normal evening time
2317,36,1,06-NOV-18,14,30,Normal day time
2318,36,1,07-NOV-18,19,30,Normal evening time
2319,36,1,07-NOV-18,14,30,Normal day time
2320,36,1,08-NOV-18,18,45,Earlier start evening
2321,36,1,08-NOV-18,14,0,Earlier start day time
2322,37,2,02-NOV-18,19,30,Normal evening time
2323,37,2,03-NOV-18,19,30,Normal evening time
2324,37,2,04-NOV-18,19,30,Normal evening time
2325,37,2,04-NOV-18,14,30,Normal day time
2326,37,2,05-NOV-18,19,30,Normal evening time
2327,37,2,06-NOV-18,19,30,Normal evening time
2328,37,2,06-NOV-18,14,30,Normal day time
2329,37,2,07-NOV-18,19,30,Normal evening time
2330,37,2,07-NOV-18,14,30,Normal day time
2331,37,2,08-NOV-18,18,45,Earlier start evening
2332,37,2,08-NOV-18,14,0,Earlier start day time
2333,38,3,02-NOV-18,19,30,Normal evening time
2334,38,3,03-NOV-18,19,30,Normal evening time
2335,38,3,04-NOV-18,19,30,Normal evening time
2336,38,3,04-NOV-18,14,30,Normal day time
2337,38,3,05-NOV-18,19,30,Normal evening time
2338,38,3,06-NOV-18,19,30,Normal evening time
2339,38,3,06-NOV-18,14,30,Normal day time
2340,38,3,07-NOV-18,19,30,Normal evening time
2341,38,3,07-NOV-18,14,30,Normal day time
2342,38,3,08-NOV-18,18,45,Earlier start evening
2343,38,3,08-NOV-18,14,0,Earlier start day time
2344,39,4,02-NOV-18,19,30,Normal evening time
2345,39,4,03-NOV-18,19,30,Normal evening time
2346,39,4,04-NOV-18,19,30,Normal evening time
2347,39,4,04-NOV-18,14,30,Normal day time
2348,39,4,05-NOV-18,19,30,Normal evening time
2349,39,4,06-NOV-18,19,30,Normal evening time
2350,39,4,06-NOV-18,14,30,Normal day time
2351,39,4,07-NOV-18,19,30,Normal evening time
2352,39,4,07-NOV-18,14,30,Normal day time
2353,39,4,08-NOV-18,18,45,Earlier start evening
2354,39,4,08-NOV-18,14,0,Earlier start day time
2355,27,5,02-NOV-18,19,30,Normal evening time
2356,27,5,03-NOV-18,19,30,Normal evening time
2357,27,5,04-NOV-18,19,30,Normal evening time
2358,27,5,04-NOV-18,14,30,Normal day time
2359,27,5,05-NOV-18,19,30,Normal evening time
2360,27,5,06-NOV-18,19,30,Normal evening time
2361,27,5,06-NOV-18,14,30,Normal day time
2362,27,5,07-NOV-18,19,30,Normal evening time
2363,27,5,07-NOV-18,14,30,Normal day time
2364,27,5,08-NOV-18,18,45,Earlier start evening
2365,27,5,08-NOV-18,14,0,Earlier start day time
2366,28,6,02-NOV-18,19,30,Normal evening time
2367,28,6,03-NOV-18,19,30,Normal evening time
2368,28,6,04-NOV-18,19,30,Normal evening time
2369,28,6,04-NOV-18,14,30,Normal day time
2370,28,6,05-NOV-18,19,30,Normal evening time
2371,28,6,06-NOV-18,19,30,Normal evening time
2372,28,6,06-NOV-18,14,30,Normal day time
2373,28,6,07-NOV-18,19,30,Normal evening time
2374,28,6,07-NOV-18,14,30,Normal day time
2375,28,6,08-NOV-18,18,45,Earlier start evening
2376,28,6,08-NOV-18,14,0,Earlier start day time
2377,37,1,09-NOV-18,19,30,Normal evening time
2378,37,1,10-NOV-18,19,30,Normal evening time
2379,37,1,11-NOV-18,19,30,Normal evening time
2380,37,1,11-NOV-18,14,30,Normal day time
2381,37,1,12-NOV-18,19,30,Normal evening time
2382,37,1,13-NOV-18,19,30,Normal evening time
2383,37,1,13-NOV-18,14,30,Normal day time
2384,37,1,14-NOV-18,19,30,Normal evening time
2385,37,1,14-NOV-18,14,30,Normal day time
2386,37,1,15-NOV-18,18,45,Earlier start evening
2387,37,1,15-NOV-18,14,0,Earlier start day time
2388,38,2,09-NOV-18,19,30,Normal evening time
2389,38,2,10-NOV-18,19,30,Normal evening time
2390,38,2,11-NOV-18,19,30,Normal evening time
2391,38,2,11-NOV-18,14,30,Normal day time
2392,38,2,12-NOV-18,19,30,Normal evening time
2393,38,2,13-NOV-18,19,30,Normal evening time
2394,38,2,13-NOV-18,14,30,Normal day time
2395,38,2,14-NOV-18,19,30,Normal evening time
2396,38,2,14-NOV-18,14,30,Normal day time
2397,38,2,15-NOV-18,18,45,Earlier start evening
2398,38,2,15-NOV-18,14,0,Earlier start day time
2399,39,3,09-NOV-18,19,30,Normal evening time
2400,39,3,10-NOV-18,19,30,Normal evening time
2401,39,3,11-NOV-18,19,30,Normal evening time
2402,39,3,11-NOV-18,14,30,Normal day time
2403,39,3,12-NOV-18,19,30,Normal evening time
2404,39,3,13-NOV-18,19,30,Normal evening time
2405,39,3,13-NOV-18,14,30,Normal day time
2406,39,3,14-NOV-18,19,30,Normal evening time
2407,39,3,14-NOV-18,14,30,Normal day time
2408,39,3,15-NOV-18,18,45,Earlier start evening
2409,39,3,15-NOV-18,14,0,Earlier start day time
2410,27,4,09-NOV-18,19,30,Normal evening time
2411,27,4,10-NOV-18,19,30,Normal evening time
2412,27,4,11-NOV-18,19,30,Normal evening time
2413,27,4,11-NOV-18,14,30,Normal day time
2414,27,4,12-NOV-18,19,30,Normal evening time
2415,27,4,13-NOV-18,19,30,Normal evening time
2416,27,4,13-NOV-18,14,30,Normal day time
2417,27,4,14-NOV-18,19,30,Normal evening time
2418,27,4,14-NOV-18,14,30,Normal day time
2419,27,4,15-NOV-18,18,45,Earlier start evening
2420,27,4,15-NOV-18,14,0,Earlier start day time
2421,28,5,09-NOV-18,19,30,Normal evening time
2422,28,5,10-NOV-18,19,30,Normal evening time
2423,28,5,11-NOV-18,19,30,Normal evening time
2424,28,5,11-NOV-18,14,30,Normal day time
2425,28,5,12-NOV-18,19,30,Normal evening time
2426,28,5,13-NOV-18,19,30,Normal evening time
2427,28,5,13-NOV-18,14,30,Normal day time
2428,28,5,14-NOV-18,19,30,Normal evening time
2429,28,5,14-NOV-18,14,30,Normal day time
2430,28,5,15-NOV-18,18,45,Earlier start evening
2431,28,5,15-NOV-18,14,0,Earlier start day time
2432,29,6,09-NOV-18,19,30,Normal evening time
2433,29,6,10-NOV-18,19,30,Normal evening time
2434,29,6,11-NOV-18,19,30,Normal evening time
2435,29,6,11-NOV-18,14,30,Normal day time
2436,29,6,12-NOV-18,19,30,Normal evening time
2437,29,6,13-NOV-18,19,30,Normal evening time
2438,29,6,13-NOV-18,14,30,Normal day time
2439,29,6,14-NOV-18,19,30,Normal evening time
2440,29,6,14-NOV-18,14,30,Normal day time
2441,29,6,15-NOV-18,18,45,Earlier start evening
2442,29,6,15-NOV-18,14,0,Earlier start day time
2443,38,1,16-NOV-18,19,30,Normal evening time
2444,38,1,17-NOV-18,19,30,Normal evening time
2445,38,1,18-NOV-18,19,30,Normal evening time
2446,38,1,18-NOV-18,14,30,Normal day time
2447,38,1,19-NOV-18,19,30,Normal evening time
2448,38,1,20-NOV-18,19,30,Normal evening time
2449,38,1,20-NOV-18,14,30,Normal day time
2450,38,1,21-NOV-18,19,30,Normal evening time
2451,38,1,21-NOV-18,14,30,Normal day time
2452,38,1,22-NOV-18,18,45,Earlier start evening
2453,38,1,22-NOV-18,14,0,Earlier start day time
2454,39,2,16-NOV-18,19,30,Normal evening time
2455,39,2,17-NOV-18,19,30,Normal evening time
2456,39,2,18-NOV-18,19,30,Normal evening time
2457,39,2,18-NOV-18,14,30,Normal day time
2458,39,2,19-NOV-18,19,30,Normal evening time
2459,39,2,20-NOV-18,19,30,Normal evening time
2460,39,2,20-NOV-18,14,30,Normal day time
2461,39,2,21-NOV-18,19,30,Normal evening time
2462,39,2,21-NOV-18,14,30,Normal day time
2463,39,2,22-NOV-18,18,45,Earlier start evening
2464,39,2,22-NOV-18,14,0,Earlier start day time
2465,27,3,16-NOV-18,19,30,Normal evening time
2466,27,3,17-NOV-18,19,30,Normal evening time
2467,27,3,18-NOV-18,19,30,Normal evening time
2468,27,3,18-NOV-18,14,30,Normal day time
2469,27,3,19-NOV-18,19,30,Normal evening time
2470,27,3,20-NOV-18,19,30,Normal evening time
2471,27,3,20-NOV-18,14,30,Normal day time
2472,27,3,21-NOV-18,19,30,Normal evening time
2473,27,3,21-NOV-18,14,30,Normal day time
2474,27,3,22-NOV-18,18,45,Earlier start evening
2475,27,3,22-NOV-18,14,0,Earlier start day time
2476,28,4,16-NOV-18,19,30,Normal evening time
2477,28,4,17-NOV-18,19,30,Normal evening time
2478,28,4,18-NOV-18,19,30,Normal evening time
2479,28,4,18-NOV-18,14,30,Normal day time
2480,28,4,19-NOV-18,19,30,Normal evening time
2481,28,4,20-NOV-18,19,30,Normal evening time
2482,28,4,20-NOV-18,14,30,Normal day time
2483,28,4,21-NOV-18,19,30,Normal evening time
2484,28,4,21-NOV-18,14,30,Normal day time
2485,28,4,22-NOV-18,18,45,Earlier start evening
2486,28,4,22-NOV-18,14,0,Earlier start day time
2487,29,5,16-NOV-18,19,30,Normal evening time
2488,29,5,17-NOV-18,19,30,Normal evening time
2489,29,5,18-NOV-18,19,30,Normal evening time
2490,29,5,18-NOV-18,14,30,Normal day time
2491,29,5,19-NOV-18,19,30,Normal evening time
2492,29,5,20-NOV-18,19,30,Normal evening time
2493,29,5,20-NOV-18,14,30,Normal day time
2494,29,5,21-NOV-18,19,30,Normal evening time
2495,29,5,21-NOV-18,14,30,Normal day time
2496,29,5,22-NOV-18,18,45,Earlier start evening
2497,29,5,22-NOV-18,14,0,Earlier start day time
2498,30,6,16-NOV-18,19,30,Normal evening time
2499,30,6,17-NOV-18,19,30,Normal evening time
2500,30,6,18-NOV-18,19,30,Normal evening time
2501,30,6,18-NOV-18,14,30,Normal day time
2502,30,6,19-NOV-18,19,30,Normal evening time
2503,30,6,20-NOV-18,19,30,Normal evening time
2504,30,6,20-NOV-18,14,30,Normal day time
2505,30,6,21-NOV-18,19,30,Normal evening time
2506,30,6,21-NOV-18,14,30,Normal day time
2507,30,6,22-NOV-18,18,45,Earlier start evening
2508,30,6,22-NOV-18,14,0,Earlier start day time
2509,39,1,23-NOV-18,19,30,Normal evening time
2510,39,1,24-NOV-18,19,30,Normal evening time
2511,39,1,25-NOV-18,19,30,Normal evening time
2512,39,1,25-NOV-18,14,30,Normal day time
2513,39,1,26-NOV-18,19,30,Normal evening time
2514,39,1,27-NOV-18,19,30,Normal evening time
2515,39,1,27-NOV-18,14,30,Normal day time
2516,39,1,28-NOV-18,19,30,Normal evening time
2517,39,1,28-NOV-18,14,30,Normal day time
2518,39,1,29-NOV-18,18,45,Earlier start evening
2519,39,1,29-NOV-18,14,0,Earlier start day time
2520,27,2,23-NOV-18,19,30,Normal evening time
2521,27,2,24-NOV-18,19,30,Normal evening time
2522,27,2,25-NOV-18,19,30,Normal evening time
2523,27,2,25-NOV-18,14,30,Normal day time
2524,27,2,26-NOV-18,19,30,Normal evening time
2525,27,2,27-NOV-18,19,30,Normal evening time
2526,27,2,27-NOV-18,14,30,Normal day time
2527,27,2,28-NOV-18,19,30,Normal evening time
2528,27,2,28-NOV-18,14,30,Normal day time
2529,27,2,29-NOV-18,18,45,Earlier start evening
2530,27,2,29-NOV-18,14,0,Earlier start day time
2531,28,3,23-NOV-18,19,30,Normal evening time
2532,28,3,24-NOV-18,19,30,Normal evening time
2533,28,3,25-NOV-18,19,30,Normal evening time
2534,28,3,25-NOV-18,14,30,Normal day time
2535,28,3,26-NOV-18,19,30,Normal evening time
2536,28,3,27-NOV-18,19,30,Normal evening time
2537,28,3,27-NOV-18,14,30,Normal day time
2538,28,3,28-NOV-18,19,30,Normal evening time
2539,28,3,28-NOV-18,14,30,Normal day time
2540,28,3,29-NOV-18,18,45,Earlier start evening
2541,28,3,29-NOV-18,14,0,Earlier start day time
2542,29,4,23-NOV-18,19,30,Normal evening time
2543,29,4,24-NOV-18,19,30,Normal evening time
2544,29,4,25-NOV-18,19,30,Normal evening time
2545,29,4,25-NOV-18,14,30,Normal day time
2546,29,4,26-NOV-18,19,30,Normal evening time
2547,29,4,27-NOV-18,19,30,Normal evening time
2548,29,4,27-NOV-18,14,30,Normal day time
2549,29,4,28-NOV-18,19,30,Normal evening time
2550,29,4,28-NOV-18,14,30,Normal day time
2551,29,4,29-NOV-18,18,45,Earlier start evening
2552,29,4,29-NOV-18,14,0,Earlier start day time
2553,30,5,23-NOV-18,19,30,Normal evening time
2554,30,5,24-NOV-18,19,30,Normal evening time
2555,30,5,25-NOV-18,19,30,Normal evening time
2556,30,5,25-NOV-18,14,30,Normal day time
2557,30,5,26-NOV-18,19,30,Normal evening time
2558,30,5,27-NOV-18,19,30,Normal evening time
2559,30,5,27-NOV-18,14,30,Normal day time
2560,30,5,28-NOV-18,19,30,Normal evening time
2561,30,5,28-NOV-18,14,30,Normal day time
2562,30,5,29-NOV-18,18,45,Earlier start evening
2563,30,5,29-NOV-18,14,0,Earlier start day time
2564,31,6,23-NOV-18,19,30,Normal evening time
2565,31,6,24-NOV-18,19,30,Normal evening time
2566,31,6,25-NOV-18,19,30,Normal evening time
2567,31,6,25-NOV-18,14,30,Normal day time
2568,31,6,26-NOV-18,19,30,Normal evening time
2569,31,6,27-NOV-18,19,30,Normal evening time
2570,31,6,27-NOV-18,14,30,Normal day time
2571,31,6,28-NOV-18,19,30,Normal evening time
2572,31,6,28-NOV-18,14,30,Normal day time
2573,31,6,29-NOV-18,18,45,Earlier start evening
2574,31,6,29-NOV-18,14,0,Earlier start day time
2575,40,1,01-MAR-19,19,30,Normal evening time
2576,40,1,02-MAR-19,19,30,Normal evening time
2577,40,1,03-MAR-19,19,30,Normal evening time
2578,40,1,03-MAR-19,14,30,Normal day time
2579,40,1,04-MAR-19,19,30,Normal evening time
2580,40,1,05-MAR-19,19,30,Normal evening time
2581,40,1,05-MAR-19,14,30,Normal day time
2582,40,1,06-MAR-19,19,30,Normal evening time
2583,40,1,06-MAR-19,14,30,Normal day time
2584,40,1,07-MAR-19,18,45,Earlier start evening
2585,40,1,07-MAR-19,14,0,Earlier start day time
2586,41,2,01-MAR-19,19,30,Normal evening time
2587,41,2,02-MAR-19,19,30,Normal evening time
2588,41,2,03-MAR-19,19,30,Normal evening time
2589,41,2,03-MAR-19,14,30,Normal day time
2590,41,2,04-MAR-19,19,30,Normal evening time
2591,41,2,05-MAR-19,19,30,Normal evening time
2592,41,2,05-MAR-19,14,30,Normal day time
2593,41,2,06-MAR-19,19,30,Normal evening time
2594,41,2,06-MAR-19,14,30,Normal day time
2595,41,2,07-MAR-19,18,45,Earlier start evening
2596,41,2,07-MAR-19,14,0,Earlier start day time
2597,42,3,01-MAR-19,19,30,Normal evening time
2598,42,3,02-MAR-19,19,30,Normal evening time
2599,42,3,03-MAR-19,19,30,Normal evening time
2600,42,3,03-MAR-19,14,30,Normal day time
2601,42,3,04-MAR-19,19,30,Normal evening time
2602,42,3,05-MAR-19,19,30,Normal evening time
2603,42,3,05-MAR-19,14,30,Normal day time
2604,42,3,06-MAR-19,19,30,Normal evening time
2605,42,3,06-MAR-19,14,30,Normal day time
2606,42,3,07-MAR-19,18,45,Earlier start evening
2607,42,3,07-MAR-19,14,0,Earlier start day time
2608,43,4,01-MAR-19,19,30,Normal evening time
2609,43,4,02-MAR-19,19,30,Normal evening time
2610,43,4,03-MAR-19,19,30,Normal evening time
2611,43,4,03-MAR-19,14,30,Normal day time
2612,43,4,04-MAR-19,19,30,Normal evening time
2613,43,4,05-MAR-19,19,30,Normal evening time
2614,43,4,05-MAR-19,14,30,Normal day time
2615,43,4,06-MAR-19,19,30,Normal evening time
2616,43,4,06-MAR-19,14,30,Normal day time
2617,43,4,07-MAR-19,18,45,Earlier start evening
2618,43,4,07-MAR-19,14,0,Earlier start day time
2619,44,5,01-MAR-19,19,30,Normal evening time
2620,44,5,02-MAR-19,19,30,Normal evening time
2621,44,5,03-MAR-19,19,30,Normal evening time
2622,44,5,03-MAR-19,14,30,Normal day time
2623,44,5,04-MAR-19,19,30,Normal evening time
2624,44,5,05-MAR-19,19,30,Normal evening time
2625,44,5,05-MAR-19,14,30,Normal day time
2626,44,5,06-MAR-19,19,30,Normal evening time
2627,44,5,06-MAR-19,14,30,Normal day time
2628,44,5,07-MAR-19,18,45,Earlier start evening
2629,44,5,07-MAR-19,14,0,Earlier start day time
2630,45,6,01-MAR-19,19,30,Normal evening time
2631,45,6,02-MAR-19,19,30,Normal evening time
2632,45,6,03-MAR-19,19,30,Normal evening time
2633,45,6,03-MAR-19,14,30,Normal day time
2634,45,6,04-MAR-19,19,30,Normal evening time
2635,45,6,05-MAR-19,19,30,Normal evening time
2636,45,6,05-MAR-19,14,30,Normal day time
2637,45,6,06-MAR-19,19,30,Normal evening time
2638,45,6,06-MAR-19,14,30,Normal day time
2639,45,6,07-MAR-19,18,45,Earlier start evening
2640,45,6,07-MAR-19,14,0,Earlier start day time
2641,41,1,08-MAR-19,19,30,Normal evening time
2642,41,1,09-MAR-19,19,30,Normal evening time
2643,41,1,10-MAR-19,19,30,Normal evening time
2644,41,1,10-MAR-19,14,30,Normal day time
2645,41,1,11-MAR-19,19,30,Normal evening time
2646,41,1,12-MAR-19,19,30,Normal evening time
2647,41,1,12-MAR-19,14,30,Normal day time
2648,41,1,13-MAR-19,19,30,Normal evening time
2649,41,1,13-MAR-19,14,30,Normal day time
2650,41,1,14-MAR-19,18,45,Earlier start evening
2651,41,1,14-MAR-19,14,0,Earlier start day time
2652,42,2,08-MAR-19,19,30,Normal evening time
2653,42,2,09-MAR-19,19,30,Normal evening time
2654,42,2,10-MAR-19,19,30,Normal evening time
2655,42,2,10-MAR-19,14,30,Normal day time
2656,42,2,11-MAR-19,19,30,Normal evening time
2657,42,2,12-MAR-19,19,30,Normal evening time
2658,42,2,12-MAR-19,14,30,Normal day time
2659,42,2,13-MAR-19,19,30,Normal evening time
2660,42,2,13-MAR-19,14,30,Normal day time
2661,42,2,14-MAR-19,18,45,Earlier start evening
2662,42,2,14-MAR-19,14,0,Earlier start day time
2663,43,3,08-MAR-19,19,30,Normal evening time
2664,43,3,09-MAR-19,19,30,Normal evening time
2665,43,3,10-MAR-19,19,30,Normal evening time
2666,43,3,10-MAR-19,14,30,Normal day time
2667,43,3,11-MAR-19,19,30,Normal evening time
2668,43,3,12-MAR-19,19,30,Normal evening time
2669,43,3,12-MAR-19,14,30,Normal day time
2670,43,3,13-MAR-19,19,30,Normal evening time
2671,43,3,13-MAR-19,14,30,Normal day time
2672,43,3,14-MAR-19,18,45,Earlier start evening
2673,43,3,14-MAR-19,14,0,Earlier start day time
2674,44,4,08-MAR-19,19,30,Normal evening time
2675,44,4,09-MAR-19,19,30,Normal evening time
2676,44,4,10-MAR-19,19,30,Normal evening time
2677,44,4,10-MAR-19,14,30,Normal day time
2678,44,4,11-MAR-19,19,30,Normal evening time
2679,44,4,12-MAR-19,19,30,Normal evening time
2680,44,4,12-MAR-19,14,30,Normal day time
2681,44,4,13-MAR-19,19,30,Normal evening time
2682,44,4,13-MAR-19,14,30,Normal day time
2683,44,4,14-MAR-19,18,45,Earlier start evening
2684,44,4,14-MAR-19,14,0,Earlier start day time
2685,45,5,08-MAR-19,19,30,Normal evening time
2686,45,5,09-MAR-19,19,30,Normal evening time
2687,45,5,10-MAR-19,19,30,Normal evening time
2688,45,5,10-MAR-19,14,30,Normal day time
2689,45,5,11-MAR-19,19,30,Normal evening time
2690,45,5,12-MAR-19,19,30,Normal evening time
2691,45,5,12-MAR-19,14,30,Normal day time
2692,45,5,13-MAR-19,19,30,Normal evening time
2693,45,5,13-MAR-19,14,30,Normal day time
2694,45,5,14-MAR-19,18,45,Earlier start evening
2695,45,5,14-MAR-19,14,0,Earlier start day time
2696,46,6,08-MAR-19,19,30,Normal evening time
2697,46,6,09-MAR-19,19,30,Normal evening time
2698,46,6,10-MAR-19,19,30,Normal evening time
2699,46,6,10-MAR-19,14,30,Normal day time
2700,46,6,11-MAR-19,19,30,Normal evening time
2701,46,6,12-MAR-19,19,30,Normal evening time
2702,46,6,12-MAR-19,14,30,Normal day time
2703,46,6,13-MAR-19,19,30,Normal evening time
2704,46,6,13-MAR-19,14,30,Normal day time
2705,46,6,14-MAR-19,18,45,Earlier start evening
2706,46,6,14-MAR-19,14,0,Earlier start day time
2707,42,1,15-MAR-19,19,30,Normal evening time
2708,42,1,16-MAR-19,19,30,Normal evening time
2709,42,1,17-MAR-19,19,30,Normal evening time
2710,42,1,17-MAR-19,14,30,Normal day time
2711,42,1,18-MAR-19,19,30,Normal evening time
2712,42,1,19-MAR-19,19,30,Normal evening time
2713,42,1,19-MAR-19,14,30,Normal day time
2714,42,1,20-MAR-19,19,30,Normal evening time
2715,42,1,20-MAR-19,14,30,Normal day time
2716,42,1,21-MAR-19,18,45,Earlier start evening
2717,42,1,21-MAR-19,14,0,Earlier start day time
2718,43,2,15-MAR-19,19,30,Normal evening time
2719,43,2,16-MAR-19,19,30,Normal evening time
2720,43,2,17-MAR-19,19,30,Normal evening time
2721,43,2,17-MAR-19,14,30,Normal day time
2722,43,2,18-MAR-19,19,30,Normal evening time
2723,43,2,19-MAR-19,19,30,Normal evening time
2724,43,2,19-MAR-19,14,30,Normal day time
2725,43,2,20-MAR-19,19,30,Normal evening time
2726,43,2,20-MAR-19,14,30,Normal day time
2727,43,2,21-MAR-19,18,45,Earlier start evening
2728,43,2,21-MAR-19,14,0,Earlier start day time
2729,44,3,15-MAR-19,19,30,Normal evening time
2730,44,3,16-MAR-19,19,30,Normal evening time
2731,44,3,17-MAR-19,19,30,Normal evening time
2732,44,3,17-MAR-19,14,30,Normal day time
2733,44,3,18-MAR-19,19,30,Normal evening time
2734,44,3,19-MAR-19,19,30,Normal evening time
2735,44,3,19-MAR-19,14,30,Normal day time
2736,44,3,20-MAR-19,19,30,Normal evening time
2737,44,3,20-MAR-19,14,30,Normal day time
2738,44,3,21-MAR-19,18,45,Earlier start evening
2739,44,3,21-MAR-19,14,0,Earlier start day time
2740,45,4,15-MAR-19,19,30,Normal evening time
2741,45,4,16-MAR-19,19,30,Normal evening time
2742,45,4,17-MAR-19,19,30,Normal evening time
2743,45,4,17-MAR-19,14,30,Normal day time
2744,45,4,18-MAR-19,19,30,Normal evening time
2745,45,4,19-MAR-19,19,30,Normal evening time
2746,45,4,19-MAR-19,14,30,Normal day time
2747,45,4,20-MAR-19,19,30,Normal evening time
2748,45,4,20-MAR-19,14,30,Normal day time
2749,45,4,21-MAR-19,18,45,Earlier start evening
2750,45,4,21-MAR-19,14,0,Earlier start day time
2751,46,5,15-MAR-19,19,30,Normal evening time
2752,46,5,16-MAR-19,19,30,Normal evening time
2753,46,5,17-MAR-19,19,30,Normal evening time
2754,46,5,17-MAR-19,14,30,Normal day time
2755,46,5,18-MAR-19,19,30,Normal evening time
2756,46,5,19-MAR-19,19,30,Normal evening time
2757,46,5,19-MAR-19,14,30,Normal day time
2758,46,5,20-MAR-19,19,30,Normal evening time
2759,46,5,20-MAR-19,14,30,Normal day time
2760,46,5,21-MAR-19,18,45,Earlier start evening
2761,46,5,21-MAR-19,14,0,Earlier start day time
2762,47,6,15-MAR-19,19,30,Normal evening time
2763,47,6,16-MAR-19,19,30,Normal evening time
2764,47,6,17-MAR-19,19,30,Normal evening time
2765,47,6,17-MAR-19,14,30,Normal day time
2766,47,6,18-MAR-19,19,30,Normal evening time
2767,47,6,19-MAR-19,19,30,Normal evening time
2768,47,6,19-MAR-19,14,30,Normal day time
2769,47,6,20-MAR-19,19,30,Normal evening time
2770,47,6,20-MAR-19,14,30,Normal day time
2771,47,6,21-MAR-19,18,45,Earlier start evening
2772,47,6,21-MAR-19,14,0,Earlier start day time
2773,43,1,22-MAR-19,19,30,Normal evening time
2774,43,1,23-MAR-19,19,30,Normal evening time
2775,43,1,24-MAR-19,19,30,Normal evening time
2776,43,1,24-MAR-19,14,30,Normal day time
2777,43,1,25-MAR-19,19,30,Normal evening time
2778,43,1,26-MAR-19,19,30,Normal evening time
2779,43,1,26-MAR-19,14,30,Normal day time
2780,43,1,27-MAR-19,19,30,Normal evening time
2781,43,1,27-MAR-19,14,30,Normal day time
2782,43,1,28-MAR-19,18,45,Earlier start evening
2783,43,1,28-MAR-19,14,0,Earlier start day time
2784,44,2,22-MAR-19,19,30,Normal evening time
2785,44,2,23-MAR-19,19,30,Normal evening time
2786,44,2,24-MAR-19,19,30,Normal evening time
2787,44,2,24-MAR-19,14,30,Normal day time
2788,44,2,25-MAR-19,19,30,Normal evening time
2789,44,2,26-MAR-19,19,30,Normal evening time
2790,44,2,26-MAR-19,14,30,Normal day time
2791,44,2,27-MAR-19,19,30,Normal evening time
2792,44,2,27-MAR-19,14,30,Normal day time
2793,44,2,28-MAR-19,18,45,Earlier start evening
2794,44,2,28-MAR-19,14,0,Earlier start day time
2795,45,3,22-MAR-19,19,30,Normal evening time
2796,45,3,23-MAR-19,19,30,Normal evening time
2797,45,3,24-MAR-19,19,30,Normal evening time
2798,45,3,24-MAR-19,14,30,Normal day time
2799,45,3,25-MAR-19,19,30,Normal evening time
2800,45,3,26-MAR-19,19,30,Normal evening time
2801,45,3,26-MAR-19,14,30,Normal day time
2802,45,3,27-MAR-19,19,30,Normal evening time
2803,45,3,27-MAR-19,14,30,Normal day time
2804,45,3,28-MAR-19,18,45,Earlier start evening
2805,45,3,28-MAR-19,14,0,Earlier start day time
2806,46,4,22-MAR-19,19,30,Normal evening time
2807,46,4,23-MAR-19,19,30,Normal evening time
2808,46,4,24-MAR-19,19,30,Normal evening time
2809,46,4,24-MAR-19,14,30,Normal day time
2810,46,4,25-MAR-19,19,30,Normal evening time
2811,46,4,26-MAR-19,19,30,Normal evening time
2812,46,4,26-MAR-19,14,30,Normal day time
2813,46,4,27-MAR-19,19,30,Normal evening time
2814,46,4,27-MAR-19,14,30,Normal day time
2815,46,4,28-MAR-19,18,45,Earlier start evening
2816,46,4,28-MAR-19,14,0,Earlier start day time
2817,47,5,22-MAR-19,19,30,Normal evening time
2818,47,5,23-MAR-19,19,30,Normal evening time
2819,47,5,24-MAR-19,19,30,Normal evening time
2820,47,5,24-MAR-19,14,30,Normal day time
2821,47,5,25-MAR-19,19,30,Normal evening time
2822,47,5,26-MAR-19,19,30,Normal evening time
2823,47,5,26-MAR-19,14,30,Normal day time
2824,47,5,27-MAR-19,19,30,Normal evening time
2825,47,5,27-MAR-19,14,30,Normal day time
2826,47,5,28-MAR-19,18,45,Earlier start evening
2827,47,5,28-MAR-19,14,0,Earlier start day time
2828,48,6,22-MAR-19,19,30,Normal evening time
2829,48,6,23-MAR-19,19,30,Normal evening time
2830,48,6,24-MAR-19,19,30,Normal evening time
2831,48,6,24-MAR-19,14,30,Normal day time
2832,48,6,25-MAR-19,19,30,Normal evening time
2833,48,6,26-MAR-19,19,30,Normal evening time
2834,48,6,26-MAR-19,14,30,Normal day time
2835,48,6,27-MAR-19,19,30,Normal evening time
2836,48,6,27-MAR-19,14,30,Normal day time
2837,48,6,28-MAR-19,18,45,Earlier start evening
2838,48,6,28-MAR-19,14,0,Earlier start day time
2839,44,1,29-MAR-19,19,30,Normal evening time
2840,44,1,30-MAR-19,19,30,Normal evening time
2841,44,1,31-MAR-19,19,30,Normal evening time
2842,44,1,31-MAR-19,14,30,Normal day time
2843,44,1,01-APR-19,19,30,Normal evening time
2844,44,1,02-APR-19,19,30,Normal evening time
2845,44,1,02-APR-19,14,30,Normal day time
2846,44,1,03-APR-19,19,30,Normal evening time
2847,44,1,03-APR-19,14,30,Normal day time
2848,44,1,04-APR-19,18,45,Earlier start evening
2849,44,1,04-APR-19,14,0,Earlier start day time
2850,45,2,29-MAR-19,19,30,Normal evening time
2851,45,2,30-MAR-19,19,30,Normal evening time
2852,45,2,31-MAR-19,19,30,Normal evening time
3753,62,6,29-JUN-19,19,30,Normal evening time
3754,62,6,30-JUN-19,19,30,Normal evening time
3755,62,6,30-JUN-19,14,30,Normal day time
3756,62,6,01-JUL-19,19,30,Normal evening time
3757,62,6,02-JUL-19,19,30,Normal evening time
3758,62,6,02-JUL-19,14,30,Normal day time
3759,62,6,03-JUL-19,19,30,Normal evening time
3760,62,6,03-JUL-19,14,30,Normal day time
3761,62,6,04-JUL-19,18,45,Earlier start evening
3762,62,6,04-JUL-19,14,0,Earlier start day time
3763,58,1,05-JUL-19,19,30,Normal evening time
3764,58,1,06-JUL-19,19,30,Normal evening time
3765,58,1,07-JUL-19,19,30,Normal evening time
3766,58,1,07-JUL-19,14,30,Normal day time
3767,58,1,08-JUL-19,19,30,Normal evening time
3768,58,1,09-JUL-19,19,30,Normal evening time
3769,58,1,09-JUL-19,14,30,Normal day time
3770,58,1,10-JUL-19,19,30,Normal evening time
3771,58,1,10-JUL-19,14,30,Normal day time
3772,58,1,11-JUL-19,18,45,Earlier start evening
3773,58,1,11-JUL-19,14,0,Earlier start day time
3774,59,2,05-JUL-19,19,30,Normal evening time
3775,59,2,06-JUL-19,19,30,Normal evening time
3776,59,2,07-JUL-19,19,30,Normal evening time
3777,59,2,07-JUL-19,14,30,Normal day time
3778,59,2,08-JUL-19,19,30,Normal evening time
3779,59,2,09-JUL-19,19,30,Normal evening time
3780,59,2,09-JUL-19,14,30,Normal day time
3781,59,2,10-JUL-19,19,30,Normal evening time
3782,59,2,10-JUL-19,14,30,Normal day time
3783,59,2,11-JUL-19,18,45,Earlier start evening
3784,59,2,11-JUL-19,14,0,Earlier start day time
3785,60,3,05-JUL-19,19,30,Normal evening time
3786,60,3,06-JUL-19,19,30,Normal evening time
3787,60,3,07-JUL-19,19,30,Normal evening time
3788,60,3,07-JUL-19,14,30,Normal day time
3789,60,3,08-JUL-19,19,30,Normal evening time
3790,60,3,09-JUL-19,19,30,Normal evening time
3791,60,3,09-JUL-19,14,30,Normal day time
3792,60,3,10-JUL-19,19,30,Normal evening time
3793,60,3,10-JUL-19,14,30,Normal day time
3794,60,3,11-JUL-19,18,45,Earlier start evening
3795,60,3,11-JUL-19,14,0,Earlier start day time
3796,61,4,05-JUL-19,19,30,Normal evening time
3797,61,4,06-JUL-19,19,30,Normal evening time
3798,61,4,07-JUL-19,19,30,Normal evening time
3799,61,4,07-JUL-19,14,30,Normal day time
3800,61,4,08-JUL-19,19,30,Normal evening time
3801,61,4,09-JUL-19,19,30,Normal evening time
3802,61,4,09-JUL-19,14,30,Normal day time
3803,61,4,10-JUL-19,19,30,Normal evening time
3804,61,4,10-JUL-19,14,30,Normal day time
3805,61,4,11-JUL-19,18,45,Earlier start evening
3806,61,4,11-JUL-19,14,0,Earlier start day time
3807,62,5,05-JUL-19,19,30,Normal evening time
3808,62,5,06-JUL-19,19,30,Normal evening time
3809,62,5,07-JUL-19,19,30,Normal evening time
3810,62,5,07-JUL-19,14,30,Normal day time
3811,62,5,08-JUL-19,19,30,Normal evening time
3812,62,5,09-JUL-19,19,30,Normal evening time
3813,62,5,09-JUL-19,14,30,Normal day time
3814,62,5,10-JUL-19,19,30,Normal evening time
3815,62,5,10-JUL-19,14,30,Normal day time
3816,62,5,11-JUL-19,18,45,Earlier start evening
3817,62,5,11-JUL-19,14,0,Earlier start day time
3818,63,6,05-JUL-19,19,30,Normal evening time
3819,63,6,06-JUL-19,19,30,Normal evening time
3820,63,6,07-JUL-19,19,30,Normal evening time
3821,63,6,07-JUL-19,14,30,Normal day time
3822,63,6,08-JUL-19,19,30,Normal evening time
3823,63,6,09-JUL-19,19,30,Normal evening time
3824,63,6,09-JUL-19,14,30,Normal day time
3825,63,6,10-JUL-19,19,30,Normal evening time
3826,63,6,10-JUL-19,14,30,Normal day time
3827,63,6,11-JUL-19,18,45,Earlier start evening
3828,63,6,11-JUL-19,14,0,Earlier start day time
3829,59,1,12-JUL-19,19,30,Normal evening time
3830,59,1,13-JUL-19,19,30,Normal evening time
3831,59,1,14-JUL-19,19,30,Normal evening time
3832,59,1,14-JUL-19,14,30,Normal day time
3833,59,1,15-JUL-19,19,30,Normal evening time
3834,59,1,16-JUL-19,19,30,Normal evening time
3835,59,1,16-JUL-19,14,30,Normal day time
3836,59,1,17-JUL-19,19,30,Normal evening time
3837,59,1,17-JUL-19,14,30,Normal day time
3838,59,1,18-JUL-19,18,45,Earlier start evening
3839,59,1,18-JUL-19,14,0,Earlier start day time
3840,60,2,12-JUL-19,19,30,Normal evening time
3841,60,2,13-JUL-19,19,30,Normal evening time
3842,60,2,14-JUL-19,19,30,Normal evening time
3843,60,2,14-JUL-19,14,30,Normal day time
3844,60,2,15-JUL-19,19,30,Normal evening time
3845,60,2,16-JUL-19,19,30,Normal evening time
3846,60,2,16-JUL-19,14,30,Normal day time
3847,60,2,17-JUL-19,19,30,Normal evening time
3848,60,2,17-JUL-19,14,30,Normal day time
3849,60,2,18-JUL-19,18,45,Earlier start evening
3850,60,2,18-JUL-19,14,0,Earlier start day time
3851,61,3,12-JUL-19,19,30,Normal evening time
3852,61,3,13-JUL-19,19,30,Normal evening time
3853,61,3,14-JUL-19,19,30,Normal evening time
3854,61,3,14-JUL-19,14,30,Normal day time
3855,61,3,15-JUL-19,19,30,Normal evening time
3856,61,3,16-JUL-19,19,30,Normal evening time
3857,61,3,16-JUL-19,14,30,Normal day time
3858,61,3,17-JUL-19,19,30,Normal evening time
3859,61,3,17-JUL-19,14,30,Normal day time
3860,61,3,18-JUL-19,18,45,Earlier start evening
3861,61,3,18-JUL-19,14,0,Earlier start day time
3862,62,4,12-JUL-19,19,30,Normal evening time
3863,62,4,13-JUL-19,19,30,Normal evening time
3864,62,4,14-JUL-19,19,30,Normal evening time
3865,62,4,14-JUL-19,14,30,Normal day time
3866,62,4,15-JUL-19,19,30,Normal evening time
3867,62,4,16-JUL-19,19,30,Normal evening time
3868,62,4,16-JUL-19,14,30,Normal day time
3869,62,4,17-JUL-19,19,30,Normal evening time
3870,62,4,17-JUL-19,14,30,Normal day time
3871,62,4,18-JUL-19,18,45,Earlier start evening
3872,62,4,18-JUL-19,14,0,Earlier start day time
3873,63,5,12-JUL-19,19,30,Normal evening time
3874,63,5,13-JUL-19,19,30,Normal evening time
3875,63,5,14-JUL-19,19,30,Normal evening time
3876,63,5,14-JUL-19,14,30,Normal day time
3877,63,5,15-JUL-19,19,30,Normal evening time
3878,63,5,16-JUL-19,19,30,Normal evening time
3879,63,5,16-JUL-19,14,30,Normal day time
3880,63,5,17-JUL-19,19,30,Normal evening time
3881,63,5,17-JUL-19,14,30,Normal day time
3882,63,5,18-JUL-19,18,45,Earlier start evening
3883,63,5,18-JUL-19,14,0,Earlier start day time
3884,64,6,12-JUL-19,19,30,Normal evening time
3885,64,6,13-JUL-19,19,30,Normal evening time
3886,64,6,14-JUL-19,19,30,Normal evening time
3887,64,6,14-JUL-19,14,30,Normal day time
3888,64,6,15-JUL-19,19,30,Normal evening time
3889,64,6,16-JUL-19,19,30,Normal evening time
3890,64,6,16-JUL-19,14,30,Normal day time
3891,64,6,17-JUL-19,19,30,Normal evening time
3892,64,6,17-JUL-19,14,30,Normal day time
3893,64,6,18-JUL-19,18,45,Earlier start evening
3894,64,6,18-JUL-19,14,0,Earlier start day time
3895,60,1,19-JUL-19,19,30,Normal evening time
3896,60,1,20-JUL-19,19,30,Normal evening time
3897,60,1,21-JUL-19,19,30,Normal evening time
3898,60,1,21-JUL-19,14,30,Normal day time
3899,60,1,22-JUL-19,19,30,Normal evening time
3900,60,1,23-JUL-19,19,30,Normal evening time
3901,60,1,23-JUL-19,14,30,Normal day time
3902,60,1,24-JUL-19,19,30,Normal evening time
3903,60,1,24-JUL-19,14,30,Normal day time
3904,60,1,25-JUL-19,18,45,Earlier start evening
3905,60,1,25-JUL-19,14,0,Earlier start day time
3906,61,2,19-JUL-19,19,30,Normal evening time
3907,61,2,20-JUL-19,19,30,Normal evening time
3908,61,2,21-JUL-19,19,30,Normal evening time
3909,61,2,21-JUL-19,14,30,Normal day time
3910,61,2,22-JUL-19,19,30,Normal evening time
3911,61,2,23-JUL-19,19,30,Normal evening time
3912,61,2,23-JUL-19,14,30,Normal day time
3913,61,2,24-JUL-19,19,30,Normal evening time
3914,61,2,24-JUL-19,14,30,Normal day time
3915,61,2,25-JUL-19,18,45,Earlier start evening
3916,61,2,25-JUL-19,14,0,Earlier start day time
3917,62,3,19-JUL-19,19,30,Normal evening time
3918,62,3,20-JUL-19,19,30,Normal evening time
3919,62,3,21-JUL-19,19,30,Normal evening time
3920,62,3,21-JUL-19,14,30,Normal day time
3921,62,3,22-JUL-19,19,30,Normal evening time
3922,62,3,23-JUL-19,19,30,Normal evening time
3923,62,3,23-JUL-19,14,30,Normal day time
3924,62,3,24-JUL-19,19,30,Normal evening time
3925,62,3,24-JUL-19,14,30,Normal day time
3926,62,3,25-JUL-19,18,45,Earlier start evening
3927,62,3,25-JUL-19,14,0,Earlier start day time
3928,63,4,19-JUL-19,19,30,Normal evening time
3929,63,4,20-JUL-19,19,30,Normal evening time
3930,63,4,21-JUL-19,19,30,Normal evening time
3931,63,4,21-JUL-19,14,30,Normal day time
3932,63,4,22-JUL-19,19,30,Normal evening time
3933,63,4,23-JUL-19,19,30,Normal evening time
3934,63,4,23-JUL-19,14,30,Normal day time
3935,63,4,24-JUL-19,19,30,Normal evening time
3936,63,4,24-JUL-19,14,30,Normal day time
3937,63,4,25-JUL-19,18,45,Earlier start evening
3938,63,4,25-JUL-19,14,0,Earlier start day time
3939,64,5,19-JUL-19,19,30,Normal evening time
3940,64,5,20-JUL-19,19,30,Normal evening time
3941,64,5,21-JUL-19,19,30,Normal evening time
3942,64,5,21-JUL-19,14,30,Normal day time
3943,64,5,22-JUL-19,19,30,Normal evening time
3944,64,5,23-JUL-19,19,30,Normal evening time
3945,64,5,23-JUL-19,14,30,Normal day time
3946,64,5,24-JUL-19,19,30,Normal evening time
3947,64,5,24-JUL-19,14,30,Normal day time
3948,64,5,25-JUL-19,18,45,Earlier start evening
3949,64,5,25-JUL-19,14,0,Earlier start day time
3950,65,6,19-JUL-19,19,30,Normal evening time
3951,65,6,20-JUL-19,19,30,Normal evening time
3952,65,6,21-JUL-19,19,30,Normal evening time
3953,65,6,21-JUL-19,14,30,Normal day time
3954,65,6,22-JUL-19,19,30,Normal evening time
3955,65,6,23-JUL-19,19,30,Normal evening time
3956,65,6,23-JUL-19,14,30,Normal day time
3957,65,6,24-JUL-19,19,30,Normal evening time
3958,65,6,24-JUL-19,14,30,Normal day time
3959,65,6,25-JUL-19,18,45,Earlier start evening
3960,65,6,25-JUL-19,14,0,Earlier start day time
3961,61,1,26-JUL-19,19,30,Normal evening time
3962,61,1,27-JUL-19,19,30,Normal evening time
3963,61,1,28-JUL-19,19,30,Normal evening time
3964,61,1,28-JUL-19,14,30,Normal day time
3965,61,1,29-JUL-19,19,30,Normal evening time
3966,61,1,30-JUL-19,19,30,Normal evening time
3967,61,1,30-JUL-19,14,30,Normal day time
3968,61,1,31-JUL-19,19,30,Normal evening time
3969,61,1,31-JUL-19,14,30,Normal day time
3970,61,1,01-AUG-19,18,45,Earlier start evening
3971,61,1,01-AUG-19,14,0,Earlier start day time
3972,62,2,26-JUL-19,19,30,Normal evening time
3973,62,2,27-JUL-19,19,30,Normal evening time
3974,62,2,28-JUL-19,19,30,Normal evening time
3975,62,2,28-JUL-19,14,30,Normal day time
3976,62,2,29-JUL-19,19,30,Normal evening time
3977,62,2,30-JUL-19,19,30,Normal evening time
3978,62,2,30-JUL-19,14,30,Normal day time
3979,62,2,31-JUL-19,19,30,Normal evening time
3980,62,2,31-JUL-19,14,30,Normal day time
3981,62,2,01-AUG-19,18,45,Earlier start evening
3982,62,2,01-AUG-19,14,0,Earlier start day time
3983,63,3,26-JUL-19,19,30,Normal evening time
3984,63,3,27-JUL-19,19,30,Normal evening time
3985,63,3,28-JUL-19,19,30,Normal evening time
3986,63,3,28-JUL-19,14,30,Normal day time
3987,63,3,29-JUL-19,19,30,Normal evening time
3988,63,3,30-JUL-19,19,30,Normal evening time
3989,63,3,30-JUL-19,14,30,Normal day time
3990,63,3,31-JUL-19,19,30,Normal evening time
3991,63,3,31-JUL-19,14,30,Normal day time
3992,63,3,01-AUG-19,18,45,Earlier start evening
3993,63,3,01-AUG-19,14,0,Earlier start day time
3994,64,4,26-JUL-19,19,30,Normal evening time
3995,64,4,27-JUL-19,19,30,Normal evening time
3996,64,4,28-JUL-19,19,30,Normal evening time
3997,64,4,28-JUL-19,14,30,Normal day time
3998,64,4,29-JUL-19,19,30,Normal evening time
3999,64,4,30-JUL-19,19,30,Normal evening time
4000,64,4,30-JUL-19,14,30,Normal day time
4001,64,4,31-JUL-19,19,30,Normal evening time
4002,64,4,31-JUL-19,14,30,Normal day time
4003,64,4,01-AUG-19,18,45,Earlier start evening
4004,64,4,01-AUG-19,14,0,Earlier start day time
4005,65,5,26-JUL-19,19,30,Normal evening time
4006,65,5,27-JUL-19,19,30,Normal evening time
4007,65,5,28-JUL-19,19,30,Normal evening time
4008,65,5,28-JUL-19,14,30,Normal day time
4009,65,5,29-JUL-19,19,30,Normal evening time
4010,65,5,30-JUL-19,19,30,Normal evening time
4011,65,5,30-JUL-19,14,30,Normal day time
4012,65,5,31-JUL-19,19,30,Normal evening time
4013,65,5,31-JUL-19,14,30,Normal day time
4014,65,5,01-AUG-19,18,45,Earlier start evening
4015,65,5,01-AUG-19,14,0,Earlier start day time
4016,53,6,26-JUL-19,19,30,Normal evening time
4017,53,6,27-JUL-19,19,30,Normal evening time
4018,53,6,28-JUL-19,19,30,Normal evening time
4019,53,6,28-JUL-19,14,30,Normal day time
4020,53,6,29-JUL-19,19,30,Normal evening time
4021,53,6,30-JUL-19,19,30,Normal evening time
4022,53,6,30-JUL-19,14,30,Normal day time
4023,53,6,31-JUL-19,19,30,Normal evening time
4024,53,6,31-JUL-19,14,30,Normal day time
4025,53,6,01-AUG-19,18,45,Earlier start evening
4026,53,6,01-AUG-19,14,0,Earlier start day time
4027,62,1,02-AUG-19,19,30,Normal evening time
4028,62,1,03-AUG-19,19,30,Normal evening time
4029,62,1,04-AUG-19,19,30,Normal evening time
4030,62,1,04-AUG-19,14,30,Normal day time
4031,62,1,05-AUG-19,19,30,Normal evening time
4032,62,1,06-AUG-19,19,30,Normal evening time
4033,62,1,06-AUG-19,14,30,Normal day time
4034,62,1,07-AUG-19,19,30,Normal evening time
4035,62,1,07-AUG-19,14,30,Normal day time
4036,62,1,08-AUG-19,18,45,Earlier start evening
4037,62,1,08-AUG-19,14,0,Earlier start day time
4038,63,2,02-AUG-19,19,30,Normal evening time
4039,63,2,03-AUG-19,19,30,Normal evening time
4040,63,2,04-AUG-19,19,30,Normal evening time
4041,63,2,04-AUG-19,14,30,Normal day time
4042,63,2,05-AUG-19,19,30,Normal evening time
4043,63,2,06-AUG-19,19,30,Normal evening time
4044,63,2,06-AUG-19,14,30,Normal day time
4045,63,2,07-AUG-19,19,30,Normal evening time
4046,63,2,07-AUG-19,14,30,Normal day time
4047,63,2,08-AUG-19,18,45,Earlier start evening
4048,63,2,08-AUG-19,14,0,Earlier start day time
4049,64,3,02-AUG-19,19,30,Normal evening time
4050,64,3,03-AUG-19,19,30,Normal evening time
4051,64,3,04-AUG-19,19,30,Normal evening time
4052,64,3,04-AUG-19,14,30,Normal day time
4053,64,3,05-AUG-19,19,30,Normal evening time
4054,64,3,06-AUG-19,19,30,Normal evening time
4055,64,3,06-AUG-19,14,30,Normal day time
4056,64,3,07-AUG-19,19,30,Normal evening time
4057,64,3,07-AUG-19,14,30,Normal day time
4058,64,3,08-AUG-19,18,45,Earlier start evening
4059,64,3,08-AUG-19,14,0,Earlier start day time
4060,65,4,02-AUG-19,19,30,Normal evening time
4061,65,4,03-AUG-19,19,30,Normal evening time
4062,65,4,04-AUG-19,19,30,Normal evening time
4063,65,4,04-AUG-19,14,30,Normal day time
4064,65,4,05-AUG-19,19,30,Normal evening time
4065,65,4,06-AUG-19,19,30,Normal evening time
4066,65,4,06-AUG-19,14,30,Normal day time
4067,65,4,07-AUG-19,19,30,Normal evening time
4068,65,4,07-AUG-19,14,30,Normal day time
4069,65,4,08-AUG-19,18,45,Earlier start evening
4070,65,4,08-AUG-19,14,0,Earlier start day time
4071,53,5,02-AUG-19,19,30,Normal evening time
4072,53,5,03-AUG-19,19,30,Normal evening time
4073,53,5,04-AUG-19,19,30,Normal evening time
4074,53,5,04-AUG-19,14,30,Normal day time
4075,53,5,05-AUG-19,19,30,Normal evening time
4076,53,5,06-AUG-19,19,30,Normal evening time
4077,53,5,06-AUG-19,14,30,Normal day time
4078,53,5,07-AUG-19,19,30,Normal evening time
4079,53,5,07-AUG-19,14,30,Normal day time
4080,53,5,08-AUG-19,18,45,Earlier start evening
4081,53,5,08-AUG-19,14,0,Earlier start day time
4082,54,6,02-AUG-19,19,30,Normal evening time
4083,54,6,03-AUG-19,19,30,Normal evening time
4084,54,6,04-AUG-19,19,30,Normal evening time
4085,54,6,04-AUG-19,14,30,Normal day time
4086,54,6,05-AUG-19,19,30,Normal evening time
4087,54,6,06-AUG-19,19,30,Normal evening time
4088,54,6,06-AUG-19,14,30,Normal day time
4089,54,6,07-AUG-19,19,30,Normal evening time
4090,54,6,07-AUG-19,14,30,Normal day time
4091,54,6,08-AUG-19,18,45,Earlier start evening
4092,54,6,08-AUG-19,14,0,Earlier start day time
4093,63,1,09-AUG-19,19,30,Normal evening time
4094,63,1,10-AUG-19,19,30,Normal evening time
4095,63,1,11-AUG-19,19,30,Normal evening time
4096,63,1,11-AUG-19,14,30,Normal day time
4097,63,1,12-AUG-19,19,30,Normal evening time
4098,63,1,13-AUG-19,19,30,Normal evening time
4099,63,1,13-AUG-19,14,30,Normal day time
4100,63,1,14-AUG-19,19,30,Normal evening time
4101,63,1,14-AUG-19,14,30,Normal day time
4102,63,1,15-AUG-19,18,45,Earlier start evening
4103,63,1,15-AUG-19,14,0,Earlier start day time
4104,64,2,09-AUG-19,19,30,Normal evening time
4105,64,2,10-AUG-19,19,30,Normal evening time
4106,64,2,11-AUG-19,19,30,Normal evening time
4107,64,2,11-AUG-19,14,30,Normal day time
4108,64,2,12-AUG-19,19,30,Normal evening time
4109,64,2,13-AUG-19,19,30,Normal evening time
4110,64,2,13-AUG-19,14,30,Normal day time
4111,64,2,14-AUG-19,19,30,Normal evening time
4112,64,2,14-AUG-19,14,30,Normal day time
4113,64,2,15-AUG-19,18,45,Earlier start evening
4114,64,2,15-AUG-19,14,0,Earlier start day time
4115,65,3,09-AUG-19,19,30,Normal evening time
4116,65,3,10-AUG-19,19,30,Normal evening time
4117,65,3,11-AUG-19,19,30,Normal evening time
4118,65,3,11-AUG-19,14,30,Normal day time
4119,65,3,12-AUG-19,19,30,Normal evening time
4120,65,3,13-AUG-19,19,30,Normal evening time
4121,65,3,13-AUG-19,14,30,Normal day time
4122,65,3,14-AUG-19,19,30,Normal evening time
4123,65,3,14-AUG-19,14,30,Normal day time
4124,65,3,15-AUG-19,18,45,Earlier start evening
4125,65,3,15-AUG-19,14,0,Earlier start day time
4126,53,4,09-AUG-19,19,30,Normal evening time
4127,53,4,10-AUG-19,19,30,Normal evening time
4128,53,4,11-AUG-19,19,30,Normal evening time
4129,53,4,11-AUG-19,14,30,Normal day time
4130,53,4,12-AUG-19,19,30,Normal evening time
4131,53,4,13-AUG-19,19,30,Normal evening time
4132,53,4,13-AUG-19,14,30,Normal day time
4133,53,4,14-AUG-19,19,30,Normal evening time
4134,53,4,14-AUG-19,14,30,Normal day time
4135,53,4,15-AUG-19,18,45,Earlier start evening
4136,53,4,15-AUG-19,14,0,Earlier start day time
4137,54,5,09-AUG-19,19,30,Normal evening time
4138,54,5,10-AUG-19,19,30,Normal evening time
4139,54,5,11-AUG-19,19,30,Normal evening time
4140,54,5,11-AUG-19,14,30,Normal day time
4141,54,5,12-AUG-19,19,30,Normal evening time
4142,54,5,13-AUG-19,19,30,Normal evening time
4143,54,5,13-AUG-19,14,30,Normal day time
4144,54,5,14-AUG-19,19,30,Normal evening time
4145,54,5,14-AUG-19,14,30,Normal day time
4146,54,5,15-AUG-19,18,45,Earlier start evening
4147,54,5,15-AUG-19,14,0,Earlier start day time
4148,55,6,09-AUG-19,19,30,Normal evening time
4149,55,6,10-AUG-19,19,30,Normal evening time
4150,55,6,11-AUG-19,19,30,Normal evening time
4151,55,6,11-AUG-19,14,30,Normal day time
4152,55,6,12-AUG-19,19,30,Normal evening time
4153,55,6,13-AUG-19,19,30,Normal evening time
4154,55,6,13-AUG-19,14,30,Normal day time
4155,55,6,14-AUG-19,19,30,Normal evening time
4156,55,6,14-AUG-19,14,30,Normal day time
4157,55,6,15-AUG-19,18,45,Earlier start evening
4158,55,6,15-AUG-19,14,0,Earlier start day time
4159,64,1,16-AUG-19,19,30,Normal evening time
4160,64,1,17-AUG-19,19,30,Normal evening time
4161,64,1,18-AUG-19,19,30,Normal evening time
4162,64,1,18-AUG-19,14,30,Normal day time
4163,64,1,19-AUG-19,19,30,Normal evening time
4164,64,1,20-AUG-19,19,30,Normal evening time
4165,64,1,20-AUG-19,14,30,Normal day time
4166,64,1,21-AUG-19,19,30,Normal evening time
4167,64,1,21-AUG-19,14,30,Normal day time
4168,64,1,22-AUG-19,18,45,Earlier start evening
4169,64,1,22-AUG-19,14,0,Earlier start day time
4170,65,2,16-AUG-19,19,30,Normal evening time
4171,65,2,17-AUG-19,19,30,Normal evening time
4172,65,2,18-AUG-19,19,30,Normal evening time
4173,65,2,18-AUG-19,14,30,Normal day time
4174,65,2,19-AUG-19,19,30,Normal evening time
4175,65,2,20-AUG-19,19,30,Normal evening time
4176,65,2,20-AUG-19,14,30,Normal day time
4177,65,2,21-AUG-19,19,30,Normal evening time
4178,65,2,21-AUG-19,14,30,Normal day time
4179,65,2,22-AUG-19,18,45,Earlier start evening
4180,65,2,22-AUG-19,14,0,Earlier start day time
4181,53,3,16-AUG-19,19,30,Normal evening time
4182,53,3,17-AUG-19,19,30,Normal evening time
4183,53,3,18-AUG-19,19,30,Normal evening time
4184,53,3,18-AUG-19,14,30,Normal day time
4185,53,3,19-AUG-19,19,30,Normal evening time
4186,53,3,20-AUG-19,19,30,Normal evening time
4187,53,3,20-AUG-19,14,30,Normal day time
4188,53,3,21-AUG-19,19,30,Normal evening time
4189,53,3,21-AUG-19,14,30,Normal day time
4190,53,3,22-AUG-19,18,45,Earlier start evening
4191,53,3,22-AUG-19,14,0,Earlier start day time
4192,54,4,16-AUG-19,19,30,Normal evening time
4193,54,4,17-AUG-19,19,30,Normal evening time
4194,54,4,18-AUG-19,19,30,Normal evening time
4195,54,4,18-AUG-19,14,30,Normal day time
4196,54,4,19-AUG-19,19,30,Normal evening time
4197,54,4,20-AUG-19,19,30,Normal evening time
4198,54,4,20-AUG-19,14,30,Normal day time
4199,54,4,21-AUG-19,19,30,Normal evening time
4200,54,4,21-AUG-19,14,30,Normal day time
4201,54,4,22-AUG-19,18,45,Earlier start evening
4202,54,4,22-AUG-19,14,0,Earlier start day time
3003,48,3,18-APR-19,14,0,Earlier start day time
3004,49,4,12-APR-19,19,30,Normal evening time
3005,49,4,13-APR-19,19,30,Normal evening time
3006,49,4,14-APR-19,19,30,Normal evening time
3007,49,4,14-APR-19,14,30,Normal day time
3008,49,4,15-APR-19,19,30,Normal evening time
3009,49,4,16-APR-19,19,30,Normal evening time
3010,49,4,16-APR-19,14,30,Normal day time
3011,49,4,17-APR-19,19,30,Normal evening time
3012,49,4,17-APR-19,14,30,Normal day time
3013,49,4,18-APR-19,18,45,Earlier start evening
3014,49,4,18-APR-19,14,0,Earlier start day time
3015,50,5,12-APR-19,19,30,Normal evening time
3016,50,5,13-APR-19,19,30,Normal evening time
3017,50,5,14-APR-19,19,30,Normal evening time
3018,50,5,14-APR-19,14,30,Normal day time
3019,50,5,15-APR-19,19,30,Normal evening time
3020,50,5,16-APR-19,19,30,Normal evening time
3021,50,5,16-APR-19,14,30,Normal day time
3022,50,5,17-APR-19,19,30,Normal evening time
3023,50,5,17-APR-19,14,30,Normal day time
3024,50,5,18-APR-19,18,45,Earlier start evening
3025,50,5,18-APR-19,14,0,Earlier start day time
3026,51,6,12-APR-19,19,30,Normal evening time
3027,51,6,13-APR-19,19,30,Normal evening time
3028,51,6,14-APR-19,19,30,Normal evening time
3029,51,6,14-APR-19,14,30,Normal day time
3030,51,6,15-APR-19,19,30,Normal evening time
3031,51,6,16-APR-19,19,30,Normal evening time
3032,51,6,16-APR-19,14,30,Normal day time
3033,51,6,17-APR-19,19,30,Normal evening time
3034,51,6,17-APR-19,14,30,Normal day time
3035,51,6,18-APR-19,18,45,Earlier start evening
3036,51,6,18-APR-19,14,0,Earlier start day time
3037,47,1,19-APR-19,19,30,Normal evening time
3038,47,1,20-APR-19,19,30,Normal evening time
3039,47,1,21-APR-19,19,30,Normal evening time
3040,47,1,21-APR-19,14,30,Normal day time
3041,47,1,22-APR-19,19,30,Normal evening time
3042,47,1,23-APR-19,19,30,Normal evening time
3043,47,1,23-APR-19,14,30,Normal day time
3044,47,1,24-APR-19,19,30,Normal evening time
3045,47,1,24-APR-19,14,30,Normal day time
3046,47,1,25-APR-19,18,45,Earlier start evening
3047,47,1,25-APR-19,14,0,Earlier start day time
3048,48,2,19-APR-19,19,30,Normal evening time
3049,48,2,20-APR-19,19,30,Normal evening time
3050,48,2,21-APR-19,19,30,Normal evening time
3051,48,2,21-APR-19,14,30,Normal day time
3052,48,2,22-APR-19,19,30,Normal evening time
3053,48,2,23-APR-19,19,30,Normal evening time
3054,48,2,23-APR-19,14,30,Normal day time
3055,48,2,24-APR-19,19,30,Normal evening time
3056,48,2,24-APR-19,14,30,Normal day time
3057,48,2,25-APR-19,18,45,Earlier start evening
3058,48,2,25-APR-19,14,0,Earlier start day time
3059,49,3,19-APR-19,19,30,Normal evening time
3060,49,3,20-APR-19,19,30,Normal evening time
3061,49,3,21-APR-19,19,30,Normal evening time
3062,49,3,21-APR-19,14,30,Normal day time
3063,49,3,22-APR-19,19,30,Normal evening time
3064,49,3,23-APR-19,19,30,Normal evening time
3065,49,3,23-APR-19,14,30,Normal day time
3066,49,3,24-APR-19,19,30,Normal evening time
3067,49,3,24-APR-19,14,30,Normal day time
3068,49,3,25-APR-19,18,45,Earlier start evening
3069,49,3,25-APR-19,14,0,Earlier start day time
3070,50,4,19-APR-19,19,30,Normal evening time
3071,50,4,20-APR-19,19,30,Normal evening time
3072,50,4,21-APR-19,19,30,Normal evening time
3073,50,4,21-APR-19,14,30,Normal day time
3074,50,4,22-APR-19,19,30,Normal evening time
3075,50,4,23-APR-19,19,30,Normal evening time
3076,50,4,23-APR-19,14,30,Normal day time
3077,50,4,24-APR-19,19,30,Normal evening time
3078,50,4,24-APR-19,14,30,Normal day time
3079,50,4,25-APR-19,18,45,Earlier start evening
3080,50,4,25-APR-19,14,0,Earlier start day time
3081,51,5,19-APR-19,19,30,Normal evening time
3082,51,5,20-APR-19,19,30,Normal evening time
3083,51,5,21-APR-19,19,30,Normal evening time
3084,51,5,21-APR-19,14,30,Normal day time
3085,51,5,22-APR-19,19,30,Normal evening time
3086,51,5,23-APR-19,19,30,Normal evening time
3087,51,5,23-APR-19,14,30,Normal day time
3088,51,5,24-APR-19,19,30,Normal evening time
3089,51,5,24-APR-19,14,30,Normal day time
3090,51,5,25-APR-19,18,45,Earlier start evening
3091,51,5,25-APR-19,14,0,Earlier start day time
3092,52,6,19-APR-19,19,30,Normal evening time
3093,52,6,20-APR-19,19,30,Normal evening time
3094,52,6,21-APR-19,19,30,Normal evening time
3095,52,6,21-APR-19,14,30,Normal day time
3096,52,6,22-APR-19,19,30,Normal evening time
3097,52,6,23-APR-19,19,30,Normal evening time
3098,52,6,23-APR-19,14,30,Normal day time
3099,52,6,24-APR-19,19,30,Normal evening time
3100,52,6,24-APR-19,14,30,Normal day time
3101,52,6,25-APR-19,18,45,Earlier start evening
3102,52,6,25-APR-19,14,0,Earlier start day time
3103,48,1,26-APR-19,19,30,Normal evening time
3104,48,1,27-APR-19,19,30,Normal evening time
3105,48,1,28-APR-19,19,30,Normal evening time
3106,48,1,28-APR-19,14,30,Normal day time
3107,48,1,29-APR-19,19,30,Normal evening time
3108,48,1,30-APR-19,19,30,Normal evening time
3109,48,1,30-APR-19,14,30,Normal day time
3110,48,1,01-MAY-19,19,30,Normal evening time
3111,48,1,01-MAY-19,14,30,Normal day time
3112,48,1,02-MAY-19,18,45,Earlier start evening
3113,48,1,02-MAY-19,14,0,Earlier start day time
3114,49,2,26-APR-19,19,30,Normal evening time
3115,49,2,27-APR-19,19,30,Normal evening time
3116,49,2,28-APR-19,19,30,Normal evening time
3117,49,2,28-APR-19,14,30,Normal day time
3118,49,2,29-APR-19,19,30,Normal evening time
3119,49,2,30-APR-19,19,30,Normal evening time
3120,49,2,30-APR-19,14,30,Normal day time
3121,49,2,01-MAY-19,19,30,Normal evening time
3122,49,2,01-MAY-19,14,30,Normal day time
3123,49,2,02-MAY-19,18,45,Earlier start evening
3124,49,2,02-MAY-19,14,0,Earlier start day time
3125,50,3,26-APR-19,19,30,Normal evening time
3126,50,3,27-APR-19,19,30,Normal evening time
3127,50,3,28-APR-19,19,30,Normal evening time
3128,50,3,28-APR-19,14,30,Normal day time
3129,50,3,29-APR-19,19,30,Normal evening time
3130,50,3,30-APR-19,19,30,Normal evening time
3131,50,3,30-APR-19,14,30,Normal day time
3132,50,3,01-MAY-19,19,30,Normal evening time
3133,50,3,01-MAY-19,14,30,Normal day time
3134,50,3,02-MAY-19,18,45,Earlier start evening
3135,50,3,02-MAY-19,14,0,Earlier start day time
3136,51,4,26-APR-19,19,30,Normal evening time
3137,51,4,27-APR-19,19,30,Normal evening time
3138,51,4,28-APR-19,19,30,Normal evening time
3139,51,4,28-APR-19,14,30,Normal day time
3140,51,4,29-APR-19,19,30,Normal evening time
3141,51,4,30-APR-19,19,30,Normal evening time
3142,51,4,30-APR-19,14,30,Normal day time
3143,51,4,01-MAY-19,19,30,Normal evening time
3144,51,4,01-MAY-19,14,30,Normal day time
3145,51,4,02-MAY-19,18,45,Earlier start evening
3146,51,4,02-MAY-19,14,0,Earlier start day time
3147,52,5,26-APR-19,19,30,Normal evening time
3148,52,5,27-APR-19,19,30,Normal evening time
3149,52,5,28-APR-19,19,30,Normal evening time
3150,52,5,28-APR-19,14,30,Normal day time
3151,52,5,29-APR-19,19,30,Normal evening time
3152,52,5,30-APR-19,19,30,Normal evening time
3153,52,5,30-APR-19,14,30,Normal day time
3154,52,5,01-MAY-19,19,30,Normal evening time
3155,52,5,01-MAY-19,14,30,Normal day time
3156,52,5,02-MAY-19,18,45,Earlier start evening
3157,52,5,02-MAY-19,14,0,Earlier start day time
3158,40,6,26-APR-19,19,30,Normal evening time
3159,40,6,27-APR-19,19,30,Normal evening time
3160,40,6,28-APR-19,19,30,Normal evening time
3161,40,6,28-APR-19,14,30,Normal day time
3162,40,6,29-APR-19,19,30,Normal evening time
3163,40,6,30-APR-19,19,30,Normal evening time
3164,40,6,30-APR-19,14,30,Normal day time
3165,40,6,01-MAY-19,19,30,Normal evening time
3166,40,6,01-MAY-19,14,30,Normal day time
3167,40,6,02-MAY-19,18,45,Earlier start evening
3168,40,6,02-MAY-19,14,0,Earlier start day time
3169,49,1,03-MAY-19,19,30,Normal evening time
3170,49,1,04-MAY-19,19,30,Normal evening time
3171,49,1,05-MAY-19,19,30,Normal evening time
3172,49,1,05-MAY-19,14,30,Normal day time
3173,49,1,06-MAY-19,19,30,Normal evening time
3174,49,1,07-MAY-19,19,30,Normal evening time
3175,49,1,07-MAY-19,14,30,Normal day time
3176,49,1,08-MAY-19,19,30,Normal evening time
3177,49,1,08-MAY-19,14,30,Normal day time
3178,49,1,09-MAY-19,18,45,Earlier start evening
3179,49,1,09-MAY-19,14,0,Earlier start day time
3180,50,2,03-MAY-19,19,30,Normal evening time
3181,50,2,04-MAY-19,19,30,Normal evening time
3182,50,2,05-MAY-19,19,30,Normal evening time
3183,50,2,05-MAY-19,14,30,Normal day time
3184,50,2,06-MAY-19,19,30,Normal evening time
3185,50,2,07-MAY-19,19,30,Normal evening time
3186,50,2,07-MAY-19,14,30,Normal day time
3187,50,2,08-MAY-19,19,30,Normal evening time
3188,50,2,08-MAY-19,14,30,Normal day time
3189,50,2,09-MAY-19,18,45,Earlier start evening
3190,50,2,09-MAY-19,14,0,Earlier start day time
3191,51,3,03-MAY-19,19,30,Normal evening time
3192,51,3,04-MAY-19,19,30,Normal evening time
3193,51,3,05-MAY-19,19,30,Normal evening time
3194,51,3,05-MAY-19,14,30,Normal day time
3195,51,3,06-MAY-19,19,30,Normal evening time
3196,51,3,07-MAY-19,19,30,Normal evening time
3197,51,3,07-MAY-19,14,30,Normal day time
3198,51,3,08-MAY-19,19,30,Normal evening time
3199,51,3,08-MAY-19,14,30,Normal day time
3200,51,3,09-MAY-19,18,45,Earlier start evening
3201,51,3,09-MAY-19,14,0,Earlier start day time
3202,52,4,03-MAY-19,19,30,Normal evening time
3203,52,4,04-MAY-19,19,30,Normal evening time
3204,52,4,05-MAY-19,19,30,Normal evening time
3205,52,4,05-MAY-19,14,30,Normal day time
3206,52,4,06-MAY-19,19,30,Normal evening time
3207,52,4,07-MAY-19,19,30,Normal evening time
3208,52,4,07-MAY-19,14,30,Normal day time
3209,52,4,08-MAY-19,19,30,Normal evening time
3210,52,4,08-MAY-19,14,30,Normal day time
3211,52,4,09-MAY-19,18,45,Earlier start evening
3212,52,4,09-MAY-19,14,0,Earlier start day time
3213,40,5,03-MAY-19,19,30,Normal evening time
3214,40,5,04-MAY-19,19,30,Normal evening time
3215,40,5,05-MAY-19,19,30,Normal evening time
3216,40,5,05-MAY-19,14,30,Normal day time
3217,40,5,06-MAY-19,19,30,Normal evening time
3218,40,5,07-MAY-19,19,30,Normal evening time
3219,40,5,07-MAY-19,14,30,Normal day time
3220,40,5,08-MAY-19,19,30,Normal evening time
3221,40,5,08-MAY-19,14,30,Normal day time
3222,40,5,09-MAY-19,18,45,Earlier start evening
3223,40,5,09-MAY-19,14,0,Earlier start day time
3224,41,6,03-MAY-19,19,30,Normal evening time
3225,41,6,04-MAY-19,19,30,Normal evening time
3226,41,6,05-MAY-19,19,30,Normal evening time
3227,41,6,05-MAY-19,14,30,Normal day time
3228,41,6,06-MAY-19,19,30,Normal evening time
3229,41,6,07-MAY-19,19,30,Normal evening time
3230,41,6,07-MAY-19,14,30,Normal day time
3231,41,6,08-MAY-19,19,30,Normal evening time
3232,41,6,08-MAY-19,14,30,Normal day time
3233,41,6,09-MAY-19,18,45,Earlier start evening
3234,41,6,09-MAY-19,14,0,Earlier start day time
3235,50,1,10-MAY-19,19,30,Normal evening time
3236,50,1,11-MAY-19,19,30,Normal evening time
3237,50,1,12-MAY-19,19,30,Normal evening time
3238,50,1,12-MAY-19,14,30,Normal day time
3239,50,1,13-MAY-19,19,30,Normal evening time
3240,50,1,14-MAY-19,19,30,Normal evening time
3241,50,1,14-MAY-19,14,30,Normal day time
3242,50,1,15-MAY-19,19,30,Normal evening time
3243,50,1,15-MAY-19,14,30,Normal day time
3244,50,1,16-MAY-19,18,45,Earlier start evening
3245,50,1,16-MAY-19,14,0,Earlier start day time
3246,51,2,10-MAY-19,19,30,Normal evening time
3247,51,2,11-MAY-19,19,30,Normal evening time
3248,51,2,12-MAY-19,19,30,Normal evening time
3249,51,2,12-MAY-19,14,30,Normal day time
3250,51,2,13-MAY-19,19,30,Normal evening time
3251,51,2,14-MAY-19,19,30,Normal evening time
3252,51,2,14-MAY-19,14,30,Normal day time
3253,51,2,15-MAY-19,19,30,Normal evening time
3254,51,2,15-MAY-19,14,30,Normal day time
3255,51,2,16-MAY-19,18,45,Earlier start evening
3256,51,2,16-MAY-19,14,0,Earlier start day time
3257,52,3,10-MAY-19,19,30,Normal evening time
3258,52,3,11-MAY-19,19,30,Normal evening time
3259,52,3,12-MAY-19,19,30,Normal evening time
3260,52,3,12-MAY-19,14,30,Normal day time
3261,52,3,13-MAY-19,19,30,Normal evening time
3262,52,3,14-MAY-19,19,30,Normal evening time
3263,52,3,14-MAY-19,14,30,Normal day time
3264,52,3,15-MAY-19,19,30,Normal evening time
3265,52,3,15-MAY-19,14,30,Normal day time
3266,52,3,16-MAY-19,18,45,Earlier start evening
3267,52,3,16-MAY-19,14,0,Earlier start day time
3268,40,4,10-MAY-19,19,30,Normal evening time
3269,40,4,11-MAY-19,19,30,Normal evening time
3270,40,4,12-MAY-19,19,30,Normal evening time
3271,40,4,12-MAY-19,14,30,Normal day time
3272,40,4,13-MAY-19,19,30,Normal evening time
3273,40,4,14-MAY-19,19,30,Normal evening time
3274,40,4,14-MAY-19,14,30,Normal day time
3275,40,4,15-MAY-19,19,30,Normal evening time
3276,40,4,15-MAY-19,14,30,Normal day time
3277,40,4,16-MAY-19,18,45,Earlier start evening
3278,40,4,16-MAY-19,14,0,Earlier start day time
3279,41,5,10-MAY-19,19,30,Normal evening time
3280,41,5,11-MAY-19,19,30,Normal evening time
3281,41,5,12-MAY-19,19,30,Normal evening time
3282,41,5,12-MAY-19,14,30,Normal day time
3283,41,5,13-MAY-19,19,30,Normal evening time
3284,41,5,14-MAY-19,19,30,Normal evening time
3285,41,5,14-MAY-19,14,30,Normal day time
3286,41,5,15-MAY-19,19,30,Normal evening time
3287,41,5,15-MAY-19,14,30,Normal day time
3288,41,5,16-MAY-19,18,45,Earlier start evening
3289,41,5,16-MAY-19,14,0,Earlier start day time
3290,42,6,10-MAY-19,19,30,Normal evening time
3291,42,6,11-MAY-19,19,30,Normal evening time
3292,42,6,12-MAY-19,19,30,Normal evening time
3293,42,6,12-MAY-19,14,30,Normal day time
3294,42,6,13-MAY-19,19,30,Normal evening time
3295,42,6,14-MAY-19,19,30,Normal evening time
3296,42,6,14-MAY-19,14,30,Normal day time
3297,42,6,15-MAY-19,19,30,Normal evening time
3298,42,6,15-MAY-19,14,30,Normal day time
3299,42,6,16-MAY-19,18,45,Earlier start evening
3300,42,6,16-MAY-19,14,0,Earlier start day time
3301,51,1,17-MAY-19,19,30,Normal evening time
3302,51,1,18-MAY-19,19,30,Normal evening time
3303,51,1,19-MAY-19,19,30,Normal evening time
3304,51,1,19-MAY-19,14,30,Normal day time
3305,51,1,20-MAY-19,19,30,Normal evening time
3306,51,1,21-MAY-19,19,30,Normal evening time
3307,51,1,21-MAY-19,14,30,Normal day time
3308,51,1,22-MAY-19,19,30,Normal evening time
3309,51,1,22-MAY-19,14,30,Normal day time
3310,51,1,23-MAY-19,18,45,Earlier start evening
3311,51,1,23-MAY-19,14,0,Earlier start day time
3312,52,2,17-MAY-19,19,30,Normal evening time
3313,52,2,18-MAY-19,19,30,Normal evening time
3314,52,2,19-MAY-19,19,30,Normal evening time
3315,52,2,19-MAY-19,14,30,Normal day time
3316,52,2,20-MAY-19,19,30,Normal evening time
3317,52,2,21-MAY-19,19,30,Normal evening time
3318,52,2,21-MAY-19,14,30,Normal day time
3319,52,2,22-MAY-19,19,30,Normal evening time
3320,52,2,22-MAY-19,14,30,Normal day time
3321,52,2,23-MAY-19,18,45,Earlier start evening
3322,52,2,23-MAY-19,14,0,Earlier start day time
3323,40,3,17-MAY-19,19,30,Normal evening time
3324,40,3,18-MAY-19,19,30,Normal evening time
3325,40,3,19-MAY-19,19,30,Normal evening time
3326,40,3,19-MAY-19,14,30,Normal day time
3327,40,3,20-MAY-19,19,30,Normal evening time
3328,40,3,21-MAY-19,19,30,Normal evening time
3329,40,3,21-MAY-19,14,30,Normal day time
3330,40,3,22-MAY-19,19,30,Normal evening time
3331,40,3,22-MAY-19,14,30,Normal day time
3332,40,3,23-MAY-19,18,45,Earlier start evening
3333,40,3,23-MAY-19,14,0,Earlier start day time
3334,41,4,17-MAY-19,19,30,Normal evening time
3335,41,4,18-MAY-19,19,30,Normal evening time
3336,41,4,19-MAY-19,19,30,Normal evening time
3337,41,4,19-MAY-19,14,30,Normal day time
3338,41,4,20-MAY-19,19,30,Normal evening time
3339,41,4,21-MAY-19,19,30,Normal evening time
3340,41,4,21-MAY-19,14,30,Normal day time
3341,41,4,22-MAY-19,19,30,Normal evening time
3342,41,4,22-MAY-19,14,30,Normal day time
3343,41,4,23-MAY-19,18,45,Earlier start evening
3344,41,4,23-MAY-19,14,0,Earlier start day time
3345,42,5,17-MAY-19,19,30,Normal evening time
3346,42,5,18-MAY-19,19,30,Normal evening time
3347,42,5,19-MAY-19,19,30,Normal evening time
3348,42,5,19-MAY-19,14,30,Normal day time
3349,42,5,20-MAY-19,19,30,Normal evening time
3350,42,5,21-MAY-19,19,30,Normal evening time
3351,42,5,21-MAY-19,14,30,Normal day time
3352,42,5,22-MAY-19,19,30,Normal evening time
3353,42,5,22-MAY-19,14,30,Normal day time
3354,42,5,23-MAY-19,18,45,Earlier start evening
3355,42,5,23-MAY-19,14,0,Earlier start day time
3356,43,6,17-MAY-19,19,30,Normal evening time
3357,43,6,18-MAY-19,19,30,Normal evening time
3358,43,6,19-MAY-19,19,30,Normal evening time
3359,43,6,19-MAY-19,14,30,Normal day time
3360,43,6,20-MAY-19,19,30,Normal evening time
3361,43,6,21-MAY-19,19,30,Normal evening time
3362,43,6,21-MAY-19,14,30,Normal day time
3363,43,6,22-MAY-19,19,30,Normal evening time
3364,43,6,22-MAY-19,14,30,Normal day time
3365,43,6,23-MAY-19,18,45,Earlier start evening
3366,43,6,23-MAY-19,14,0,Earlier start day time
3367,52,1,24-MAY-19,19,30,Normal evening time
3368,52,1,25-MAY-19,19,30,Normal evening time
3369,52,1,26-MAY-19,19,30,Normal evening time
3370,52,1,26-MAY-19,14,30,Normal day time
3371,52,1,27-MAY-19,19,30,Normal evening time
3372,52,1,28-MAY-19,19,30,Normal evening time
3373,52,1,28-MAY-19,14,30,Normal day time
3374,52,1,29-MAY-19,19,30,Normal evening time
3375,52,1,29-MAY-19,14,30,Normal day time
3376,52,1,30-MAY-19,18,45,Earlier start evening
3377,52,1,30-MAY-19,14,0,Earlier start day time
3378,40,2,24-MAY-19,19,30,Normal evening time
3379,40,2,25-MAY-19,19,30,Normal evening time
3380,40,2,26-MAY-19,19,30,Normal evening time
3381,40,2,26-MAY-19,14,30,Normal day time
3382,40,2,27-MAY-19,19,30,Normal evening time
3383,40,2,28-MAY-19,19,30,Normal evening time
3384,40,2,28-MAY-19,14,30,Normal day time
3385,40,2,29-MAY-19,19,30,Normal evening time
3386,40,2,29-MAY-19,14,30,Normal day time
3387,40,2,30-MAY-19,18,45,Earlier start evening
3388,40,2,30-MAY-19,14,0,Earlier start day time
3389,41,3,24-MAY-19,19,30,Normal evening time
3390,41,3,25-MAY-19,19,30,Normal evening time
3391,41,3,26-MAY-19,19,30,Normal evening time
3392,41,3,26-MAY-19,14,30,Normal day time
3393,41,3,27-MAY-19,19,30,Normal evening time
3394,41,3,28-MAY-19,19,30,Normal evening time
3395,41,3,28-MAY-19,14,30,Normal day time
3396,41,3,29-MAY-19,19,30,Normal evening time
3397,41,3,29-MAY-19,14,30,Normal day time
3398,41,3,30-MAY-19,18,45,Earlier start evening
3399,41,3,30-MAY-19,14,0,Earlier start day time
3400,42,4,24-MAY-19,19,30,Normal evening time
3401,42,4,25-MAY-19,19,30,Normal evening time
3402,42,4,26-MAY-19,19,30,Normal evening time
3403,42,4,26-MAY-19,14,30,Normal day time
3404,42,4,27-MAY-19,19,30,Normal evening time
3405,42,4,28-MAY-19,19,30,Normal evening time
3406,42,4,28-MAY-19,14,30,Normal day time
3407,42,4,29-MAY-19,19,30,Normal evening time
3408,42,4,29-MAY-19,14,30,Normal day time
3409,42,4,30-MAY-19,18,45,Earlier start evening
3410,42,4,30-MAY-19,14,0,Earlier start day time
3411,43,5,24-MAY-19,19,30,Normal evening time
3412,43,5,25-MAY-19,19,30,Normal evening time
3413,43,5,26-MAY-19,19,30,Normal evening time
3414,43,5,26-MAY-19,14,30,Normal day time
3415,43,5,27-MAY-19,19,30,Normal evening time
3416,43,5,28-MAY-19,19,30,Normal evening time
3417,43,5,28-MAY-19,14,30,Normal day time
3418,43,5,29-MAY-19,19,30,Normal evening time
3419,43,5,29-MAY-19,14,30,Normal day time
3420,43,5,30-MAY-19,18,45,Earlier start evening
3421,43,5,30-MAY-19,14,0,Earlier start day time
3422,44,6,24-MAY-19,19,30,Normal evening time
3423,44,6,25-MAY-19,19,30,Normal evening time
3424,44,6,26-MAY-19,19,30,Normal evening time
3425,44,6,26-MAY-19,14,30,Normal day time
3426,44,6,27-MAY-19,19,30,Normal evening time
3427,44,6,28-MAY-19,19,30,Normal evening time
3428,44,6,28-MAY-19,14,30,Normal day time
3429,44,6,29-MAY-19,19,30,Normal evening time
3430,44,6,29-MAY-19,14,30,Normal day time
3431,44,6,30-MAY-19,18,45,Earlier start evening
3432,44,6,30-MAY-19,14,0,Earlier start day time
3433,53,1,31-MAY-19,19,30,Normal evening time
3434,53,1,01-JUN-19,19,30,Normal evening time
3435,53,1,02-JUN-19,19,30,Normal evening time
3436,53,1,02-JUN-19,14,30,Normal day time
3437,53,1,03-JUN-19,19,30,Normal evening time
3438,53,1,04-JUN-19,19,30,Normal evening time
3439,53,1,04-JUN-19,14,30,Normal day time
3440,53,1,05-JUN-19,19,30,Normal evening time
3441,53,1,05-JUN-19,14,30,Normal day time
3442,53,1,06-JUN-19,18,45,Earlier start evening
3443,53,1,06-JUN-19,14,0,Earlier start day time
3444,54,2,31-MAY-19,19,30,Normal evening time
3445,54,2,01-JUN-19,19,30,Normal evening time
3446,54,2,02-JUN-19,19,30,Normal evening time
3447,54,2,02-JUN-19,14,30,Normal day time
3448,54,2,03-JUN-19,19,30,Normal evening time
3449,54,2,04-JUN-19,19,30,Normal evening time
3450,54,2,04-JUN-19,14,30,Normal day time
3451,54,2,05-JUN-19,19,30,Normal evening time
3452,54,2,05-JUN-19,14,30,Normal day time
3453,54,2,06-JUN-19,18,45,Earlier start evening
3454,54,2,06-JUN-19,14,0,Earlier start day time
3455,55,3,31-MAY-19,19,30,Normal evening time
3456,55,3,01-JUN-19,19,30,Normal evening time
3457,55,3,02-JUN-19,19,30,Normal evening time
3458,55,3,02-JUN-19,14,30,Normal day time
3459,55,3,03-JUN-19,19,30,Normal evening time
3460,55,3,04-JUN-19,19,30,Normal evening time
3461,55,3,04-JUN-19,14,30,Normal day time
3462,55,3,05-JUN-19,19,30,Normal evening time
3463,55,3,05-JUN-19,14,30,Normal day time
3464,55,3,06-JUN-19,18,45,Earlier start evening
3465,55,3,06-JUN-19,14,0,Earlier start day time
3466,56,4,31-MAY-19,19,30,Normal evening time
3467,56,4,01-JUN-19,19,30,Normal evening time
3468,56,4,02-JUN-19,19,30,Normal evening time
3469,56,4,02-JUN-19,14,30,Normal day time
3470,56,4,03-JUN-19,19,30,Normal evening time
3471,56,4,04-JUN-19,19,30,Normal evening time
3472,56,4,04-JUN-19,14,30,Normal day time
3473,56,4,05-JUN-19,19,30,Normal evening time
3474,56,4,05-JUN-19,14,30,Normal day time
3475,56,4,06-JUN-19,18,45,Earlier start evening
3476,56,4,06-JUN-19,14,0,Earlier start day time
3477,57,5,31-MAY-19,19,30,Normal evening time
3478,57,5,01-JUN-19,19,30,Normal evening time
3479,57,5,02-JUN-19,19,30,Normal evening time
3480,57,5,02-JUN-19,14,30,Normal day time
3481,57,5,03-JUN-19,19,30,Normal evening time
3482,57,5,04-JUN-19,19,30,Normal evening time
3483,57,5,04-JUN-19,14,30,Normal day time
3484,57,5,05-JUN-19,19,30,Normal evening time
3485,57,5,05-JUN-19,14,30,Normal day time
3486,57,5,06-JUN-19,18,45,Earlier start evening
3487,57,5,06-JUN-19,14,0,Earlier start day time
3488,58,6,31-MAY-19,19,30,Normal evening time
3489,58,6,01-JUN-19,19,30,Normal evening time
3490,58,6,02-JUN-19,19,30,Normal evening time
3491,58,6,02-JUN-19,14,30,Normal day time
3492,58,6,03-JUN-19,19,30,Normal evening time
3493,58,6,04-JUN-19,19,30,Normal evening time
3494,58,6,04-JUN-19,14,30,Normal day time
3495,58,6,05-JUN-19,19,30,Normal evening time
3496,58,6,05-JUN-19,14,30,Normal day time
3497,58,6,06-JUN-19,18,45,Earlier start evening
3498,58,6,06-JUN-19,14,0,Earlier start day time
3499,54,1,07-JUN-19,19,30,Normal evening time
3500,54,1,08-JUN-19,19,30,Normal evening time
3501,54,1,09-JUN-19,19,30,Normal evening time
3502,54,1,09-JUN-19,14,30,Normal day time
3503,54,1,10-JUN-19,19,30,Normal evening time
3504,54,1,11-JUN-19,19,30,Normal evening time
3505,54,1,11-JUN-19,14,30,Normal day time
3506,54,1,12-JUN-19,19,30,Normal evening time
3507,54,1,12-JUN-19,14,30,Normal day time
3508,54,1,13-JUN-19,18,45,Earlier start evening
3509,54,1,13-JUN-19,14,0,Earlier start day time
3510,55,2,07-JUN-19,19,30,Normal evening time
3511,55,2,08-JUN-19,19,30,Normal evening time
3512,55,2,09-JUN-19,19,30,Normal evening time
3513,55,2,09-JUN-19,14,30,Normal day time
3514,55,2,10-JUN-19,19,30,Normal evening time
3515,55,2,11-JUN-19,19,30,Normal evening time
3516,55,2,11-JUN-19,14,30,Normal day time
3517,55,2,12-JUN-19,19,30,Normal evening time
3518,55,2,12-JUN-19,14,30,Normal day time
3519,55,2,13-JUN-19,18,45,Earlier start evening
3520,55,2,13-JUN-19,14,0,Earlier start day time
3521,56,3,07-JUN-19,19,30,Normal evening time
3522,56,3,08-JUN-19,19,30,Normal evening time
3523,56,3,09-JUN-19,19,30,Normal evening time
3524,56,3,09-JUN-19,14,30,Normal day time
3525,56,3,10-JUN-19,19,30,Normal evening time
3526,56,3,11-JUN-19,19,30,Normal evening time
3527,56,3,11-JUN-19,14,30,Normal day time
3528,56,3,12-JUN-19,19,30,Normal evening time
3529,56,3,12-JUN-19,14,30,Normal day time
3530,56,3,13-JUN-19,18,45,Earlier start evening
3531,56,3,13-JUN-19,14,0,Earlier start day time
3532,57,4,07-JUN-19,19,30,Normal evening time
3533,57,4,08-JUN-19,19,30,Normal evening time
3534,57,4,09-JUN-19,19,30,Normal evening time
3535,57,4,09-JUN-19,14,30,Normal day time
3536,57,4,10-JUN-19,19,30,Normal evening time
3537,57,4,11-JUN-19,19,30,Normal evening time
3538,57,4,11-JUN-19,14,30,Normal day time
3539,57,4,12-JUN-19,19,30,Normal evening time
3540,57,4,12-JUN-19,14,30,Normal day time
3541,57,4,13-JUN-19,18,45,Earlier start evening
3542,57,4,13-JUN-19,14,0,Earlier start day time
3543,58,5,07-JUN-19,19,30,Normal evening time
3544,58,5,08-JUN-19,19,30,Normal evening time
3545,58,5,09-JUN-19,19,30,Normal evening time
3546,58,5,09-JUN-19,14,30,Normal day time
3547,58,5,10-JUN-19,19,30,Normal evening time
3548,58,5,11-JUN-19,19,30,Normal evening time
3549,58,5,11-JUN-19,14,30,Normal day time
3550,58,5,12-JUN-19,19,30,Normal evening time
3551,58,5,12-JUN-19,14,30,Normal day time
3552,58,5,13-JUN-19,18,45,Earlier start evening
3553,58,5,13-JUN-19,14,0,Earlier start day time
3554,59,6,07-JUN-19,19,30,Normal evening time
3555,59,6,08-JUN-19,19,30,Normal evening time
3556,59,6,09-JUN-19,19,30,Normal evening time
3557,59,6,09-JUN-19,14,30,Normal day time
3558,59,6,10-JUN-19,19,30,Normal evening time
3559,59,6,11-JUN-19,19,30,Normal evening time
3560,59,6,11-JUN-19,14,30,Normal day time
3561,59,6,12-JUN-19,19,30,Normal evening time
3562,59,6,12-JUN-19,14,30,Normal day time
3563,59,6,13-JUN-19,18,45,Earlier start evening
3564,59,6,13-JUN-19,14,0,Earlier start day time
3565,55,1,14-JUN-19,19,30,Normal evening time
3566,55,1,15-JUN-19,19,30,Normal evening time
3567,55,1,16-JUN-19,19,30,Normal evening time
3568,55,1,16-JUN-19,14,30,Normal day time
3569,55,1,17-JUN-19,19,30,Normal evening time
3570,55,1,18-JUN-19,19,30,Normal evening time
3571,55,1,18-JUN-19,14,30,Normal day time
3572,55,1,19-JUN-19,19,30,Normal evening time
3573,55,1,19-JUN-19,14,30,Normal day time
3574,55,1,20-JUN-19,18,45,Earlier start evening
3575,55,1,20-JUN-19,14,0,Earlier start day time
3576,56,2,14-JUN-19,19,30,Normal evening time
3577,56,2,15-JUN-19,19,30,Normal evening time
3578,56,2,16-JUN-19,19,30,Normal evening time
3579,56,2,16-JUN-19,14,30,Normal day time
3580,56,2,17-JUN-19,19,30,Normal evening time
3581,56,2,18-JUN-19,19,30,Normal evening time
3582,56,2,18-JUN-19,14,30,Normal day time
3583,56,2,19-JUN-19,19,30,Normal evening time
3584,56,2,19-JUN-19,14,30,Normal day time
3585,56,2,20-JUN-19,18,45,Earlier start evening
3586,56,2,20-JUN-19,14,0,Earlier start day time
3587,57,3,14-JUN-19,19,30,Normal evening time
3588,57,3,15-JUN-19,19,30,Normal evening time
3589,57,3,16-JUN-19,19,30,Normal evening time
3590,57,3,16-JUN-19,14,30,Normal day time
3591,57,3,17-JUN-19,19,30,Normal evening time
3592,57,3,18-JUN-19,19,30,Normal evening time
3593,57,3,18-JUN-19,14,30,Normal day time
3594,57,3,19-JUN-19,19,30,Normal evening time
3595,57,3,19-JUN-19,14,30,Normal day time
3596,57,3,20-JUN-19,18,45,Earlier start evening
3597,57,3,20-JUN-19,14,0,Earlier start day time
3598,58,4,14-JUN-19,19,30,Normal evening time
3599,58,4,15-JUN-19,19,30,Normal evening time
3600,58,4,16-JUN-19,19,30,Normal evening time
3601,58,4,16-JUN-19,14,30,Normal day time
3602,58,4,17-JUN-19,19,30,Normal evening time
3603,58,4,18-JUN-19,19,30,Normal evening time
3604,58,4,18-JUN-19,14,30,Normal day time
3605,58,4,19-JUN-19,19,30,Normal evening time
3606,58,4,19-JUN-19,14,30,Normal day time
3607,58,4,20-JUN-19,18,45,Earlier start evening
3608,58,4,20-JUN-19,14,0,Earlier start day time
3609,59,5,14-JUN-19,19,30,Normal evening time
3610,59,5,15-JUN-19,19,30,Normal evening time
3611,59,5,16-JUN-19,19,30,Normal evening time
3612,59,5,16-JUN-19,14,30,Normal day time
3613,59,5,17-JUN-19,19,30,Normal evening time
3614,59,5,18-JUN-19,19,30,Normal evening time
3615,59,5,18-JUN-19,14,30,Normal day time
3616,59,5,19-JUN-19,19,30,Normal evening time
3617,59,5,19-JUN-19,14,30,Normal day time
3618,59,5,20-JUN-19,18,45,Earlier start evening
3619,59,5,20-JUN-19,14,0,Earlier start day time
3620,60,6,14-JUN-19,19,30,Normal evening time
3621,60,6,15-JUN-19,19,30,Normal evening time
3622,60,6,16-JUN-19,19,30,Normal evening time
3623,60,6,16-JUN-19,14,30,Normal day time
3624,60,6,17-JUN-19,19,30,Normal evening time
3625,60,6,18-JUN-19,19,30,Normal evening time
3626,60,6,18-JUN-19,14,30,Normal day time
3627,60,6,19-JUN-19,19,30,Normal evening time
3628,60,6,19-JUN-19,14,30,Normal day time
3629,60,6,20-JUN-19,18,45,Earlier start evening
3630,60,6,20-JUN-19,14,0,Earlier start day time
3631,56,1,21-JUN-19,19,30,Normal evening time
3632,56,1,22-JUN-19,19,30,Normal evening time
3633,56,1,23-JUN-19,19,30,Normal evening time
3634,56,1,23-JUN-19,14,30,Normal day time
3635,56,1,24-JUN-19,19,30,Normal evening time
3636,56,1,25-JUN-19,19,30,Normal evening time
3637,56,1,25-JUN-19,14,30,Normal day time
3638,56,1,26-JUN-19,19,30,Normal evening time
3639,56,1,26-JUN-19,14,30,Normal day time
3640,56,1,27-JUN-19,18,45,Earlier start evening
3641,56,1,27-JUN-19,14,0,Earlier start day time
3642,57,2,21-JUN-19,19,30,Normal evening time
3643,57,2,22-JUN-19,19,30,Normal evening time
3644,57,2,23-JUN-19,19,30,Normal evening time
3645,57,2,23-JUN-19,14,30,Normal day time
3646,57,2,24-JUN-19,19,30,Normal evening time
3647,57,2,25-JUN-19,19,30,Normal evening time
3648,57,2,25-JUN-19,14,30,Normal day time
3649,57,2,26-JUN-19,19,30,Normal evening time
3650,57,2,26-JUN-19,14,30,Normal day time
3651,57,2,27-JUN-19,18,45,Earlier start evening
3652,57,2,27-JUN-19,14,0,Earlier start day time
3653,58,3,21-JUN-19,19,30,Normal evening time
3654,58,3,22-JUN-19,19,30,Normal evening time
3655,58,3,23-JUN-19,19,30,Normal evening time
3656,58,3,23-JUN-19,14,30,Normal day time
3657,58,3,24-JUN-19,19,30,Normal evening time
3658,58,3,25-JUN-19,19,30,Normal evening time
3659,58,3,25-JUN-19,14,30,Normal day time
3660,58,3,26-JUN-19,19,30,Normal evening time
3661,58,3,26-JUN-19,14,30,Normal day time
3662,58,3,27-JUN-19,18,45,Earlier start evening
3663,58,3,27-JUN-19,14,0,Earlier start day time
3664,59,4,21-JUN-19,19,30,Normal evening time
3665,59,4,22-JUN-19,19,30,Normal evening time
3666,59,4,23-JUN-19,19,30,Normal evening time
3667,59,4,23-JUN-19,14,30,Normal day time
3668,59,4,24-JUN-19,19,30,Normal evening time
3669,59,4,25-JUN-19,19,30,Normal evening time
3670,59,4,25-JUN-19,14,30,Normal day time
3671,59,4,26-JUN-19,19,30,Normal evening time
3672,59,4,26-JUN-19,14,30,Normal day time
3673,59,4,27-JUN-19,18,45,Earlier start evening
3674,59,4,27-JUN-19,14,0,Earlier start day time
3675,60,5,21-JUN-19,19,30,Normal evening time
3676,60,5,22-JUN-19,19,30,Normal evening time
3677,60,5,23-JUN-19,19,30,Normal evening time
3678,60,5,23-JUN-19,14,30,Normal day time
3679,60,5,24-JUN-19,19,30,Normal evening time
3680,60,5,25-JUN-19,19,30,Normal evening time
3681,60,5,25-JUN-19,14,30,Normal day time
3682,60,5,26-JUN-19,19,30,Normal evening time
3683,60,5,26-JUN-19,14,30,Normal day time
3684,60,5,27-JUN-19,18,45,Earlier start evening
3685,60,5,27-JUN-19,14,0,Earlier start day time
3686,61,6,21-JUN-19,19,30,Normal evening time
3687,61,6,22-JUN-19,19,30,Normal evening time
3688,61,6,23-JUN-19,19,30,Normal evening time
3689,61,6,23-JUN-19,14,30,Normal day time
3690,61,6,24-JUN-19,19,30,Normal evening time
3691,61,6,25-JUN-19,19,30,Normal evening time
3692,61,6,25-JUN-19,14,30,Normal day time
3693,61,6,26-JUN-19,19,30,Normal evening time
3694,61,6,26-JUN-19,14,30,Normal day time
3695,61,6,27-JUN-19,18,45,Earlier start evening
3696,61,6,27-JUN-19,14,0,Earlier start day time
3697,57,1,28-JUN-19,19,30,Normal evening time
3698,57,1,29-JUN-19,19,30,Normal evening time
3699,57,1,30-JUN-19,19,30,Normal evening time
3700,57,1,30-JUN-19,14,30,Normal day time
3701,57,1,01-JUL-19,19,30,Normal evening time
3702,57,1,02-JUL-19,19,30,Normal evening time
3703,57,1,02-JUL-19,14,30,Normal day time
3704,57,1,03-JUL-19,19,30,Normal evening time
3705,57,1,03-JUL-19,14,30,Normal day time
3706,57,1,04-JUL-19,18,45,Earlier start evening
3707,57,1,04-JUL-19,14,0,Earlier start day time
3708,58,2,28-JUN-19,19,30,Normal evening time
3709,58,2,29-JUN-19,19,30,Normal evening time
3710,58,2,30-JUN-19,19,30,Normal evening time
3711,58,2,30-JUN-19,14,30,Normal day time
3712,58,2,01-JUL-19,19,30,Normal evening time
3713,58,2,02-JUL-19,19,30,Normal evening time
3714,58,2,02-JUL-19,14,30,Normal day time
3715,58,2,03-JUL-19,19,30,Normal evening time
3716,58,2,03-JUL-19,14,30,Normal day time
3717,58,2,04-JUL-19,18,45,Earlier start evening
3718,58,2,04-JUL-19,14,0,Earlier start day time
3719,59,3,28-JUN-19,19,30,Normal evening time
3720,59,3,29-JUN-19,19,30,Normal evening time
3721,59,3,30-JUN-19,19,30,Normal evening time
3722,59,3,30-JUN-19,14,30,Normal day time
3723,59,3,01-JUL-19,19,30,Normal evening time
3724,59,3,02-JUL-19,19,30,Normal evening time
3725,59,3,02-JUL-19,14,30,Normal day time
3726,59,3,03-JUL-19,19,30,Normal evening time
3727,59,3,03-JUL-19,14,30,Normal day time
3728,59,3,04-JUL-19,18,45,Earlier start evening
3729,59,3,04-JUL-19,14,0,Earlier start day time
3730,60,4,28-JUN-19,19,30,Normal evening time
3731,60,4,29-JUN-19,19,30,Normal evening time
3732,60,4,30-JUN-19,19,30,Normal evening time
3733,60,4,30-JUN-19,14,30,Normal day time
3734,60,4,01-JUL-19,19,30,Normal evening time
3735,60,4,02-JUL-19,19,30,Normal evening time
3736,60,4,02-JUL-19,14,30,Normal day time
3737,60,4,03-JUL-19,19,30,Normal evening time
3738,60,4,03-JUL-19,14,30,Normal day time
3739,60,4,04-JUL-19,18,45,Earlier start evening
3740,60,4,04-JUL-19,14,0,Earlier start day time
3741,61,5,28-JUN-19,19,30,Normal evening time
3742,61,5,29-JUN-19,19,30,Normal evening time
3743,61,5,30-JUN-19,19,30,Normal evening time
3744,61,5,30-JUN-19,14,30,Normal day time
3745,61,5,01-JUL-19,19,30,Normal evening time
3746,61,5,02-JUL-19,19,30,Normal evening time
3747,61,5,02-JUL-19,14,30,Normal day time
3748,61,5,03-JUL-19,19,30,Normal evening time
3749,61,5,03-JUL-19,14,30,Normal day time
3750,61,5,04-JUL-19,18,45,Earlier start evening
3751,61,5,04-JUL-19,14,0,Earlier start day time
3752,62,6,28-JUN-19,19,30,Normal evening time
4203,55,5,16-AUG-19,19,30,Normal evening time
4204,55,5,17-AUG-19,19,30,Normal evening time
4205,55,5,18-AUG-19,19,30,Normal evening time
4206,55,5,18-AUG-19,14,30,Normal day time
4207,55,5,19-AUG-19,19,30,Normal evening time
4208,55,5,20-AUG-19,19,30,Normal evening time
4209,55,5,20-AUG-19,14,30,Normal day time
4210,55,5,21-AUG-19,19,30,Normal evening time
4211,55,5,21-AUG-19,14,30,Normal day time
4212,55,5,22-AUG-19,18,45,Earlier start evening
4213,55,5,22-AUG-19,14,0,Earlier start day time
4214,56,6,16-AUG-19,19,30,Normal evening time
4215,56,6,17-AUG-19,19,30,Normal evening time
4216,56,6,18-AUG-19,19,30,Normal evening time
4217,56,6,18-AUG-19,14,30,Normal day time
4218,56,6,19-AUG-19,19,30,Normal evening time
4219,56,6,20-AUG-19,19,30,Normal evening time
4220,56,6,20-AUG-19,14,30,Normal day time
4221,56,6,21-AUG-19,19,30,Normal evening time
4222,56,6,21-AUG-19,14,30,Normal day time
4223,56,6,22-AUG-19,18,45,Earlier start evening
4224,56,6,22-AUG-19,14,0,Earlier start day time
4225,65,1,23-AUG-19,19,30,Normal evening time
4226,65,1,24-AUG-19,19,30,Normal evening time
4227,65,1,25-AUG-19,19,30,Normal evening time
4228,65,1,25-AUG-19,14,30,Normal day time
4229,65,1,26-AUG-19,19,30,Normal evening time
4230,65,1,27-AUG-19,19,30,Normal evening time
4231,65,1,27-AUG-19,14,30,Normal day time
4232,65,1,28-AUG-19,19,30,Normal evening time
4233,65,1,28-AUG-19,14,30,Normal day time
4234,65,1,29-AUG-19,18,45,Earlier start evening
4235,65,1,29-AUG-19,14,0,Earlier start day time
4236,53,2,23-AUG-19,19,30,Normal evening time
4237,53,2,24-AUG-19,19,30,Normal evening time
4238,53,2,25-AUG-19,19,30,Normal evening time
4239,53,2,25-AUG-19,14,30,Normal day time
4240,53,2,26-AUG-19,19,30,Normal evening time
4241,53,2,27-AUG-19,19,30,Normal evening time
4242,53,2,27-AUG-19,14,30,Normal day time
4243,53,2,28-AUG-19,19,30,Normal evening time
4244,53,2,28-AUG-19,14,30,Normal day time
4245,53,2,29-AUG-19,18,45,Earlier start evening
4246,53,2,29-AUG-19,14,0,Earlier start day time
4247,54,3,23-AUG-19,19,30,Normal evening time
4248,54,3,24-AUG-19,19,30,Normal evening time
4249,54,3,25-AUG-19,19,30,Normal evening time
4250,54,3,25-AUG-19,14,30,Normal day time
4251,54,3,26-AUG-19,19,30,Normal evening time
4252,54,3,27-AUG-19,19,30,Normal evening time
4253,54,3,27-AUG-19,14,30,Normal day time
4254,54,3,28-AUG-19,19,30,Normal evening time
4255,54,3,28-AUG-19,14,30,Normal day time
4256,54,3,29-AUG-19,18,45,Earlier start evening
4257,54,3,29-AUG-19,14,0,Earlier start day time
4258,55,4,23-AUG-19,19,30,Normal evening time
4259,55,4,24-AUG-19,19,30,Normal evening time
4260,55,4,25-AUG-19,19,30,Normal evening time
4261,55,4,25-AUG-19,14,30,Normal day time
4262,55,4,26-AUG-19,19,30,Normal evening time
4263,55,4,27-AUG-19,19,30,Normal evening time
4264,55,4,27-AUG-19,14,30,Normal day time
4265,55,4,28-AUG-19,19,30,Normal evening time
4266,55,4,28-AUG-19,14,30,Normal day time
4267,55,4,29-AUG-19,18,45,Earlier start evening
4268,55,4,29-AUG-19,14,0,Earlier start day time
4269,56,5,23-AUG-19,19,30,Normal evening time
4270,56,5,24-AUG-19,19,30,Normal evening time
4271,56,5,25-AUG-19,19,30,Normal evening time
4272,56,5,25-AUG-19,14,30,Normal day time
4273,56,5,26-AUG-19,19,30,Normal evening time
4274,56,5,27-AUG-19,19,30,Normal evening time
4275,56,5,27-AUG-19,14,30,Normal day time
4276,56,5,28-AUG-19,19,30,Normal evening time
4277,56,5,28-AUG-19,14,30,Normal day time
4278,56,5,29-AUG-19,18,45,Earlier start evening
4279,56,5,29-AUG-19,14,0,Earlier start day time
4280,57,6,23-AUG-19,19,30,Normal evening time
4281,57,6,24-AUG-19,19,30,Normal evening time
4282,57,6,25-AUG-19,19,30,Normal evening time
4283,57,6,25-AUG-19,14,30,Normal day time
4284,57,6,26-AUG-19,19,30,Normal evening time
4285,57,6,27-AUG-19,19,30,Normal evening time
4286,57,6,27-AUG-19,14,30,Normal day time
4287,57,6,28-AUG-19,19,30,Normal evening time
4288,57,6,28-AUG-19,14,30,Normal day time
4289,57,6,29-AUG-19,18,45,Earlier start evening
4290,57,6,29-AUG-19,14,0,Earlier start day time
4291,66,1,30-AUG-19,19,30,Normal evening time
4292,66,1,31-AUG-19,19,30,Normal evening time
4293,66,1,01-SEP-19,19,30,Normal evening time
4294,66,1,01-SEP-19,14,30,Normal day time
4295,66,1,02-SEP-19,19,30,Normal evening time
4296,66,1,03-SEP-19,19,30,Normal evening time
4297,66,1,03-SEP-19,14,30,Normal day time
4298,66,1,04-SEP-19,19,30,Normal evening time
4299,66,1,04-SEP-19,14,30,Normal day time
4300,66,1,05-SEP-19,18,45,Earlier start evening
4301,66,1,05-SEP-19,14,0,Earlier start day time
4302,67,2,30-AUG-19,19,30,Normal evening time
4303,67,2,31-AUG-19,19,30,Normal evening time
4304,67,2,01-SEP-19,19,30,Normal evening time
4305,67,2,01-SEP-19,14,30,Normal day time
4306,67,2,02-SEP-19,19,30,Normal evening time
4307,67,2,03-SEP-19,19,30,Normal evening time
4308,67,2,03-SEP-19,14,30,Normal day time
4309,67,2,04-SEP-19,19,30,Normal evening time
4310,67,2,04-SEP-19,14,30,Normal day time
4311,67,2,05-SEP-19,18,45,Earlier start evening
4312,67,2,05-SEP-19,14,0,Earlier start day time
4313,68,3,30-AUG-19,19,30,Normal evening time
4314,68,3,31-AUG-19,19,30,Normal evening time
4315,68,3,01-SEP-19,19,30,Normal evening time
4316,68,3,01-SEP-19,14,30,Normal day time
4317,68,3,02-SEP-19,19,30,Normal evening time
4318,68,3,03-SEP-19,19,30,Normal evening time
4319,68,3,03-SEP-19,14,30,Normal day time
4320,68,3,04-SEP-19,19,30,Normal evening time
4321,68,3,04-SEP-19,14,30,Normal day time
4322,68,3,05-SEP-19,18,45,Earlier start evening
4323,68,3,05-SEP-19,14,0,Earlier start day time
4324,69,4,30-AUG-19,19,30,Normal evening time
4325,69,4,31-AUG-19,19,30,Normal evening time
4326,69,4,01-SEP-19,19,30,Normal evening time
4327,69,4,01-SEP-19,14,30,Normal day time
4328,69,4,02-SEP-19,19,30,Normal evening time
4329,69,4,03-SEP-19,19,30,Normal evening time
4330,69,4,03-SEP-19,14,30,Normal day time
4331,69,4,04-SEP-19,19,30,Normal evening time
4332,69,4,04-SEP-19,14,30,Normal day time
4333,69,4,05-SEP-19,18,45,Earlier start evening
4334,69,4,05-SEP-19,14,0,Earlier start day time
4335,70,5,30-AUG-19,19,30,Normal evening time
4336,70,5,31-AUG-19,19,30,Normal evening time
4337,70,5,01-SEP-19,19,30,Normal evening time
4338,70,5,01-SEP-19,14,30,Normal day time
4339,70,5,02-SEP-19,19,30,Normal evening time
4340,70,5,03-SEP-19,19,30,Normal evening time
4341,70,5,03-SEP-19,14,30,Normal day time
4342,70,5,04-SEP-19,19,30,Normal evening time
4343,70,5,04-SEP-19,14,30,Normal day time
4344,70,5,05-SEP-19,18,45,Earlier start evening
4345,70,5,05-SEP-19,14,0,Earlier start day time
4346,71,6,30-AUG-19,19,30,Normal evening time
4347,71,6,31-AUG-19,19,30,Normal evening time
4348,71,6,01-SEP-19,19,30,Normal evening time
4349,71,6,01-SEP-19,14,30,Normal day time
4350,71,6,02-SEP-19,19,30,Normal evening time
4351,71,6,03-SEP-19,19,30,Normal evening time
4352,71,6,03-SEP-19,14,30,Normal day time
4353,71,6,04-SEP-19,19,30,Normal evening time
4354,71,6,04-SEP-19,14,30,Normal day time
4355,71,6,05-SEP-19,18,45,Earlier start evening
4356,71,6,05-SEP-19,14,0,Earlier start day time
4357,67,1,06-SEP-19,19,30,Normal evening time
4358,67,1,07-SEP-19,19,30,Normal evening time
4359,67,1,08-SEP-19,19,30,Normal evening time
4360,67,1,08-SEP-19,14,30,Normal day time
4361,67,1,09-SEP-19,19,30,Normal evening time
4362,67,1,10-SEP-19,19,30,Normal evening time
4363,67,1,10-SEP-19,14,30,Normal day time
4364,67,1,11-SEP-19,19,30,Normal evening time
4365,67,1,11-SEP-19,14,30,Normal day time
4366,67,1,12-SEP-19,18,45,Earlier start evening
4367,67,1,12-SEP-19,14,0,Earlier start day time
4368,68,2,06-SEP-19,19,30,Normal evening time
4369,68,2,07-SEP-19,19,30,Normal evening time
4370,68,2,08-SEP-19,19,30,Normal evening time
4371,68,2,08-SEP-19,14,30,Normal day time
4372,68,2,09-SEP-19,19,30,Normal evening time
4373,68,2,10-SEP-19,19,30,Normal evening time
4374,68,2,10-SEP-19,14,30,Normal day time
4375,68,2,11-SEP-19,19,30,Normal evening time
4376,68,2,11-SEP-19,14,30,Normal day time
4377,68,2,12-SEP-19,18,45,Earlier start evening
4378,68,2,12-SEP-19,14,0,Earlier start day time
4379,69,3,06-SEP-19,19,30,Normal evening time
4380,69,3,07-SEP-19,19,30,Normal evening time
4381,69,3,08-SEP-19,19,30,Normal evening time
4382,69,3,08-SEP-19,14,30,Normal day time
4383,69,3,09-SEP-19,19,30,Normal evening time
4384,69,3,10-SEP-19,19,30,Normal evening time
4385,69,3,10-SEP-19,14,30,Normal day time
4386,69,3,11-SEP-19,19,30,Normal evening time
4387,69,3,11-SEP-19,14,30,Normal day time
4388,69,3,12-SEP-19,18,45,Earlier start evening
4389,69,3,12-SEP-19,14,0,Earlier start day time
4390,70,4,06-SEP-19,19,30,Normal evening time
4391,70,4,07-SEP-19,19,30,Normal evening time
4392,70,4,08-SEP-19,19,30,Normal evening time
4393,70,4,08-SEP-19,14,30,Normal day time
4394,70,4,09-SEP-19,19,30,Normal evening time
4395,70,4,10-SEP-19,19,30,Normal evening time
4396,70,4,10-SEP-19,14,30,Normal day time
4397,70,4,11-SEP-19,19,30,Normal evening time
4398,70,4,11-SEP-19,14,30,Normal day time
4399,70,4,12-SEP-19,18,45,Earlier start evening
4400,70,4,12-SEP-19,14,0,Earlier start day time
4401,71,5,06-SEP-19,19,30,Normal evening time
4402,71,5,07-SEP-19,19,30,Normal evening time
4403,71,5,08-SEP-19,19,30,Normal evening time
4404,71,5,08-SEP-19,14,30,Normal day time
4405,71,5,09-SEP-19,19,30,Normal evening time
4406,71,5,10-SEP-19,19,30,Normal evening time
4407,71,5,10-SEP-19,14,30,Normal day time
4408,71,5,11-SEP-19,19,30,Normal evening time
4409,71,5,11-SEP-19,14,30,Normal day time
4410,71,5,12-SEP-19,18,45,Earlier start evening
4411,71,5,12-SEP-19,14,0,Earlier start day time
4412,72,6,06-SEP-19,19,30,Normal evening time
4413,72,6,07-SEP-19,19,30,Normal evening time
4414,72,6,08-SEP-19,19,30,Normal evening time
4415,72,6,08-SEP-19,14,30,Normal day time
4416,72,6,09-SEP-19,19,30,Normal evening time
4417,72,6,10-SEP-19,19,30,Normal evening time
4418,72,6,10-SEP-19,14,30,Normal day time
4419,72,6,11-SEP-19,19,30,Normal evening time
4420,72,6,11-SEP-19,14,30,Normal day time
4421,72,6,12-SEP-19,18,45,Earlier start evening
4422,72,6,12-SEP-19,14,0,Earlier start day time
4423,68,1,13-SEP-19,19,30,Normal evening time
4424,68,1,14-SEP-19,19,30,Normal evening time
4425,68,1,15-SEP-19,19,30,Normal evening time
4426,68,1,15-SEP-19,14,30,Normal day time
4427,68,1,16-SEP-19,19,30,Normal evening time
4428,68,1,17-SEP-19,19,30,Normal evening time
4429,68,1,17-SEP-19,14,30,Normal day time
4430,68,1,18-SEP-19,19,30,Normal evening time
4431,68,1,18-SEP-19,14,30,Normal day time
4432,68,1,19-SEP-19,18,45,Earlier start evening
4433,68,1,19-SEP-19,14,0,Earlier start day time
4434,69,2,13-SEP-19,19,30,Normal evening time
4435,69,2,14-SEP-19,19,30,Normal evening time
4436,69,2,15-SEP-19,19,30,Normal evening time
4437,69,2,15-SEP-19,14,30,Normal day time
4438,69,2,16-SEP-19,19,30,Normal evening time
4439,69,2,17-SEP-19,19,30,Normal evening time
4440,69,2,17-SEP-19,14,30,Normal day time
4441,69,2,18-SEP-19,19,30,Normal evening time
4442,69,2,18-SEP-19,14,30,Normal day time
4443,69,2,19-SEP-19,18,45,Earlier start evening
4444,69,2,19-SEP-19,14,0,Earlier start day time
4445,70,3,13-SEP-19,19,30,Normal evening time
4446,70,3,14-SEP-19,19,30,Normal evening time
4447,70,3,15-SEP-19,19,30,Normal evening time
4448,70,3,15-SEP-19,14,30,Normal day time
4449,70,3,16-SEP-19,19,30,Normal evening time
4450,70,3,17-SEP-19,19,30,Normal evening time
4451,70,3,17-SEP-19,14,30,Normal day time
4452,70,3,18-SEP-19,19,30,Normal evening time
4453,70,3,18-SEP-19,14,30,Normal day time
4454,70,3,19-SEP-19,18,45,Earlier start evening
4455,70,3,19-SEP-19,14,0,Earlier start day time
4456,71,4,13-SEP-19,19,30,Normal evening time
4457,71,4,14-SEP-19,19,30,Normal evening time
4458,71,4,15-SEP-19,19,30,Normal evening time
4459,71,4,15-SEP-19,14,30,Normal day time
4460,71,4,16-SEP-19,19,30,Normal evening time
4461,71,4,17-SEP-19,19,30,Normal evening time
4462,71,4,17-SEP-19,14,30,Normal day time
4463,71,4,18-SEP-19,19,30,Normal evening time
4464,71,4,18-SEP-19,14,30,Normal day time
4465,71,4,19-SEP-19,18,45,Earlier start evening
4466,71,4,19-SEP-19,14,0,Earlier start day time
4467,72,5,13-SEP-19,19,30,Normal evening time
4468,72,5,14-SEP-19,19,30,Normal evening time
4469,72,5,15-SEP-19,19,30,Normal evening time
4470,72,5,15-SEP-19,14,30,Normal day time
4471,72,5,16-SEP-19,19,30,Normal evening time
4472,72,5,17-SEP-19,19,30,Normal evening time
4473,72,5,17-SEP-19,14,30,Normal day time
4474,72,5,18-SEP-19,19,30,Normal evening time
4475,72,5,18-SEP-19,14,30,Normal day time
4476,72,5,19-SEP-19,18,45,Earlier start evening
4477,72,5,19-SEP-19,14,0,Earlier start day time
4478,73,6,13-SEP-19,19,30,Normal evening time
4479,73,6,14-SEP-19,19,30,Normal evening time
4480,73,6,15-SEP-19,19,30,Normal evening time
4481,73,6,15-SEP-19,14,30,Normal day time
4482,73,6,16-SEP-19,19,30,Normal evening time
4483,73,6,17-SEP-19,19,30,Normal evening time
4484,73,6,17-SEP-19,14,30,Normal day time
4485,73,6,18-SEP-19,19,30,Normal evening time
4486,73,6,18-SEP-19,14,30,Normal day time
4487,73,6,19-SEP-19,18,45,Earlier start evening
4488,73,6,19-SEP-19,14,0,Earlier start day time
4489,69,1,20-SEP-19,19,30,Normal evening time
4490,69,1,21-SEP-19,19,30,Normal evening time
4491,69,1,22-SEP-19,19,30,Normal evening time
4492,69,1,22-SEP-19,14,30,Normal day time
4493,69,1,23-SEP-19,19,30,Normal evening time
4494,69,1,24-SEP-19,19,30,Normal evening time
4495,69,1,24-SEP-19,14,30,Normal day time
4496,69,1,25-SEP-19,19,30,Normal evening time
4497,69,1,25-SEP-19,14,30,Normal day time
4498,69,1,26-SEP-19,18,45,Earlier start evening
4499,69,1,26-SEP-19,14,0,Earlier start day time
4500,70,2,20-SEP-19,19,30,Normal evening time
4501,70,2,21-SEP-19,19,30,Normal evening time
4502,70,2,22-SEP-19,19,30,Normal evening time
4503,70,2,22-SEP-19,14,30,Normal day time
4504,70,2,23-SEP-19,19,30,Normal evening time
4505,70,2,24-SEP-19,19,30,Normal evening time
4506,70,2,24-SEP-19,14,30,Normal day time
4507,70,2,25-SEP-19,19,30,Normal evening time
4508,70,2,25-SEP-19,14,30,Normal day time
4509,70,2,26-SEP-19,18,45,Earlier start evening
4510,70,2,26-SEP-19,14,0,Earlier start day time
4511,71,3,20-SEP-19,19,30,Normal evening time
4512,71,3,21-SEP-19,19,30,Normal evening time
4513,71,3,22-SEP-19,19,30,Normal evening time
4514,71,3,22-SEP-19,14,30,Normal day time
4515,71,3,23-SEP-19,19,30,Normal evening time
4516,71,3,24-SEP-19,19,30,Normal evening time
4517,71,3,24-SEP-19,14,30,Normal day time
4518,71,3,25-SEP-19,19,30,Normal evening time
4519,71,3,25-SEP-19,14,30,Normal day time
4520,71,3,26-SEP-19,18,45,Earlier start evening
4521,71,3,26-SEP-19,14,0,Earlier start day time
4522,72,4,20-SEP-19,19,30,Normal evening time
4523,72,4,21-SEP-19,19,30,Normal evening time
4524,72,4,22-SEP-19,19,30,Normal evening time
4525,72,4,22-SEP-19,14,30,Normal day time
4526,72,4,23-SEP-19,19,30,Normal evening time
4527,72,4,24-SEP-19,19,30,Normal evening time
4528,72,4,24-SEP-19,14,30,Normal day time
4529,72,4,25-SEP-19,19,30,Normal evening time
4530,72,4,25-SEP-19,14,30,Normal day time
4531,72,4,26-SEP-19,18,45,Earlier start evening
4532,72,4,26-SEP-19,14,0,Earlier start day time
4533,73,5,20-SEP-19,19,30,Normal evening time
4534,73,5,21-SEP-19,19,30,Normal evening time
4535,73,5,22-SEP-19,19,30,Normal evening time
4536,73,5,22-SEP-19,14,30,Normal day time
4537,73,5,23-SEP-19,19,30,Normal evening time
4538,73,5,24-SEP-19,19,30,Normal evening time
4539,73,5,24-SEP-19,14,30,Normal day time
4540,73,5,25-SEP-19,19,30,Normal evening time
4541,73,5,25-SEP-19,14,30,Normal day time
4542,73,5,26-SEP-19,18,45,Earlier start evening
4543,73,5,26-SEP-19,14,0,Earlier start day time
4544,74,6,20-SEP-19,19,30,Normal evening time
4545,74,6,21-SEP-19,19,30,Normal evening time
4546,74,6,22-SEP-19,19,30,Normal evening time
4547,74,6,22-SEP-19,14,30,Normal day time
4548,74,6,23-SEP-19,19,30,Normal evening time
4549,74,6,24-SEP-19,19,30,Normal evening time
4550,74,6,24-SEP-19,14,30,Normal day time
4551,74,6,25-SEP-19,19,30,Normal evening time
4552,74,6,25-SEP-19,14,30,Normal day time
4553,74,6,26-SEP-19,18,45,Earlier start evening
4554,74,6,26-SEP-19,14,0,Earlier start day time
4555,70,1,27-SEP-19,19,30,Normal evening time
4556,70,1,28-SEP-19,19,30,Normal evening time
4557,70,1,29-SEP-19,19,30,Normal evening time
4558,70,1,29-SEP-19,14,30,Normal day time
4559,70,1,30-SEP-19,19,30,Normal evening time
4560,70,1,01-OCT-19,19,30,Normal evening time
4561,70,1,01-OCT-19,14,30,Normal day time
4562,70,1,02-OCT-19,19,30,Normal evening time
4563,70,1,02-OCT-19,14,30,Normal day time
4564,70,1,03-OCT-19,18,45,Earlier start evening
4565,70,1,03-OCT-19,14,0,Earlier start day time
4566,71,2,27-SEP-19,19,30,Normal evening time
4567,71,2,28-SEP-19,19,30,Normal evening time
4568,71,2,29-SEP-19,19,30,Normal evening time
4569,71,2,29-SEP-19,14,30,Normal day time
4570,71,2,30-SEP-19,19,30,Normal evening time
4571,71,2,01-OCT-19,19,30,Normal evening time
4572,71,2,01-OCT-19,14,30,Normal day time
4573,71,2,02-OCT-19,19,30,Normal evening time
4574,71,2,02-OCT-19,14,30,Normal day time
4575,71,2,03-OCT-19,18,45,Earlier start evening
4576,71,2,03-OCT-19,14,0,Earlier start day time
4577,72,3,27-SEP-19,19,30,Normal evening time
4578,72,3,28-SEP-19,19,30,Normal evening time
4579,72,3,29-SEP-19,19,30,Normal evening time
4580,72,3,29-SEP-19,14,30,Normal day time
4581,72,3,30-SEP-19,19,30,Normal evening time
4582,72,3,01-OCT-19,19,30,Normal evening time
4583,72,3,01-OCT-19,14,30,Normal day time
4584,72,3,02-OCT-19,19,30,Normal evening time
4585,72,3,02-OCT-19,14,30,Normal day time
4586,72,3,03-OCT-19,18,45,Earlier start evening
4587,72,3,03-OCT-19,14,0,Earlier start day time
4588,73,4,27-SEP-19,19,30,Normal evening time
4589,73,4,28-SEP-19,19,30,Normal evening time
4590,73,4,29-SEP-19,19,30,Normal evening time
4591,73,4,29-SEP-19,14,30,Normal day time
4592,73,4,30-SEP-19,19,30,Normal evening time
4593,73,4,01-OCT-19,19,30,Normal evening time
4594,73,4,01-OCT-19,14,30,Normal day time
4595,73,4,02-OCT-19,19,30,Normal evening time
4596,73,4,02-OCT-19,14,30,Normal day time
4597,73,4,03-OCT-19,18,45,Earlier start evening
4598,73,4,03-OCT-19,14,0,Earlier start day time
4599,74,5,27-SEP-19,19,30,Normal evening time
4600,74,5,28-SEP-19,19,30,Normal evening time
4601,74,5,29-SEP-19,19,30,Normal evening time
4602,74,5,29-SEP-19,14,30,Normal day time
4603,74,5,30-SEP-19,19,30,Normal evening time
4604,74,5,01-OCT-19,19,30,Normal evening time
4605,74,5,01-OCT-19,14,30,Normal day time
4606,74,5,02-OCT-19,19,30,Normal evening time
4607,74,5,02-OCT-19,14,30,Normal day time
4608,74,5,03-OCT-19,18,45,Earlier start evening
4609,74,5,03-OCT-19,14,0,Earlier start day time
4610,75,6,27-SEP-19,19,30,Normal evening time
4611,75,6,28-SEP-19,19,30,Normal evening time
4612,75,6,29-SEP-19,19,30,Normal evening time
4613,75,6,29-SEP-19,14,30,Normal day time
4614,75,6,30-SEP-19,19,30,Normal evening time
4615,75,6,01-OCT-19,19,30,Normal evening time
4616,75,6,01-OCT-19,14,30,Normal day time
4617,75,6,02-OCT-19,19,30,Normal evening time
4618,75,6,02-OCT-19,14,30,Normal day time
4619,75,6,03-OCT-19,18,45,Earlier start evening
4620,75,6,03-OCT-19,14,0,Earlier start day time
4621,71,1,04-OCT-19,19,30,Normal evening time
4622,71,1,05-OCT-19,19,30,Normal evening time
4623,71,1,06-OCT-19,19,30,Normal evening time
4624,71,1,06-OCT-19,14,30,Normal day time
4625,71,1,07-OCT-19,19,30,Normal evening time
4626,71,1,08-OCT-19,19,30,Normal evening time
4627,71,1,08-OCT-19,14,30,Normal day time
4628,71,1,09-OCT-19,19,30,Normal evening time
4629,71,1,09-OCT-19,14,30,Normal day time
4630,71,1,10-OCT-19,18,45,Earlier start evening
4631,71,1,10-OCT-19,14,0,Earlier start day time
4632,72,2,04-OCT-19,19,30,Normal evening time
4633,72,2,05-OCT-19,19,30,Normal evening time
4634,72,2,06-OCT-19,19,30,Normal evening time
4635,72,2,06-OCT-19,14,30,Normal day time
4636,72,2,07-OCT-19,19,30,Normal evening time
4637,72,2,08-OCT-19,19,30,Normal evening time
4638,72,2,08-OCT-19,14,30,Normal day time
4639,72,2,09-OCT-19,19,30,Normal evening time
4640,72,2,09-OCT-19,14,30,Normal day time
4641,72,2,10-OCT-19,18,45,Earlier start evening
4642,72,2,10-OCT-19,14,0,Earlier start day time
4643,73,3,04-OCT-19,19,30,Normal evening time
4644,73,3,05-OCT-19,19,30,Normal evening time
4645,73,3,06-OCT-19,19,30,Normal evening time
4646,73,3,06-OCT-19,14,30,Normal day time
4647,73,3,07-OCT-19,19,30,Normal evening time
4648,73,3,08-OCT-19,19,30,Normal evening time
4649,73,3,08-OCT-19,14,30,Normal day time
4650,73,3,09-OCT-19,19,30,Normal evening time
4651,73,3,09-OCT-19,14,30,Normal day time
4652,73,3,10-OCT-19,18,45,Earlier start evening
4653,73,3,10-OCT-19,14,0,Earlier start day time
4654,74,4,04-OCT-19,19,30,Normal evening time
4655,74,4,05-OCT-19,19,30,Normal evening time
4656,74,4,06-OCT-19,19,30,Normal evening time
4657,74,4,06-OCT-19,14,30,Normal day time
4658,74,4,07-OCT-19,19,30,Normal evening time
4659,74,4,08-OCT-19,19,30,Normal evening time
4660,74,4,08-OCT-19,14,30,Normal day time
4661,74,4,09-OCT-19,19,30,Normal evening time
4662,74,4,09-OCT-19,14,30,Normal day time
4663,74,4,10-OCT-19,18,45,Earlier start evening
4664,74,4,10-OCT-19,14,0,Earlier start day time
4665,75,5,04-OCT-19,19,30,Normal evening time
4666,75,5,05-OCT-19,19,30,Normal evening time
4667,75,5,06-OCT-19,19,30,Normal evening time
4668,75,5,06-OCT-19,14,30,Normal day time
4669,75,5,07-OCT-19,19,30,Normal evening time
4670,75,5,08-OCT-19,19,30,Normal evening time
4671,75,5,08-OCT-19,14,30,Normal day time
4672,75,5,09-OCT-19,19,30,Normal evening time
4673,75,5,09-OCT-19,14,30,Normal day time
4674,75,5,10-OCT-19,18,45,Earlier start evening
4675,75,5,10-OCT-19,14,0,Earlier start day time
4676,76,6,04-OCT-19,19,30,Normal evening time
4677,76,6,05-OCT-19,19,30,Normal evening time
4678,76,6,06-OCT-19,19,30,Normal evening time
4679,76,6,06-OCT-19,14,30,Normal day time
4680,76,6,07-OCT-19,19,30,Normal evening time
4681,76,6,08-OCT-19,19,30,Normal evening time
4682,76,6,08-OCT-19,14,30,Normal day time
4683,76,6,09-OCT-19,19,30,Normal evening time
4684,76,6,09-OCT-19,14,30,Normal day time
4685,76,6,10-OCT-19,18,45,Earlier start evening
4686,76,6,10-OCT-19,14,0,Earlier start day time
4687,72,1,11-OCT-19,19,30,Normal evening time
4688,72,1,12-OCT-19,19,30,Normal evening time
4689,72,1,13-OCT-19,19,30,Normal evening time
4690,72,1,13-OCT-19,14,30,Normal day time
4691,72,1,14-OCT-19,19,30,Normal evening time
4692,72,1,15-OCT-19,19,30,Normal evening time
4693,72,1,15-OCT-19,14,30,Normal day time
4694,72,1,16-OCT-19,19,30,Normal evening time
4695,72,1,16-OCT-19,14,30,Normal day time
4696,72,1,17-OCT-19,18,45,Earlier start evening
4697,72,1,17-OCT-19,14,0,Earlier start day time
4698,73,2,11-OCT-19,19,30,Normal evening time
4699,73,2,12-OCT-19,19,30,Normal evening time
4700,73,2,13-OCT-19,19,30,Normal evening time
4701,73,2,13-OCT-19,14,30,Normal day time
4702,73,2,14-OCT-19,19,30,Normal evening time
4703,73,2,15-OCT-19,19,30,Normal evening time
4704,73,2,15-OCT-19,14,30,Normal day time
4705,73,2,16-OCT-19,19,30,Normal evening time
4706,73,2,16-OCT-19,14,30,Normal day time
4707,73,2,17-OCT-19,18,45,Earlier start evening
4708,73,2,17-OCT-19,14,0,Earlier start day time
4709,74,3,11-OCT-19,19,30,Normal evening time
4710,74,3,12-OCT-19,19,30,Normal evening time
4711,74,3,13-OCT-19,19,30,Normal evening time
4712,74,3,13-OCT-19,14,30,Normal day time
4713,74,3,14-OCT-19,19,30,Normal evening time
4714,74,3,15-OCT-19,19,30,Normal evening time
4715,74,3,15-OCT-19,14,30,Normal day time
4716,74,3,16-OCT-19,19,30,Normal evening time
4717,74,3,16-OCT-19,14,30,Normal day time
4718,74,3,17-OCT-19,18,45,Earlier start evening
4719,74,3,17-OCT-19,14,0,Earlier start day time
4720,75,4,11-OCT-19,19,30,Normal evening time
4721,75,4,12-OCT-19,19,30,Normal evening time
4722,75,4,13-OCT-19,19,30,Normal evening time
4723,75,4,13-OCT-19,14,30,Normal day time
4724,75,4,14-OCT-19,19,30,Normal evening time
4725,75,4,15-OCT-19,19,30,Normal evening time
4726,75,4,15-OCT-19,14,30,Normal day time
4727,75,4,16-OCT-19,19,30,Normal evening time
4728,75,4,16-OCT-19,14,30,Normal day time
4729,75,4,17-OCT-19,18,45,Earlier start evening
4730,75,4,17-OCT-19,14,0,Earlier start day time
4731,76,5,11-OCT-19,19,30,Normal evening time
4732,76,5,12-OCT-19,19,30,Normal evening time
4733,76,5,13-OCT-19,19,30,Normal evening time
4734,76,5,13-OCT-19,14,30,Normal day time
4735,76,5,14-OCT-19,19,30,Normal evening time
4736,76,5,15-OCT-19,19,30,Normal evening time
4737,76,5,15-OCT-19,14,30,Normal day time
4738,76,5,16-OCT-19,19,30,Normal evening time
4739,76,5,16-OCT-19,14,30,Normal day time
4740,76,5,17-OCT-19,18,45,Earlier start evening
4741,76,5,17-OCT-19,14,0,Earlier start day time
4742,77,6,11-OCT-19,19,30,Normal evening time
4743,77,6,12-OCT-19,19,30,Normal evening time
4744,77,6,13-OCT-19,19,30,Normal evening time
4745,77,6,13-OCT-19,14,30,Normal day time
4746,77,6,14-OCT-19,19,30,Normal evening time
4747,77,6,15-OCT-19,19,30,Normal evening time
4748,77,6,15-OCT-19,14,30,Normal day time
4749,77,6,16-OCT-19,19,30,Normal evening time
4750,77,6,16-OCT-19,14,30,Normal day time
4751,77,6,17-OCT-19,18,45,Earlier start evening
4752,77,6,17-OCT-19,14,0,Earlier start day time
4753,73,1,18-OCT-19,19,30,Normal evening time
4754,73,1,19-OCT-19,19,30,Normal evening time
4755,73,1,20-OCT-19,19,30,Normal evening time
4756,73,1,20-OCT-19,14,30,Normal day time
4757,73,1,21-OCT-19,19,30,Normal evening time
4758,73,1,22-OCT-19,19,30,Normal evening time
4759,73,1,22-OCT-19,14,30,Normal day time
4760,73,1,23-OCT-19,19,30,Normal evening time
4761,73,1,23-OCT-19,14,30,Normal day time
4762,73,1,24-OCT-19,18,45,Earlier start evening
4763,73,1,24-OCT-19,14,0,Earlier start day time
4764,74,2,18-OCT-19,19,30,Normal evening time
4765,74,2,19-OCT-19,19,30,Normal evening time
4766,74,2,20-OCT-19,19,30,Normal evening time
4767,74,2,20-OCT-19,14,30,Normal day time
4768,74,2,21-OCT-19,19,30,Normal evening time
4769,74,2,22-OCT-19,19,30,Normal evening time
4770,74,2,22-OCT-19,14,30,Normal day time
4771,74,2,23-OCT-19,19,30,Normal evening time
4772,74,2,23-OCT-19,14,30,Normal day time
4773,74,2,24-OCT-19,18,45,Earlier start evening
4774,74,2,24-OCT-19,14,0,Earlier start day time
4775,75,3,18-OCT-19,19,30,Normal evening time
4776,75,3,19-OCT-19,19,30,Normal evening time
4777,75,3,20-OCT-19,19,30,Normal evening time
4778,75,3,20-OCT-19,14,30,Normal day time
4779,75,3,21-OCT-19,19,30,Normal evening time
4780,75,3,22-OCT-19,19,30,Normal evening time
4781,75,3,22-OCT-19,14,30,Normal day time
4782,75,3,23-OCT-19,19,30,Normal evening time
4783,75,3,23-OCT-19,14,30,Normal day time
4784,75,3,24-OCT-19,18,45,Earlier start evening
4785,75,3,24-OCT-19,14,0,Earlier start day time
4786,76,4,18-OCT-19,19,30,Normal evening time
4787,76,4,19-OCT-19,19,30,Normal evening time
4788,76,4,20-OCT-19,19,30,Normal evening time
4789,76,4,20-OCT-19,14,30,Normal day time
4790,76,4,21-OCT-19,19,30,Normal evening time
4791,76,4,22-OCT-19,19,30,Normal evening time
4792,76,4,22-OCT-19,14,30,Normal day time
4793,76,4,23-OCT-19,19,30,Normal evening time
4794,76,4,23-OCT-19,14,30,Normal day time
4795,76,4,24-OCT-19,18,45,Earlier start evening
4796,76,4,24-OCT-19,14,0,Earlier start day time
4797,77,5,18-OCT-19,19,30,Normal evening time
4798,77,5,19-OCT-19,19,30,Normal evening time
4799,77,5,20-OCT-19,19,30,Normal evening time
4800,77,5,20-OCT-19,14,30,Normal day time
4801,77,5,21-OCT-19,19,30,Normal evening time
4802,77,5,22-OCT-19,19,30,Normal evening time
4803,77,5,22-OCT-19,14,30,Normal day time
4804,77,5,23-OCT-19,19,30,Normal evening time
4805,77,5,23-OCT-19,14,30,Normal day time
4806,77,5,24-OCT-19,18,45,Earlier start evening
4807,77,5,24-OCT-19,14,0,Earlier start day time
4808,78,6,18-OCT-19,19,30,Normal evening time
4809,78,6,19-OCT-19,19,30,Normal evening time
4810,78,6,20-OCT-19,19,30,Normal evening time
4811,78,6,20-OCT-19,14,30,Normal day time
4812,78,6,21-OCT-19,19,30,Normal evening time
4813,78,6,22-OCT-19,19,30,Normal evening time
4814,78,6,22-OCT-19,14,30,Normal day time
4815,78,6,23-OCT-19,19,30,Normal evening time
4816,78,6,23-OCT-19,14,30,Normal day time
4817,78,6,24-OCT-19,18,45,Earlier start evening
4818,78,6,24-OCT-19,14,0,Earlier start day time
