PURCHASE#,CLIENT#,PER#,PAYMENTMETHOD,DELIVERYMETHOD,TOTALAMOUNT
803,2606,630,Cash,Pick Up,6
804,2919,631,Credit Card,Mail,6.5
805,1075,632,Credit Card,Pick Up,6
806,1075,632,Credit Card,Pick Up,6
807,2920,633,Cash,Mail,6.5
808,2249,634,Debit Card,Mail,6.5
809,4112,635,Debit Card,Mail,6.5
810,4299,636,Cash,Mail,6.5
811,4292,637,Debit Card,Pick Up,6
812,3862,638,Debit Card,Pick Up,6
813,1520,639,Debit Card,Mail,6.5
814,1520,639,Credit Card,Pick Up,6
815,3753,640,Cash,Pick Up,6
816,3753,640,Credit Card,Pick Up,6
817,4140,641,Credit Card,Mail,6.5
818,4512,642,Cash,Pick Up,6
819,3538,643,Cash,Mail,6.5
820,3538,643,Credit Card,Pick Up,6
821,3293,644,Cash,Mail,6.5
822,2266,645,Debit Card,Pick Up,6
823,4586,646,Cash,Pick Up,6
824,4969,647,Credit Card,Mail,6.5
825,3770,648,Credit Card,Pick Up,6
826,3174,649,Debit Card,Mail,6.5
827,3916,650,Cash,Pick Up,6
828,3916,650,Debit Card,Pick Up,6
829,4197,651,Debit Card,Pick Up,6
830,4197,651,Credit Card,Pick Up,6
831,2888,652,Cash,Pick Up,6
832,3655,653,Cash,Pick Up,6
833,2883,654,Debit Card,Mail,6.5
834,2883,654,Debit Card,Pick Up,6
835,3493,655,Debit Card,Pick Up,6
836,3074,656,Debit Card,Pick Up,6
837,1670,657,Cash,Mail,6.5
838,4920,658,Debit Card,Pick Up,6
839,2769,659,Cash,Pick Up,6
840,2674,660,Cash,Pick Up,6
841,2087,661,Credit Card,Pick Up,6
842,2087,661,Credit Card,Pick Up,6
843,1954,662,Cash,Pick Up,6
844,1954,662,Debit Card,Pick Up,6
845,1749,663,Debit Card,Mail,6.5
846,1463,664,Credit Card,Pick Up,6
847,789,665,Cash,Mail,6.5
848,789,665,Cash,Pick Up,6
849,1640,666,Credit Card,Pick Up,6
850,249,667,Credit Card,Mail,6.5
851,970,668,Credit Card,Pick Up,6
852,990,669,Credit Card,Pick Up,6
853,2535,670,Debit Card,Pick Up,6
854,3109,671,Debit Card,Pick Up,6
855,396,672,Credit Card,Mail,6.5
856,396,672,Cash,Mail,6.5
857,540,673,Cash,Mail,6.5
858,540,673,Debit Card,Mail,6.5
859,1453,674,Debit Card,Pick Up,6
860,1980,675,Credit Card,Pick Up,6
861,2548,676,Debit Card,Pick Up,6
862,2548,676,Credit Card,Mail,6.5
863,766,677,Debit Card,Mail,6.5
864,1103,678,Credit Card,Pick Up,6
865,366,679,Cash,Pick Up,6
866,864,680,Cash,Mail,6.5
867,31,681,Debit Card,Pick Up,6
868,696,682,Debit Card,Pick Up,6
869,1055,683,Cash,Pick Up,6
870,1055,683,Debit Card,Pick Up,6
871,1516,684,Credit Card,Mail,6.5
872,1516,684,Cash,Pick Up,6
873,1994,685,Debit Card,Mail,6.5
874,1189,686,Credit Card,Mail,6.5
875,1872,687,Credit Card,Mail,6.5
876,1872,687,Credit Card,Pick Up,6
877,56,688,Debit Card,Mail,6.5
878,3840,689,Debit Card,Pick Up,6
879,1712,690,Debit Card,Mail,6.5
880,1265,691,Credit Card,Mail,6.5
881,122,692,Cash,Mail,6.5
882,2302,693,Cash,Pick Up,6
883,3378,694,Debit Card,Pick Up,6
884,3378,694,Cash,Pick Up,6
885,3146,695,Credit Card,Pick Up,6
886,3146,695,Credit Card,Mail,6.5
887,2753,696,Cash,Pick Up,6
888,4031,697,Debit Card,Mail,6.5
889,3565,698,Credit Card,Pick Up,6
890,3565,698,Cash,Pick Up,6
891,903,699,Cash,Pick Up,6
892,3188,700,Credit Card,Mail,6.5
893,4570,701,Cash,Mail,6.5
894,3103,702,Cash,Mail,6.5
895,4711,703,Credit Card,Pick Up,6
896,2843,704,Debit Card,Mail,6.5
897,4410,705,Credit Card,Pick Up,6
898,4410,705,Cash,Mail,6.5
899,4732,706,Cash,Pick Up,6
900,4732,706,Debit Card,Pick Up,6
901,4433,707,Credit Card,Pick Up,6
902,4482,708,Credit Card,Mail,6.5
903,4101,709,Credit Card,Pick Up,6
904,4101,709,Debit Card,Mail,6.5
905,4563,710,Credit Card,Pick Up,6
906,4594,711,Credit Card,Pick Up,6
907,4299,712,Debit Card,Mail,6.5
908,4418,713,Credit Card,Mail,6.5
909,4121,714,Debit Card,Mail,6.5
910,412,715,Credit Card,Pick Up,6
911,3432,716,Cash,Pick Up,6
912,3432,716,Credit Card,Mail,6.5
913,2784,717,Cash,Pick Up,6
914,2784,717,Cash,Pick Up,6
915,2615,718,Cash,Pick Up,6
916,600,719,Cash,Pick Up,6
917,4952,720,Cash,Pick Up,6
918,4952,720,Credit Card,Mail,6.5
919,3742,721,Cash,Pick Up,6
920,2796,722,Cash,Mail,6.5
921,4106,723,Cash,Pick Up,6
922,3288,724,Debit Card,Pick Up,6
923,3084,725,Debit Card,Pick Up,6
924,2489,726,Cash,Pick Up,6
925,21,727,Cash,Pick Up,6
926,21,727,Credit Card,Pick Up,6
927,2277,728,Credit Card,Mail,6.5
928,2277,728,Credit Card,Pick Up,6
929,2298,729,Cash,Pick Up,6
930,511,730,Cash,Mail,6.5
931,941,731,Debit Card,Pick Up,6
932,941,731,Debit Card,Mail,6.5
933,463,732,Credit Card,Mail,6.5
934,2234,733,Cash,Pick Up,6
935,1962,734,Debit Card,Pick Up,6
936,50,735,Cash,Mail,6.5
937,2147,736,Credit Card,Pick Up,6
938,433,737,Credit Card,Pick Up,6
939,1855,738,Debit Card,Pick Up,6
940,1855,738,Credit Card,Pick Up,6
941,3969,739,Credit Card,Pick Up,6
942,3969,739,Debit Card,Mail,6.5
943,752,740,Credit Card,Pick Up,6
944,849,741,Credit Card,Pick Up,6
945,709,742,Cash,Mail,6.5
946,709,742,Credit Card,Pick Up,6
947,2158,743,Cash,Mail,6.5
948,227,744,Cash,Pick Up,6
949,2425,745,Credit Card,Pick Up,6
950,621,746,Debit Card,Pick Up,6
951,2234,747,Cash,Mail,6.5
952,1341,748,Cash,Mail,6.5
953,4473,749,Debit Card,Pick Up,6
954,4473,749,Debit Card,Mail,6.5
955,4477,750,Cash,Mail,6.5
956,4477,750,Credit Card,Mail,6.5
957,1116,751,Credit Card,Pick Up,6
958,1103,752,Cash,Mail,6.5
959,1566,753,Debit Card,Pick Up,6
960,1566,753,Credit Card,Pick Up,6
961,382,754,Cash,Mail,6.5
962,887,755,Cash,Pick Up,6
963,1595,756,Debit Card,Pick Up,6
964,931,757,Credit Card,Mail,6.5
965,929,758,Credit Card,Pick Up,6
966,536,759,Cash,Mail,6.5
967,2615,760,Credit Card,Mail,6.5
968,2615,760,Credit Card,Pick Up,6
969,3327,761,Credit Card,Mail,6.5
970,3327,761,Debit Card,Pick Up,6
971,4621,762,Debit Card,Mail,6.5
972,2644,763,Cash,Mail,6.5
973,3419,764,Cash,Mail,6.5
974,3419,764,Credit Card,Pick Up,6
975,2887,765,Credit Card,Mail,6.5
976,4788,766,Credit Card,Mail,6.5
977,4057,767,Cash,Mail,6.5
978,4164,768,Credit Card,Pick Up,6
979,3542,769,Cash,Pick Up,6
980,4543,770,Cash,Pick Up,6
981,3142,771,Credit Card,Mail,6.5
982,3142,771,Cash,Mail,6.5
983,4226,772,Cash,Mail,6.5
984,4226,772,Credit Card,Pick Up,6
985,4563,773,Debit Card,Pick Up,6
986,2673,774,Credit Card,Pick Up,6
987,4505,775,Credit Card,Pick Up,6
988,4505,775,Debit Card,Pick Up,6
989,2905,776,Cash,Pick Up,6
990,2909,777,Credit Card,Pick Up,6
991,3950,778,Cash,Mail,6.5
992,2899,779,Credit Card,Pick Up,6
993,2880,780,Debit Card,Mail,6.5
994,4794,781,Debit Card,Mail,6.5
995,4441,782,Debit Card,Mail,6.5
996,4441,782,Debit Card,Mail,6.5
997,4871,783,Credit Card,Mail,6.5
998,4871,783,Credit Card,Mail,6.5
999,4707,784,Debit Card,Mail,6.5
1000,4626,785,Cash,Pick Up,6
1001,3418,786,Credit Card,Pick Up,6
1,1826,1,Cash,Mail,6.5
2,1826,1,Cash,Pick Up,6
3,446,2,Cash,Mail,6.5
4,446,2,Debit Card,Pick Up,6
5,811,3,Debit Card,Mail,6.5
6,4293,4,Credit Card,Pick Up,6
7,2006,5,Debit Card,Pick Up,6
8,2006,5,Credit Card,Mail,6.5
9,1606,6,Debit Card,Pick Up,6
10,846,7,Cash,Mail,6.5
11,1827,8,Cash,Pick Up,6
12,931,9,Debit Card,Mail,6.5
13,854,10,Cash,Pick Up,6
14,4483,11,Credit Card,Mail,6.5
15,4259,12,Cash,Pick Up,6
16,4259,12,Credit Card,Mail,6.5
17,1770,13,Credit Card,Mail,6.5
18,1770,13,Debit Card,Pick Up,6
19,1811,14,Debit Card,Mail,6.5
20,1046,15,Cash,Pick Up,6
21,2058,16,Debit Card,Pick Up,6
22,2058,16,Cash,Pick Up,6
23,1754,17,Credit Card,Mail,6.5
24,1211,18,Cash,Pick Up,6
25,1472,19,Debit Card,Mail,6.5
26,1681,20,Debit Card,Pick Up,6
27,2221,21,Cash,Pick Up,6
28,1977,22,Credit Card,Mail,6.5
29,2457,23,Cash,Mail,6.5
30,2457,23,Debit Card,Pick Up,6
31,4064,24,Cash,Mail,6.5
32,4064,24,Debit Card,Pick Up,6
33,2017,25,Credit Card,Pick Up,6
34,2426,26,Credit Card,Pick Up,6
35,866,27,Cash,Mail,6.5
36,866,27,Cash,Mail,6.5
37,1736,28,Credit Card,Mail,6.5
38,497,29,Credit Card,Pick Up,6
39,1187,30,Credit Card,Pick Up,6
40,1417,31,Credit Card,Mail,6.5
41,514,32,Debit Card,Pick Up,6
42,859,33,Debit Card,Pick Up,6
43,3542,34,Credit Card,Mail,6.5
44,3542,34,Cash,Pick Up,6
45,4725,35,Credit Card,Mail,6.5
46,4725,35,Debit Card,Mail,6.5
47,3190,36,Cash,Pick Up,6
48,3044,37,Cash,Pick Up,6
49,4727,38,Credit Card,Mail,6.5
50,4727,38,Debit Card,Mail,6.5
51,4485,39,Cash,Mail,6.5
52,1374,40,Cash,Pick Up,6
53,3501,41,Cash,Pick Up,6
54,1997,42,Cash,Pick Up,6
55,3042,43,Cash,Pick Up,6
56,3253,44,Cash,Mail,6.5
57,363,45,Debit Card,Mail,6.5
58,363,45,Debit Card,Pick Up,6
59,3064,46,Debit Card,Mail,6.5
60,3064,46,Cash,Mail,6.5
61,958,47,Credit Card,Mail,6.5
62,4329,48,Debit Card,Pick Up,6
63,4898,49,Debit Card,Pick Up,6
64,4898,49,Credit Card,Mail,6.5
65,2593,50,Debit Card,Mail,6.5
66,3157,51,Debit Card,Pick Up,6
67,4071,52,Credit Card,Mail,6.5
68,2731,53,Credit Card,Mail,6.5
69,4958,54,Cash,Pick Up,6
70,2636,55,Credit Card,Mail,6.5
71,3273,56,Credit Card,Mail,6.5
72,3273,56,Cash,Pick Up,6
73,4072,57,Debit Card,Pick Up,6
74,4072,57,Credit Card,Mail,6.5
75,1899,58,Credit Card,Mail,6.5
76,3014,59,Credit Card,Mail,6.5
77,3869,60,Debit Card,Mail,6.5
78,3869,60,Debit Card,Pick Up,6
79,4424,61,Debit Card,Pick Up,6
80,3332,62,Credit Card,Pick Up,6
81,3813,63,Credit Card,Mail,6.5
82,3821,64,Cash,Pick Up,6
83,3849,65,Credit Card,Mail,6.5
84,1894,66,Credit Card,Pick Up,6
85,283,67,Debit Card,Mail,6.5
86,283,67,Debit Card,Pick Up,6
87,173,68,Cash,Pick Up,6
88,173,68,Credit Card,Mail,6.5
89,483,69,Cash,Pick Up,6
90,908,70,Cash,Mail,6.5
91,1495,71,Credit Card,Pick Up,6
92,1495,71,Cash,Pick Up,6
93,2269,72,Debit Card,Pick Up,6
94,1651,73,Credit Card,Pick Up,6
95,3213,74,Debit Card,Mail,6.5
96,2245,75,Credit Card,Pick Up,6
97,1572,76,Debit Card,Pick Up,6
98,2439,77,Credit Card,Pick Up,6
99,1929,78,Cash,Pick Up,6
100,1929,78,Credit Card,Pick Up,6
101,2608,79,Debit Card,Mail,6.5
102,2608,79,Cash,Pick Up,6
103,2371,80,Cash,Pick Up,6
104,2026,81,Cash,Mail,6.5
105,4888,82,Credit Card,Mail,6.5
106,4888,82,Credit Card,Pick Up,6
107,1020,83,Debit Card,Mail,6.5
108,733,84,Cash,Pick Up,6
109,806,85,Debit Card,Pick Up,6
110,2409,86,Credit Card,Mail,6.5
111,2044,87,Cash,Mail,6.5
112,1904,88,Cash,Pick Up,6
113,1276,89,Cash,Mail,6.5
114,1276,89,Debit Card,Mail,6.5
115,2111,90,Debit Card,Pick Up,6
116,2111,90,Credit Card,Mail,6.5
117,2097,91,Credit Card,Pick Up,6
118,1401,92,Credit Card,Mail,6.5
119,1956,93,Debit Card,Mail,6.5
120,1956,93,Debit Card,Pick Up,6
121,3471,94,Debit Card,Mail,6.5
122,748,95,Credit Card,Mail,6.5
123,2400,96,Debit Card,Mail,6.5
124,814,97,Debit Card,Mail,6.5
125,421,98,Debit Card,Pick Up,6
126,1669,99,Debit Card,Pick Up,6
127,3062,100,Credit Card,Mail,6.5
128,3062,100,Debit Card,Pick Up,6
129,211,101,Debit Card,Mail,6.5
130,211,101,Credit Card,Pick Up,6
131,2651,102,Cash,Pick Up,6
132,1654,103,Debit Card,Pick Up,6
133,3447,104,Credit Card,Mail,6.5
134,3447,104,Cash,Mail,6.5
135,2831,105,Cash,Mail,6.5
136,3922,106,Debit Card,Mail,6.5
137,3041,107,Debit Card,Mail,6.5
138,2778,108,Debit Card,Mail,6.5
139,2917,109,Credit Card,Mail,6.5
140,1335,110,Cash,Pick Up,6
141,3418,111,Credit Card,Pick Up,6
142,3418,111,Debit Card,Pick Up,6
143,4591,112,Cash,Pick Up,6
144,4591,112,Debit Card,Pick Up,6
145,3386,113,Cash,Pick Up,6
146,4666,114,Debit Card,Pick Up,6
147,3091,115,Debit Card,Mail,6.5
148,3091,115,Cash,Mail,6.5
149,550,116,Debit Card,Mail,6.5
150,3380,117,Credit Card,Pick Up,6
151,4640,118,Credit Card,Pick Up,6
152,917,119,Credit Card,Mail,6.5
153,3492,120,Debit Card,Mail,6.5
154,3263,121,Credit Card,Mail,6.5
155,4803,122,Credit Card,Pick Up,6
156,4803,122,Credit Card,Pick Up,6
157,2913,123,Debit Card,Mail,6.5
158,2913,123,Cash,Pick Up,6
159,4122,124,Debit Card,Pick Up,6
160,3006,125,Credit Card,Mail,6.5
161,3172,126,Debit Card,Pick Up,6
162,3172,126,Cash,Mail,6.5
163,3429,127,Debit Card,Pick Up,6
164,4385,128,Cash,Pick Up,6
165,2913,129,Credit Card,Pick Up,6
166,3976,130,Debit Card,Pick Up,6
167,3842,131,Cash,Mail,6.5
168,4768,132,Debit Card,Pick Up,6
169,324,133,Cash,Pick Up,6
170,324,133,Cash,Mail,6.5
171,1592,134,Debit Card,Pick Up,6
172,1592,134,Debit Card,Pick Up,6
173,504,135,Cash,Pick Up,6
174,30,136,Cash,Pick Up,6
175,2146,137,Debit Card,Mail,6.5
176,2146,137,Debit Card,Pick Up,6
177,1894,138,Debit Card,Pick Up,6
178,576,139,Debit Card,Mail,6.5
179,1468,140,Cash,Pick Up,6
180,1015,141,Debit Card,Mail,6.5
181,1241,142,Credit Card,Mail,6.5
182,2056,143,Credit Card,Mail,6.5
183,4132,144,Debit Card,Pick Up,6
184,4132,144,Debit Card,Mail,6.5
185,949,145,Debit Card,Pick Up,6
186,949,145,Debit Card,Mail,6.5
187,1565,146,Cash,Pick Up,6
188,1603,147,Debit Card,Pick Up,6
189,787,148,Credit Card,Pick Up,6
190,787,148,Cash,Pick Up,6
191,1547,149,Debit Card,Mail,6.5
192,2420,150,Cash,Pick Up,6
193,490,151,Debit Card,Mail,6.5
194,1438,152,Cash,Mail,6.5
195,1737,153,Cash,Mail,6.5
196,4203,154,Cash,Pick Up,6
197,1550,155,Cash,Pick Up,6
198,1550,155,Debit Card,Mail,6.5
199,454,156,Credit Card,Pick Up,6
200,454,156,Credit Card,Pick Up,6
201,1001,157,Cash,Mail,6.5
202,1369,158,Cash,Pick Up,6
203,409,159,Cash,Pick Up,6
204,409,159,Debit Card,Pick Up,6
205,4051,160,Cash,Mail,6.5
206,1730,161,Credit Card,Pick Up,6
207,1368,162,Debit Card,Pick Up,6
208,3389,163,Credit Card,Pick Up,6
209,2230,164,Credit Card,Mail,6.5
210,1799,165,Cash,Pick Up,6
211,2877,166,Debit Card,Pick Up,6
212,2877,166,Cash,Pick Up,6
213,4962,167,Cash,Pick Up,6
214,4962,167,Credit Card,Pick Up,6
215,4121,168,Debit Card,Mail,6.5
216,3051,169,Cash,Mail,6.5
217,4540,170,Credit Card,Pick Up,6
218,4540,170,Credit Card,Mail,6.5
219,3958,171,Credit Card,Pick Up,6
220,3368,172,Cash,Pick Up,6
221,3892,173,Debit Card,Mail,6.5
222,1535,174,Debit Card,Pick Up,6
223,3881,175,Debit Card,Mail,6.5
224,3453,176,Debit Card,Mail,6.5
225,4096,177,Cash,Pick Up,6
226,4096,177,Cash,Pick Up,6
227,4901,178,Credit Card,Pick Up,6
228,4901,178,Cash,Mail,6.5
229,3324,179,Credit Card,Mail,6.5
230,4958,180,Credit Card,Mail,6.5
231,2860,181,Cash,Mail,6.5
232,2860,181,Cash,Pick Up,6
233,1356,182,Cash,Mail,6.5
234,4368,183,Debit Card,Pick Up,6
235,4588,184,Credit Card,Mail,6.5
236,3546,185,Cash,Pick Up,6
237,4919,186,Credit Card,Pick Up,6
238,3286,187,Credit Card,Pick Up,6
239,4464,188,Debit Card,Mail,6.5
240,4464,188,Credit Card,Pick Up,6
241,2845,189,Cash,Mail,6.5
242,2845,189,Credit Card,Mail,6.5
243,4662,190,Credit Card,Pick Up,6
244,4325,191,Credit Card,Pick Up,6
245,3667,192,Debit Card,Pick Up,6
246,3667,192,Credit Card,Pick Up,6
247,4477,193,Credit Card,Mail,6.5
248,4299,194,Cash,Pick Up,6
249,2603,195,Cash,Pick Up,6
250,4449,196,Credit Card,Pick Up,6
251,4474,197,Credit Card,Pick Up,6
252,3297,198,Debit Card,Mail,6.5
253,62,199,Cash,Pick Up,6
254,62,199,Cash,Pick Up,6
255,2476,200,Debit Card,Pick Up,6
256,2476,200,Credit Card,Pick Up,6
257,244,201,Debit Card,Pick Up,6
258,3093,202,Cash,Mail,6.5
259,628,203,Credit Card,Mail,6.5
260,628,203,Debit Card,Pick Up,6
261,1083,204,Debit Card,Pick Up,6
262,1864,205,Credit Card,Mail,6.5
263,1445,206,Cash,Mail,6.5
264,389,207,Debit Card,Pick Up,6
265,1930,208,Cash,Mail,6.5
266,96,209,Debit Card,Mail,6.5
267,3215,210,Cash,Pick Up,6
268,3215,210,Cash,Pick Up,6
269,676,211,Debit Card,Pick Up,6
270,676,211,Debit Card,Pick Up,6
271,2586,212,Credit Card,Mail,6.5
272,1415,213,Credit Card,Mail,6.5
273,8,214,Credit Card,Pick Up,6
274,8,214,Cash,Mail,6.5
275,2044,215,Cash,Pick Up,6
276,1406,216,Cash,Pick Up,6
277,2354,217,Credit Card,Mail,6.5
278,1198,218,Cash,Mail,6.5
279,1230,219,Cash,Pick Up,6
280,1622,220,Credit Card,Mail,6.5
281,1032,221,Cash,Pick Up,6
282,1032,221,Credit Card,Mail,6.5
283,1407,222,Cash,Pick Up,6
284,1407,222,Credit Card,Mail,6.5
285,415,223,Credit Card,Pick Up,6
286,1851,224,Credit Card,Mail,6.5
287,1722,225,Credit Card,Pick Up,6
288,1722,225,Credit Card,Pick Up,6
289,2552,226,Debit Card,Pick Up,6
290,906,227,Credit Card,Mail,6.5
291,162,228,Credit Card,Mail,6.5
292,2082,229,Debit Card,Mail,6.5
293,855,230,Credit Card,Mail,6.5
294,255,231,Credit Card,Pick Up,6
295,198,232,Cash,Mail,6.5
296,198,232,Credit Card,Mail,6.5
297,4478,233,Credit Card,Mail,6.5
298,4478,233,Cash,Mail,6.5
299,4257,234,Credit Card,Pick Up,6
300,4741,235,Debit Card,Mail,6.5
301,3795,236,Debit Card,Mail,6.5
302,3795,236,Credit Card,Pick Up,6
303,3629,237,Credit Card,Pick Up,6
304,3659,238,Debit Card,Pick Up,6
305,4598,239,Cash,Pick Up,6
306,1794,240,Cash,Pick Up,6
307,1616,241,Cash,Mail,6.5
308,3677,242,Credit Card,Pick Up,6
309,4184,243,Credit Card,Mail,6.5
310,4184,243,Cash,Mail,6.5
311,3540,244,Debit Card,Pick Up,6
312,3540,244,Cash,Mail,6.5
313,4514,245,Cash,Pick Up,6
314,3794,246,Cash,Pick Up,6
315,4198,247,Cash,Pick Up,6
316,4198,247,Credit Card,Mail,6.5
317,3932,248,Debit Card,Mail,6.5
318,4452,249,Credit Card,Pick Up,6
319,4009,250,Debit Card,Pick Up,6
320,468,251,Debit Card,Mail,6.5
321,4654,252,Cash,Pick Up,6
322,2816,253,Debit Card,Pick Up,6
323,3307,254,Debit Card,Pick Up,6
324,3307,254,Cash,Pick Up,6
325,3141,255,Cash,Pick Up,6
326,3141,255,Cash,Mail,6.5
327,4401,256,Debit Card,Pick Up,6
328,3339,257,Cash,Mail,6.5
329,4543,258,Debit Card,Mail,6.5
330,4543,258,Credit Card,Pick Up,6
331,3570,259,Cash,Mail,6.5
332,3111,260,Credit Card,Mail,6.5
333,4913,261,Credit Card,Mail,6.5
334,2697,262,Cash,Mail,6.5
335,3104,263,Debit Card,Mail,6.5
336,3078,264,Credit Card,Pick Up,6
337,4451,265,Debit Card,Mail,6.5
338,4451,265,Cash,Mail,6.5
339,502,266,Credit Card,Pick Up,6
340,502,266,Credit Card,Mail,6.5
341,646,267,Credit Card,Mail,6.5
342,251,268,Debit Card,Pick Up,6
343,1980,269,Debit Card,Mail,6.5
344,1980,269,Cash,Mail,6.5
345,2045,270,Cash,Mail,6.5
346,823,271,Credit Card,Pick Up,6
347,1784,272,Debit Card,Mail,6.5
348,2339,273,Cash,Pick Up,6
349,526,274,Cash,Mail,6.5
350,2961,275,Debit Card,Mail,6.5
351,311,276,Debit Card,Pick Up,6
352,311,276,Debit Card,Pick Up,6
353,1095,277,Credit Card,Mail,6.5
354,1095,277,Debit Card,Mail,6.5
355,4359,278,Debit Card,Mail,6.5
356,1540,279,Debit Card,Mail,6.5
357,1122,280,Debit Card,Pick Up,6
358,1122,280,Cash,Mail,6.5
359,1739,281,Credit Card,Pick Up,6
360,3559,282,Credit Card,Pick Up,6
361,770,283,Debit Card,Mail,6.5
362,2351,284,Debit Card,Pick Up,6
363,1621,285,Cash,Pick Up,6
364,4066,286,Cash,Mail,6.5
365,3743,287,Debit Card,Pick Up,6
366,3743,287,Debit Card,Pick Up,6
367,444,288,Cash,Pick Up,6
368,444,288,Credit Card,Pick Up,6
369,33,289,Credit Card,Mail,6.5
370,2517,290,Debit Card,Pick Up,6
371,414,291,Credit Card,Pick Up,6
372,414,291,Debit Card,Mail,6.5
373,1874,292,Credit Card,Pick Up,6
374,1842,293,Debit Card,Pick Up,6
375,2123,294,Cash,Mail,6.5
376,3299,295,Debit Card,Pick Up,6
377,1157,296,Credit Card,Mail,6.5
378,260,297,Debit Card,Mail,6.5
379,2801,298,Debit Card,Pick Up,6
380,2801,298,Debit Card,Mail,6.5
381,4531,299,Debit Card,Mail,6.5
382,4531,299,Cash,Pick Up,6
383,3905,300,Cash,Pick Up,6
384,4877,301,Credit Card,Mail,6.5
385,68,302,Cash,Pick Up,6
386,68,302,Debit Card,Pick Up,6
387,4416,303,Cash,Mail,6.5
388,3300,304,Cash,Pick Up,6
389,3312,305,Credit Card,Pick Up,6
390,4909,306,Cash,Pick Up,6
391,4285,307,Debit Card,Mail,6.5
392,3472,308,Cash,Mail,6.5
393,4095,309,Cash,Pick Up,6
394,4095,309,Debit Card,Pick Up,6
395,3893,310,Cash,Pick Up,6
396,3893,310,Credit Card,Mail,6.5
397,3348,311,Credit Card,Pick Up,6
398,3184,312,Credit Card,Pick Up,6
399,709,313,Debit Card,Mail,6.5
400,709,313,Credit Card,Pick Up,6
401,4858,314,Cash,Mail,6.5
402,357,315,Credit Card,Mail,6.5
403,2858,316,Credit Card,Mail,6.5
404,3546,317,Credit Card,Mail,6.5
405,4782,318,Debit Card,Mail,6.5
406,4828,319,Debit Card,Pick Up,6
407,4391,320,Cash,Pick Up,6
408,4391,320,Debit Card,Pick Up,6
409,4716,321,Cash,Pick Up,6
410,4716,321,Cash,Mail,6.5
411,4038,322,Debit Card,Mail,6.5
412,4785,323,Cash,Pick Up,6
413,2659,324,Cash,Mail,6.5
414,2659,324,Debit Card,Mail,6.5
415,3500,325,Credit Card,Mail,6.5
416,4013,326,Cash,Pick Up,6
417,3234,327,Credit Card,Mail,6.5
418,3992,328,Cash,Pick Up,6
419,2636,329,Debit Card,Mail,6.5
420,1405,330,Cash,Mail,6.5
421,586,331,Debit Card,Pick Up,6
422,586,331,Cash,Pick Up,6
423,2460,332,Cash,Pick Up,6
424,2460,332,Cash,Pick Up,6
425,1047,333,Credit Card,Mail,6.5
426,1557,334,Cash,Pick Up,6
427,399,335,Debit Card,Pick Up,6
428,399,335,Debit Card,Mail,6.5
429,1549,336,Debit Card,Pick Up,6
430,644,337,Debit Card,Pick Up,6
431,3898,338,Cash,Pick Up,6
432,67,339,Cash,Mail,6.5
433,719,340,Debit Card,Mail,6.5
434,214,341,Debit Card,Pick Up,6
435,707,342,Cash,Pick Up,6
436,707,342,Credit Card,Mail,6.5
437,1863,343,Debit Card,Pick Up,6
438,1863,343,Debit Card,Mail,6.5
439,367,344,Credit Card,Pick Up,6
440,1702,345,Cash,Pick Up,6
441,1636,346,Credit Card,Mail,6.5
442,1636,346,Credit Card,Mail,6.5
443,1952,347,Cash,Mail,6.5
444,274,348,Debit Card,Mail,6.5
445,1103,349,Debit Card,Mail,6.5
446,108,350,Credit Card,Pick Up,6
447,3497,351,Credit Card,Mail,6.5
448,3665,352,Credit Card,Pick Up,6
449,1580,353,Debit Card,Mail,6.5
450,1580,353,Cash,Mail,6.5
451,1658,354,Debit Card,Pick Up,6
452,1658,354,Credit Card,Mail,6.5
453,1394,355,Debit Card,Mail,6.5
454,2213,356,Credit Card,Pick Up,6
455,1853,357,Credit Card,Pick Up,6
456,1853,357,Cash,Mail,6.5
457,4757,358,Credit Card,Pick Up,6
458,1895,359,Debit Card,Mail,6.5
459,2008,360,Cash,Mail,6.5
460,633,361,Credit Card,Pick Up,6
461,1779,362,Credit Card,Mail,6.5
462,1942,363,Cash,Pick Up,6
463,2778,364,Credit Card,Pick Up,6
464,2778,364,Debit Card,Pick Up,6
465,4633,365,Cash,Mail,6.5
466,4633,365,Cash,Pick Up,6
467,3216,366,Credit Card,Pick Up,6
468,3509,367,Debit Card,Pick Up,6
469,4788,368,Debit Card,Pick Up,6
470,4788,368,Debit Card,Pick Up,6
471,4415,369,Cash,Pick Up,6
472,3771,370,Cash,Mail,6.5
473,4087,371,Debit Card,Mail,6.5
474,4682,372,Debit Card,Pick Up,6
475,4446,373,Credit Card,Pick Up,6
476,3251,374,Credit Card,Mail,6.5
477,4797,375,Credit Card,Pick Up,6
478,4797,375,Cash,Pick Up,6
479,572,376,Credit Card,Pick Up,6
480,572,376,Credit Card,Pick Up,6
481,4166,377,Cash,Pick Up,6
482,4163,378,Debit Card,Pick Up,6
483,4174,379,Debit Card,Pick Up,6
484,4174,379,Cash,Mail,6.5
485,3618,380,Credit Card,Pick Up,6
486,3484,381,Credit Card,Mail,6.5
487,4040,382,Debit Card,Pick Up,6
488,3736,383,Debit Card,Mail,6.5
489,2999,384,Credit Card,Mail,6.5
490,3680,385,Cash,Pick Up,6
491,3498,386,Debit Card,Pick Up,6
492,3498,386,Credit Card,Pick Up,6
493,614,387,Debit Card,Pick Up,6
494,614,387,Credit Card,Pick Up,6
495,4562,388,Debit Card,Mail,6.5
496,4553,389,Cash,Mail,6.5
497,1011,390,Debit Card,Mail,6.5
498,1011,390,Debit Card,Pick Up,6
499,1231,391,Cash,Pick Up,6
500,4997,392,Cash,Pick Up,6
501,4704,393,Credit Card,Pick Up,6
502,4758,394,Debit Card,Pick Up,6
503,3906,395,Debit Card,Pick Up,6
504,4671,396,Debit Card,Pick Up,6
505,411,397,Credit Card,Mail,6.5
506,411,397,Cash,Pick Up,6
507,743,398,Credit Card,Pick Up,6
508,743,398,Credit Card,Pick Up,6
509,1466,399,Debit Card,Mail,6.5
510,174,400,Credit Card,Pick Up,6
511,2348,401,Credit Card,Mail,6.5
512,2348,401,Debit Card,Mail,6.5
513,1966,402,Cash,Mail,6.5
514,860,403,Cash,Pick Up,6
515,1574,404,Debit Card,Mail,6.5
516,1310,405,Debit Card,Pick Up,6
517,913,406,Debit Card,Mail,6.5
518,1355,407,Cash,Pick Up,6
519,1805,408,Debit Card,Pick Up,6
520,1805,408,Credit Card,Mail,6.5
521,1258,409,Cash,Mail,6.5
522,1258,409,Credit Card,Mail,6.5
523,1475,410,Debit Card,Pick Up,6
524,2223,411,Cash,Pick Up,6
525,2274,412,Cash,Pick Up,6
526,2274,412,Debit Card,Mail,6.5
527,861,413,Credit Card,Pick Up,6
528,535,414,Credit Card,Mail,6.5
529,899,415,Credit Card,Mail,6.5
530,1793,416,Cash,Mail,6.5
531,959,417,Cash,Pick Up,6
532,1068,418,Cash,Mail,6.5
533,1868,419,Credit Card,Pick Up,6
534,1868,419,Credit Card,Pick Up,6
535,1730,420,Credit Card,Mail,6.5
536,1730,420,Debit Card,Pick Up,6
537,1508,421,Debit Card,Mail,6.5
538,618,422,Credit Card,Pick Up,6
539,323,423,Credit Card,Mail,6.5
540,323,423,Credit Card,Mail,6.5
541,2405,424,Debit Card,Mail,6.5
542,2541,425,Debit Card,Pick Up,6
543,207,426,Cash,Mail,6.5
544,749,427,Credit Card,Pick Up,6
545,694,428,Credit Card,Mail,6.5
546,525,429,Cash,Mail,6.5
547,4948,430,Credit Card,Pick Up,6
548,4948,430,Cash,Mail,6.5
549,4383,431,Debit Card,Mail,6.5
550,4383,431,Cash,Pick Up,6
551,3388,432,Credit Card,Pick Up,6
552,4398,433,Debit Card,Pick Up,6
553,4671,434,Debit Card,Pick Up,6
554,4671,434,Cash,Mail,6.5
555,3925,435,Debit Card,Pick Up,6
556,3920,436,Cash,Mail,6.5
557,3239,437,Credit Card,Pick Up,6
558,4762,438,Cash,Pick Up,6
559,4382,439,Cash,Mail,6.5
560,4118,440,Cash,Mail,6.5
561,3610,441,Cash,Mail,6.5
562,3610,441,Credit Card,Pick Up,6
563,4156,442,Debit Card,Pick Up,6
564,4156,442,Debit Card,Mail,6.5
565,4396,443,Credit Card,Mail,6.5
566,3736,444,Cash,Mail,6.5
567,3331,445,Debit Card,Pick Up,6
568,3331,445,Cash,Mail,6.5
569,4660,446,Debit Card,Mail,6.5
570,3197,447,Debit Card,Mail,6.5
571,2289,448,Credit Card,Pick Up,6
572,4103,449,Cash,Pick Up,6
573,3339,450,Cash,Mail,6.5
574,3519,451,Debit Card,Mail,6.5
575,1163,452,Cash,Pick Up,6
576,1163,452,Debit Card,Pick Up,6
577,1804,453,Debit Card,Mail,6.5
578,1804,453,Debit Card,Mail,6.5
579,4439,454,Debit Card,Pick Up,6
580,3482,455,Cash,Mail,6.5
581,3629,456,Credit Card,Pick Up,6
582,3629,456,Cash,Pick Up,6
583,4923,457,Cash,Pick Up,6
584,4431,458,Debit Card,Pick Up,6
585,3962,459,Debit Card,Mail,6.5
586,2692,460,Credit Card,Pick Up,6
587,3029,461,Credit Card,Mail,6.5
588,4262,462,Debit Card,Pick Up,6
589,530,463,Credit Card,Pick Up,6
590,530,463,Debit Card,Mail,6.5
591,1282,464,Credit Card,Mail,6.5
592,1282,464,Credit Card,Pick Up,6
593,729,465,Cash,Pick Up,6
594,1300,466,Credit Card,Pick Up,6
595,322,467,Debit Card,Pick Up,6
596,322,467,Debit Card,Pick Up,6
597,72,468,Debit Card,Pick Up,6
598,1181,469,Cash,Pick Up,6
599,56,470,Cash,Mail,6.5
600,544,471,Credit Card,Pick Up,6
601,4507,472,Credit Card,Pick Up,6
602,625,473,Debit Card,Pick Up,6
603,998,474,Cash,Pick Up,6
604,998,474,Cash,Mail,6.5
605,2434,475,Cash,Pick Up,6
606,2434,475,Cash,Pick Up,6
607,1892,476,Debit Card,Pick Up,6
608,1158,477,Credit Card,Pick Up,6
609,2345,478,Cash,Mail,6.5
610,2345,478,Cash,Pick Up,6
611,1904,479,Debit Card,Pick Up,6
612,1924,480,Credit Card,Pick Up,6
613,3852,481,Debit Card,Mail,6.5
614,298,482,Credit Card,Mail,6.5
615,2508,483,Cash,Mail,6.5
616,1591,484,Credit Card,Pick Up,6
617,159,485,Cash,Mail,6.5
618,159,485,Cash,Mail,6.5
619,1668,486,Cash,Mail,6.5
620,1668,486,Debit Card,Pick Up,6
621,541,487,Debit Card,Mail,6.5
622,1143,488,Credit Card,Pick Up,6
623,1403,489,Debit Card,Mail,6.5
624,1403,489,Cash,Pick Up,6
625,1068,490,Credit Card,Pick Up,6
626,756,491,Credit Card,Mail,6.5
627,3722,492,Debit Card,Mail,6.5
628,826,493,Cash,Pick Up,6
629,1622,494,Credit Card,Pick Up,6
630,1984,495,Credit Card,Mail,6.5
631,4293,496,Cash,Pick Up,6
632,4293,496,Debit Card,Pick Up,6
633,2710,497,Debit Card,Mail,6.5
634,2710,497,Credit Card,Pick Up,6
635,4513,498,Credit Card,Pick Up,6
636,3543,499,Credit Card,Mail,6.5
637,4863,500,Cash,Mail,6.5
638,4863,500,Credit Card,Mail,6.5
639,3781,501,Debit Card,Mail,6.5
640,3266,502,Debit Card,Mail,6.5
641,3182,503,Cash,Mail,6.5
642,3743,504,Credit Card,Mail,6.5
643,3299,505,Cash,Mail,6.5
644,3646,506,Cash,Pick Up,6
645,4912,507,Debit Card,Mail,6.5
646,4912,507,Debit Card,Pick Up,6
647,3776,508,Cash,Mail,6.5
648,3776,508,Cash,Pick Up,6
649,3988,509,Debit Card,Pick Up,6
650,2636,510,Cash,Mail,6.5
651,3774,511,Credit Card,Pick Up,6
652,3774,511,Cash,Pick Up,6
653,4444,512,Cash,Pick Up,6
654,4271,513,Credit Card,Pick Up,6
655,3476,514,Cash,Pick Up,6
656,3027,515,Cash,Pick Up,6
657,4674,516,Debit Card,Mail,6.5
658,3653,517,Cash,Mail,6.5
659,4804,518,Debit Card,Mail,6.5
660,4804,518,Debit Card,Pick Up,6
661,2712,519,Cash,Mail,6.5
662,2712,519,Credit Card,Pick Up,6
663,4400,520,Debit Card,Pick Up,6
664,2655,521,Debit Card,Pick Up,6
665,4954,522,Cash,Mail,6.5
666,4954,522,Debit Card,Pick Up,6
667,3820,523,Debit Card,Pick Up,6
668,2376,524,Cash,Pick Up,6
669,4946,525,Debit Card,Mail,6.5
670,4931,526,Credit Card,Pick Up,6
671,1364,527,Debit Card,Pick Up,6
672,3434,528,Cash,Pick Up,6
673,1288,529,Credit Card,Mail,6.5
674,1288,529,Cash,Mail,6.5
675,2289,530,Debit Card,Mail,6.5
676,2289,530,Credit Card,Mail,6.5
677,586,531,Credit Card,Pick Up,6
678,1585,532,Debit Card,Mail,6.5
679,1016,533,Debit Card,Mail,6.5
680,1016,533,Debit Card,Mail,6.5
681,992,534,Cash,Pick Up,6
682,3904,535,Debit Card,Pick Up,6
683,392,536,Debit Card,Mail,6.5
684,985,537,Credit Card,Pick Up,6
685,2446,538,Credit Card,Pick Up,6
686,777,539,Cash,Pick Up,6
687,4735,540,Debit Card,Mail,6.5
688,4735,540,Debit Card,Mail,6.5
689,2366,541,Debit Card,Mail,6.5
690,2366,541,Cash,Mail,6.5
691,972,542,Cash,Mail,6.5
692,1324,543,Cash,Pick Up,6
693,904,544,Credit Card,Mail,6.5
694,904,544,Cash,Mail,6.5
695,1854,545,Cash,Pick Up,6
696,2382,546,Cash,Mail,6.5
697,430,547,Debit Card,Pick Up,6
698,1129,548,Credit Card,Mail,6.5
699,3067,549,Debit Card,Mail,6.5
700,4829,550,Debit Card,Mail,6.5
701,4704,551,Debit Card,Pick Up,6
702,4704,551,Credit Card,Mail,6.5
703,2494,552,Cash,Mail,6.5
704,2494,552,Cash,Pick Up,6
705,2607,553,Credit Card,Mail,6.5
706,1100,554,Credit Card,Mail,6.5
707,787,555,Cash,Pick Up,6
708,787,555,Cash,Mail,6.5
709,272,556,Debit Card,Pick Up,6
710,2499,557,Credit Card,Pick Up,6
711,4357,558,Cash,Pick Up,6
712,14,559,Credit Card,Mail,6.5
713,907,560,Credit Card,Mail,6.5
714,695,561,Debit Card,Pick Up,6
715,3617,562,Credit Card,Pick Up,6
716,3617,562,Debit Card,Pick Up,6
717,2973,563,Credit Card,Pick Up,6
718,2973,563,Debit Card,Pick Up,6
719,2726,564,Cash,Pick Up,6
720,3561,565,Debit Card,Pick Up,6
721,2851,566,Credit Card,Pick Up,6
722,2851,566,Cash,Pick Up,6
723,4623,567,Credit Card,Mail,6.5
724,2841,568,Debit Card,Pick Up,6
725,4739,569,Credit Card,Pick Up,6
726,4969,570,Debit Card,Mail,6.5
727,3733,571,Debit Card,Mail,6.5
728,155,572,Debit Card,Mail,6.5
729,3108,573,Debit Card,Mail,6.5
730,3108,573,Debit Card,Pick Up,6
731,2141,574,Cash,Pick Up,6
732,2141,574,Debit Card,Mail,6.5
733,3454,575,Cash,Pick Up,6
734,4421,576,Debit Card,Pick Up,6
735,4590,577,Cash,Pick Up,6
736,4590,577,Cash,Pick Up,6
737,4541,578,Debit Card,Pick Up,6
738,3869,579,Cash,Pick Up,6
739,3679,580,Debit Card,Mail,6.5
740,2880,581,Debit Card,Pick Up,6
741,4322,582,Credit Card,Mail,6.5
742,3009,583,Credit Card,Mail,6.5
743,2804,584,Credit Card,Mail,6.5
744,2804,584,Debit Card,Mail,6.5
745,3188,585,Cash,Mail,6.5
746,3188,585,Cash,Mail,6.5
747,3942,586,Credit Card,Pick Up,6
748,4363,587,Debit Card,Mail,6.5
749,4277,588,Credit Card,Mail,6.5
750,4277,588,Debit Card,Pick Up,6
751,3158,589,Credit Card,Pick Up,6
752,4820,590,Credit Card,Mail,6.5
753,3336,591,Cash,Mail,6.5
754,4262,592,Debit Card,Mail,6.5
755,4374,593,Cash,Pick Up,6
756,4167,594,Cash,Pick Up,6
757,1230,595,Debit Card,Mail,6.5
758,1230,595,Credit Card,Pick Up,6
759,2165,596,Debit Card,Pick Up,6
760,2165,596,Cash,Mail,6.5
761,1681,597,Cash,Pick Up,6
762,675,598,Credit Card,Mail,6.5
763,2154,599,Credit Card,Mail,6.5
764,2154,599,Debit Card,Pick Up,6
765,1582,600,Credit Card,Mail,6.5
766,2336,601,Cash,Pick Up,6
767,1060,602,Credit Card,Pick Up,6
768,3345,603,Credit Card,Pick Up,6
769,1673,604,Debit Card,Mail,6.5
770,2019,605,Credit Card,Pick Up,6
771,3182,606,Credit Card,Mail,6.5
772,3182,606,Credit Card,Mail,6.5
773,2293,607,Debit Card,Pick Up,6
774,2293,607,Credit Card,Mail,6.5
775,906,608,Debit Card,Pick Up,6
776,1085,609,Cash,Pick Up,6
777,1605,610,Debit Card,Pick Up,6
778,1605,610,Credit Card,Pick Up,6
779,1393,611,Debit Card,Mail,6.5
780,2385,612,Debit Card,Mail,6.5
781,785,613,Debit Card,Pick Up,6
782,179,614,Debit Card,Pick Up,6
783,433,615,Debit Card,Pick Up,6
784,2400,616,Credit Card,Mail,6.5
785,2135,617,Debit Card,Mail,6.5
786,2135,617,Credit Card,Pick Up,6
787,862,618,Cash,Mail,6.5
788,862,618,Cash,Mail,6.5
789,2517,619,Cash,Pick Up,6
790,716,620,Cash,Pick Up,6
791,1853,621,Cash,Pick Up,6
792,1853,621,Debit Card,Mail,6.5
793,1715,622,Debit Card,Pick Up,6
794,1750,623,Debit Card,Pick Up,6
795,1279,624,Cash,Pick Up,6
796,310,625,Credit Card,Pick Up,6
797,1085,626,Credit Card,Mail,6.5
798,1407,627,Credit Card,Mail,6.5
799,3686,628,Credit Card,Pick Up,6
800,3686,628,Cash,Pick Up,6
801,4611,629,Debit Card,Pick Up,6
802,4611,629,Credit Card,Mail,6.5
1999,3304,1570,Credit Card,Mail,6.5
2000,4649,1571,Cash,Pick Up,6
2001,3445,1572,Credit Card,Mail,6.5
2002,4791,1573,Credit Card,Mail,6.5
2003,3808,1574,Credit Card,Pick Up,6
2004,3808,1574,Cash,Mail,6.5
2005,3192,1575,Debit Card,Pick Up,6
2006,3192,1575,Credit Card,Mail,6.5
2007,4197,1576,Cash,Pick Up,6
2008,3110,1577,Cash,Mail,6.5
2009,3338,1578,Debit Card,Pick Up,6
2010,3338,1578,Cash,Pick Up,6
2011,1240,1579,Credit Card,Mail,6.5
2012,118,1580,Debit Card,Pick Up,6
2013,4284,1581,Credit Card,Pick Up,6
2014,3904,1582,Debit Card,Mail,6.5
2015,2844,1583,Debit Card,Pick Up,6
2016,4677,1584,Debit Card,Pick Up,6
2017,2471,1585,Credit Card,Mail,6.5
2018,2471,1585,Cash,Mail,6.5
2019,1143,1586,Debit Card,Mail,6.5
2020,1143,1586,Debit Card,Pick Up,6
2021,316,1587,Debit Card,Mail,6.5
2022,3915,1588,Cash,Mail,6.5
2023,2036,1589,Debit Card,Pick Up,6
2024,2036,1589,Debit Card,Mail,6.5
2025,293,1590,Debit Card,Pick Up,6
2026,510,1591,Credit Card,Pick Up,6
2027,4123,1592,Credit Card,Pick Up,6
2028,1121,1593,Cash,Mail,6.5
2029,2103,1594,Credit Card,Mail,6.5
2030,1923,1595,Debit Card,Pick Up,6
2031,881,1596,Credit Card,Pick Up,6
2032,881,1596,Cash,Pick Up,6
2033,1840,1597,Cash,Mail,6.5
2034,1840,1597,Debit Card,Mail,6.5
2035,3021,1598,Cash,Mail,6.5
2036,3463,1599,Credit Card,Pick Up,6
2037,4127,1600,Debit Card,Pick Up,6
2038,4127,1600,Cash,Mail,6.5
2039,674,1601,Credit Card,Pick Up,6
2040,726,1602,Debit Card,Mail,6.5
2041,360,1603,Credit Card,Pick Up,6
2042,1994,1604,Credit Card,Mail,6.5
2043,1557,1605,Debit Card,Mail,6.5
2044,1508,1606,Debit Card,Pick Up,6
2045,877,1607,Cash,Pick Up,6
2046,877,1607,Cash,Pick Up,6
2047,950,1608,Cash,Pick Up,6
2048,950,1608,Debit Card,Mail,6.5
2049,2559,1609,Cash,Pick Up,6
2050,306,1610,Debit Card,Mail,6.5
2051,2069,1611,Cash,Mail,6.5
2052,2069,1611,Cash,Pick Up,6
2053,624,1612,Credit Card,Pick Up,6
2054,622,1613,Debit Card,Pick Up,6
2055,1038,1614,Debit Card,Mail,6.5
2056,716,1615,Credit Card,Pick Up,6
2057,550,1616,Debit Card,Pick Up,6
2058,546,1617,Debit Card,Pick Up,6
2059,3666,1618,Credit Card,Mail,6.5
2060,3666,1618,Credit Card,Pick Up,6
2061,3710,1619,Credit Card,Mail,6.5
2062,3710,1619,Cash,Pick Up,6
2063,3105,1620,Debit Card,Pick Up,6
2064,4169,1621,Cash,Mail,6.5
2065,4153,1622,Debit Card,Pick Up,6
2066,4153,1622,Debit Card,Pick Up,6
2067,4100,1623,Credit Card,Pick Up,6
2068,4194,1624,Credit Card,Mail,6.5
2069,4361,1625,Debit Card,Mail,6.5
2070,2468,1626,Debit Card,Mail,6.5
2071,4431,1627,Debit Card,Pick Up,6
2072,527,1628,Debit Card,Pick Up,6
2073,4195,1629,Credit Card,Pick Up,6
2074,4195,1629,Cash,Pick Up,6
2075,2824,1630,Credit Card,Mail,6.5
2076,2824,1630,Cash,Pick Up,6
2077,3443,1631,Debit Card,Pick Up,6
2078,4768,1632,Cash,Mail,6.5
2079,4519,1633,Credit Card,Mail,6.5
2080,4519,1633,Credit Card,Pick Up,6
2081,4444,1634,Credit Card,Mail,6.5
2082,3295,1635,Debit Card,Pick Up,6
2083,3450,1636,Debit Card,Pick Up,6
2084,2928,1637,Credit Card,Pick Up,6
2085,2983,1638,Debit Card,Mail,6.5
2086,3858,1639,Credit Card,Mail,6.5
2087,4245,1640,Credit Card,Pick Up,6
2088,4245,1640,Debit Card,Mail,6.5
2089,2629,1641,Cash,Mail,6.5
2090,2629,1641,Debit Card,Mail,6.5
2091,1193,1642,Debit Card,Pick Up,6
2092,3452,1643,Credit Card,Pick Up,6
2093,3437,1644,Cash,Mail,6.5
2094,3437,1644,Credit Card,Pick Up,6
2095,4471,1645,Credit Card,Mail,6.5
2096,3722,1646,Cash,Mail,6.5
2097,4238,1647,Cash,Pick Up,6
2098,3204,1648,Debit Card,Pick Up,6
2099,3959,1649,Credit Card,Pick Up,6
2100,1162,1650,Credit Card,Mail,6.5
2101,2096,1651,Credit Card,Mail,6.5
2102,2096,1651,Debit Card,Pick Up,6
2103,661,1652,Credit Card,Mail,6.5
2104,661,1652,Debit Card,Pick Up,6
2105,341,1653,Debit Card,Mail,6.5
2106,3636,1654,Cash,Pick Up,6
2107,272,1655,Cash,Mail,6.5
2108,272,1655,Cash,Pick Up,6
2109,1695,1656,Debit Card,Mail,6.5
2110,1057,1657,Debit Card,Pick Up,6
2111,1016,1658,Cash,Mail,6.5
2112,674,1659,Credit Card,Mail,6.5
2113,633,1660,Debit Card,Pick Up,6
2114,2576,1661,Credit Card,Mail,6.5
2115,387,1662,Cash,Pick Up,6
2116,387,1662,Credit Card,Pick Up,6
2117,1391,1663,Debit Card,Mail,6.5
2118,1391,1663,Cash,Mail,6.5
2119,2495,1664,Credit Card,Mail,6.5
2120,2104,1665,Credit Card,Mail,6.5
2121,2297,1666,Debit Card,Mail,6.5
2122,2297,1666,Debit Card,Pick Up,6
2123,931,1667,Debit Card,Pick Up,6
2124,2327,1668,Debit Card,Pick Up,6
2125,2197,1669,Debit Card,Pick Up,6
2126,1989,1670,Debit Card,Pick Up,6
2127,4196,1671,Debit Card,Pick Up,6
2128,1286,1672,Debit Card,Mail,6.5
2129,2302,1673,Credit Card,Mail,6.5
2130,2302,1673,Cash,Mail,6.5
2131,1559,1674,Cash,Pick Up,6
2132,1559,1674,Credit Card,Mail,6.5
2133,1674,1675,Cash,Pick Up,6
2134,1844,1676,Credit Card,Pick Up,6
2135,1820,1677,Credit Card,Mail,6.5
2136,1820,1677,Debit Card,Pick Up,6
2137,1790,1678,Cash,Mail,6.5
2138,332,1679,Cash,Pick Up,6
2139,2594,1680,Credit Card,Mail,6.5
2140,522,1681,Credit Card,Mail,6.5
2141,1231,1682,Credit Card,Mail,6.5
2142,2438,1683,Debit Card,Mail,6.5
2143,106,1684,Credit Card,Pick Up,6
2144,106,1684,Debit Card,Mail,6.5
2145,4961,1685,Credit Card,Pick Up,6
2146,4961,1685,Credit Card,Mail,6.5
2147,3928,1686,Credit Card,Pick Up,6
2148,4834,1687,Debit Card,Mail,6.5
2149,2665,1688,Cash,Pick Up,6
2150,2665,1688,Cash,Pick Up,6
2151,3504,1689,Debit Card,Pick Up,6
2152,1078,1690,Credit Card,Pick Up,6
2153,4311,1691,Cash,Mail,6.5
2154,3827,1692,Cash,Mail,6.5
2155,4455,1693,Credit Card,Pick Up,6
2156,4946,1694,Debit Card,Mail,6.5
2157,4110,1695,Cash,Pick Up,6
2158,4110,1695,Debit Card,Pick Up,6
2159,2740,1696,Credit Card,Pick Up,6
2160,2740,1696,Cash,Pick Up,6
2161,3071,1697,Debit Card,Pick Up,6
2162,3215,1698,Credit Card,Pick Up,6
2163,3250,1699,Debit Card,Pick Up,6
2164,3250,1699,Cash,Mail,6.5
2165,3202,1700,Credit Card,Pick Up,6
2166,3551,1701,Credit Card,Pick Up,6
2167,2154,1702,Cash,Pick Up,6
2168,4407,1703,Credit Card,Mail,6.5
2169,3059,1704,Cash,Pick Up,6
2170,3682,1705,Credit Card,Pick Up,6
2171,2626,1706,Credit Card,Pick Up,6
2172,2626,1706,Debit Card,Pick Up,6
2173,4766,1707,Debit Card,Pick Up,6
2174,4766,1707,Cash,Pick Up,6
2175,3988,1708,Credit Card,Pick Up,6
2176,4317,1709,Debit Card,Mail,6.5
2177,3140,1710,Cash,Mail,6.5
2178,3140,1710,Credit Card,Pick Up,6
2179,4714,1711,Debit Card,Mail,6.5
2180,3561,1712,Debit Card,Mail,6.5
2181,2762,1713,Credit Card,Pick Up,6
2182,3066,1714,Cash,Pick Up,6
2183,3920,1715,Cash,Pick Up,6
2184,3984,1716,Credit Card,Pick Up,6
2185,661,1717,Cash,Mail,6.5
2186,661,1717,Cash,Mail,6.5
2187,403,1718,Debit Card,Mail,6.5
2188,403,1718,Cash,Pick Up,6
2189,117,1719,Cash,Mail,6.5
2190,4075,1720,Credit Card,Mail,6.5
2191,1940,1721,Cash,Mail,6.5
2192,1940,1721,Credit Card,Pick Up,6
2193,2795,1722,Debit Card,Mail,6.5
2194,395,1723,Credit Card,Pick Up,6
2195,4212,1724,Debit Card,Pick Up,6
2196,101,1725,Cash,Mail,6.5
2197,1095,1726,Debit Card,Pick Up,6
2198,52,1727,Cash,Mail,6.5
2199,2345,1728,Debit Card,Pick Up,6
2200,2345,1728,Cash,Mail,6.5
2201,2171,1729,Credit Card,Mail,6.5
2202,2171,1729,Credit Card,Pick Up,6
2203,2515,1730,Credit Card,Pick Up,6
2204,76,1731,Debit Card,Pick Up,6
2205,1335,1732,Debit Card,Pick Up,6
2206,1335,1732,Credit Card,Pick Up,6
2207,1459,1733,Credit Card,Mail,6.5
2208,1947,1734,Credit Card,Mail,6.5
2209,1501,1735,Credit Card,Pick Up,6
2210,8,1736,Debit Card,Mail,6.5
2211,2798,1737,Cash,Mail,6.5
2212,1028,1738,Debit Card,Pick Up,6
2213,1828,1739,Credit Card,Pick Up,6
2214,1828,1739,Cash,Mail,6.5
2215,1433,1740,Credit Card,Mail,6.5
2216,1433,1740,Debit Card,Pick Up,6
2217,806,1741,Credit Card,Mail,6.5
2218,2027,1742,Debit Card,Mail,6.5
2219,345,1743,Debit Card,Mail,6.5
2220,345,1743,Cash,Mail,6.5
2221,835,1744,Credit Card,Mail,6.5
2222,1938,1745,Credit Card,Mail,6.5
2223,564,1746,Cash,Pick Up,6
2224,2022,1747,Debit Card,Mail,6.5
2225,2549,1748,Debit Card,Pick Up,6
2226,1960,1749,Debit Card,Pick Up,6
2227,3973,1750,Cash,Pick Up,6
2228,3973,1750,Cash,Mail,6.5
2229,3171,1751,Cash,Pick Up,6
2230,3171,1751,Debit Card,Pick Up,6
2231,4169,1752,Debit Card,Mail,6.5
2232,4986,1753,Cash,Mail,6.5
2233,3487,1754,Cash,Pick Up,6
2234,3487,1754,Debit Card,Pick Up,6
2235,4406,1755,Credit Card,Mail,6.5
2236,4902,1756,Debit Card,Pick Up,6
2237,3194,1757,Cash,Pick Up,6
2238,3221,1758,Cash,Pick Up,6
2239,4521,1759,Debit Card,Mail,6.5
2240,3529,1760,Debit Card,Pick Up,6
2241,4433,1761,Cash,Mail,6.5
2242,4433,1761,Debit Card,Pick Up,6
2243,4961,1762,Cash,Mail,6.5
2244,4961,1762,Credit Card,Pick Up,6
2245,3701,1763,Credit Card,Mail,6.5
2246,4971,1764,Cash,Pick Up,6
2247,4541,1765,Debit Card,Pick Up,6
2248,4541,1765,Debit Card,Pick Up,6
2249,4222,1766,Credit Card,Mail,6.5
2250,3262,1767,Cash,Pick Up,6
2251,4602,1768,Debit Card,Pick Up,6
2252,4642,1769,Cash,Pick Up,6
2253,4688,1770,Debit Card,Mail,6.5
2254,3205,1771,Credit Card,Pick Up,6
2255,3952,1772,Credit Card,Mail,6.5
2256,3952,1772,Debit Card,Pick Up,6
2257,2750,1773,Cash,Pick Up,6
2258,2750,1773,Debit Card,Pick Up,6
2259,4316,1774,Credit Card,Pick Up,6
2260,3643,1775,Credit Card,Mail,6.5
2261,3866,1776,Credit Card,Mail,6.5
2262,3866,1776,Credit Card,Pick Up,6
2263,3470,1777,Credit Card,Mail,6.5
2264,4234,1778,Debit Card,Mail,6.5
2265,2116,1779,Debit Card,Pick Up,6
2266,4485,1780,Cash,Mail,6.5
2267,3894,1781,Debit Card,Mail,6.5
2268,4622,1782,Cash,Pick Up,6
2269,1599,1783,Credit Card,Mail,6.5
2270,1599,1783,Debit Card,Pick Up,6
2271,935,1784,Credit Card,Mail,6.5
2272,935,1784,Credit Card,Pick Up,6
2273,551,1785,Cash,Pick Up,6
2274,1630,1786,Credit Card,Mail,6.5
2275,1690,1787,Credit Card,Mail,6.5
2276,1690,1787,Debit Card,Mail,6.5
2277,1359,1788,Debit Card,Mail,6.5
2278,502,1789,Debit Card,Mail,6.5
2279,4090,1790,Cash,Mail,6.5
2280,1724,1791,Cash,Mail,6.5
2281,373,1792,Credit Card,Mail,6.5
2282,1579,1793,Debit Card,Mail,6.5
2283,1836,1794,Cash,Pick Up,6
2284,1836,1794,Cash,Mail,6.5
2285,1114,1795,Credit Card,Pick Up,6
2286,1114,1795,Debit Card,Mail,6.5
2287,1464,1796,Debit Card,Pick Up,6
2288,979,1797,Debit Card,Pick Up,6
2289,615,1798,Debit Card,Mail,6.5
2290,615,1798,Cash,Mail,6.5
2291,2042,1799,Credit Card,Mail,6.5
2292,622,1800,Debit Card,Mail,6.5
2293,2216,1801,Debit Card,Pick Up,6
2294,2328,1802,Credit Card,Pick Up,6
2295,1080,1803,Cash,Pick Up,6
2296,138,1804,Debit Card,Pick Up,6
2297,253,1805,Cash,Pick Up,6
2298,253,1805,Cash,Pick Up,6
2299,4625,1806,Debit Card,Mail,6.5
2300,4625,1806,Credit Card,Pick Up,6
2301,254,1807,Credit Card,Pick Up,6
2302,55,1808,Credit Card,Pick Up,6
2303,3668,1809,Cash,Pick Up,6
2304,3668,1809,Credit Card,Pick Up,6
2305,1899,1810,Cash,Pick Up,6
2306,1471,1811,Cash,Mail,6.5
2307,1377,1812,Cash,Mail,6.5
2308,1082,1813,Credit Card,Mail,6.5
2309,590,1814,Debit Card,Pick Up,6
2310,1931,1815,Debit Card,Mail,6.5
2311,3663,1816,Credit Card,Pick Up,6
2312,3663,1816,Credit Card,Pick Up,6
2313,3009,1817,Debit Card,Mail,6.5
2314,3009,1817,Debit Card,Mail,6.5
2315,1356,1818,Credit Card,Mail,6.5
2316,3749,1819,Credit Card,Pick Up,6
2317,508,1820,Cash,Pick Up,6
2318,508,1820,Debit Card,Mail,6.5
2319,4585,1821,Credit Card,Pick Up,6
2320,2920,1822,Debit Card,Mail,6.5
2321,2449,1823,Cash,Pick Up,6
2322,4031,1824,Debit Card,Mail,6.5
2323,4114,1825,Cash,Mail,6.5
2324,4031,1826,Credit Card,Mail,6.5
2325,3456,1827,Debit Card,Pick Up,6
2326,3456,1827,Cash,Pick Up,6
2327,4525,1828,Debit Card,Pick Up,6
2328,4525,1828,Credit Card,Pick Up,6
2329,4171,1829,Cash,Pick Up,6
2330,2658,1830,Debit Card,Pick Up,6
2331,4350,1831,Debit Card,Mail,6.5
2332,4350,1831,Credit Card,Pick Up,6
2333,3791,1832,Debit Card,Pick Up,6
2334,3239,1833,Debit Card,Mail,6.5
2335,377,1834,Credit Card,Mail,6.5
2336,2701,1835,Credit Card,Pick Up,6
2337,4372,1836,Credit Card,Pick Up,6
2338,3703,1837,Cash,Pick Up,6
2339,4596,1838,Credit Card,Mail,6.5
2340,4596,1838,Credit Card,Pick Up,6
2341,4046,1839,Credit Card,Mail,6.5
2342,4046,1839,Credit Card,Pick Up,6
2343,3103,1840,Debit Card,Mail,6.5
2344,4831,1841,Credit Card,Mail,6.5
2345,4193,1842,Cash,Pick Up,6
2346,4193,1842,Cash,Pick Up,6
2347,4920,1843,Credit Card,Pick Up,6
2348,3335,1844,Credit Card,Mail,6.5
2349,4735,1845,Credit Card,Pick Up,6
2350,4023,1846,Debit Card,Mail,6.5
2351,3447,1847,Debit Card,Mail,6.5
2352,4909,1848,Debit Card,Pick Up,6
2353,3092,1849,Cash,Mail,6.5
2354,3092,1849,Cash,Pick Up,6
2355,1410,1850,Debit Card,Mail,6.5
2356,1410,1850,Cash,Pick Up,6
2357,131,1851,Debit Card,Pick Up,6
2358,488,1852,Credit Card,Mail,6.5
2359,524,1853,Cash,Pick Up,6
2360,524,1853,Credit Card,Mail,6.5
2361,2451,1854,Cash,Mail,6.5
2362,2185,1855,Cash,Pick Up,6
2363,759,1856,Debit Card,Mail,6.5
2364,1180,1857,Credit Card,Mail,6.5
2365,1115,1858,Debit Card,Pick Up,6
2366,1831,1859,Debit Card,Pick Up,6
2367,1562,1860,Debit Card,Mail,6.5
2368,1562,1860,Credit Card,Mail,6.5
2369,1616,1861,Credit Card,Mail,6.5
2370,1616,1861,Credit Card,Pick Up,6
2371,2383,1862,Cash,Mail,6.5
2372,1851,1863,Debit Card,Pick Up,6
2373,1378,1864,Cash,Pick Up,6
2374,1378,1864,Credit Card,Mail,6.5
2375,1258,1865,Credit Card,Mail,6.5
2376,842,1866,Credit Card,Pick Up,6
2377,1443,1867,Credit Card,Mail,6.5
2378,1358,1868,Cash,Pick Up,6
2379,506,1869,Cash,Pick Up,6
2380,1479,1870,Cash,Mail,6.5
2381,1980,1871,Credit Card,Mail,6.5
2382,1980,1871,Credit Card,Pick Up,6
2383,1521,1872,Cash,Mail,6.5
2384,1521,1872,Cash,Pick Up,6
2385,2083,1873,Cash,Mail,6.5
2386,2531,1874,Credit Card,Pick Up,6
2387,758,1875,Credit Card,Pick Up,6
2388,758,1875,Credit Card,Pick Up,6
2389,2493,1876,Cash,Pick Up,6
2390,975,1877,Debit Card,Pick Up,6
2391,648,1878,Cash,Pick Up,6
2392,908,1879,Debit Card,Pick Up,6
2393,588,1880,Credit Card,Pick Up,6
2394,585,1881,Debit Card,Mail,6.5
2395,4503,1882,Credit Card,Mail,6.5
2396,4503,1882,Debit Card,Mail,6.5
2397,4933,1883,Credit Card,Pick Up,6
2398,4933,1883,Debit Card,Pick Up,6
2399,4792,1884,Debit Card,Mail,6.5
2400,4056,1885,Debit Card,Pick Up,6
2401,4039,1886,Credit Card,Mail,6.5
2402,4039,1886,Debit Card,Pick Up,6
2403,1845,1887,Credit Card,Mail,6.5
2404,2299,1888,Credit Card,Mail,6.5
2405,1695,1889,Credit Card,Mail,6.5
2406,3519,1890,Cash,Pick Up,6
2407,3809,1891,Credit Card,Mail,6.5
2408,3920,1892,Cash,Mail,6.5
2409,4760,1893,Cash,Mail,6.5
2410,4760,1893,Cash,Pick Up,6
2411,4608,1894,Credit Card,Pick Up,6
2412,4608,1894,Credit Card,Pick Up,6
2413,3597,1895,Credit Card,Pick Up,6
2414,3542,1896,Cash,Mail,6.5
2415,4604,1897,Credit Card,Pick Up,6
2416,4604,1897,Debit Card,Pick Up,6
2417,2765,1898,Credit Card,Mail,6.5
2418,4417,1899,Credit Card,Mail,6.5
2419,4174,1900,Cash,Pick Up,6
2420,4287,1901,Credit Card,Pick Up,6
2421,4646,1902,Credit Card,Mail,6.5
2422,2720,1903,Credit Card,Pick Up,6
2423,4890,1904,Credit Card,Pick Up,6
2424,4890,1904,Debit Card,Mail,6.5
2425,4202,1905,Credit Card,Mail,6.5
2426,4202,1905,Cash,Pick Up,6
2427,1514,1906,Debit Card,Mail,6.5
2428,4547,1907,Cash,Pick Up,6
2429,2962,1908,Debit Card,Pick Up,6
2430,2962,1908,Credit Card,Pick Up,6
2431,3244,1909,Debit Card,Mail,6.5
2432,1595,1910,Cash,Mail,6.5
2433,4203,1911,Debit Card,Pick Up,6
2434,3435,1912,Debit Card,Mail,6.5
2435,4617,1913,Debit Card,Mail,6.5
2436,4640,1914,Debit Card,Mail,6.5
2437,1164,1915,Debit Card,Mail,6.5
2438,1164,1915,Credit Card,Pick Up,6
2439,536,1916,Cash,Pick Up,6
2440,536,1916,Debit Card,Pick Up,6
2441,1565,1917,Cash,Mail,6.5
2442,1527,1918,Credit Card,Pick Up,6
2443,2161,1919,Credit Card,Mail,6.5
2444,2161,1919,Debit Card,Pick Up,6
2445,614,1920,Cash,Pick Up,6
2446,2478,1921,Credit Card,Mail,6.5
2447,2898,1922,Debit Card,Pick Up,6
2448,1292,1923,Cash,Mail,6.5
2449,1247,1924,Debit Card,Pick Up,6
2450,4461,1925,Cash,Pick Up,6
2451,2061,1926,Cash,Mail,6.5
2452,2061,1926,Credit Card,Pick Up,6
2453,2285,1927,Debit Card,Mail,6.5
2454,2285,1927,Debit Card,Pick Up,6
2455,1288,1928,Debit Card,Pick Up,6
2456,1543,1929,Credit Card,Mail,6.5
2457,3357,1930,Credit Card,Mail,6.5
2458,3357,1930,Credit Card,Mail,6.5
2459,1278,1931,Cash,Pick Up,6
2460,1493,1932,Cash,Mail,6.5
2461,2449,1933,Cash,Pick Up,6
2462,1004,1934,Cash,Mail,6.5
2463,120,1935,Credit Card,Pick Up,6
2464,570,1936,Credit Card,Mail,6.5
2465,2091,1937,Cash,Mail,6.5
2466,2091,1937,Credit Card,Pick Up,6
2467,522,1938,Debit Card,Mail,6.5
2468,522,1938,Credit Card,Mail,6.5
2469,1196,1939,Cash,Mail,6.5
2470,2047,1940,Debit Card,Mail,6.5
2471,2062,1941,Cash,Mail,6.5
2472,2062,1941,Cash,Pick Up,6
2473,544,1942,Cash,Pick Up,6
2474,640,1943,Cash,Mail,6.5
2475,1061,1944,Cash,Pick Up,6
2476,1069,1945,Debit Card,Mail,6.5
2477,2164,1946,Cash,Mail,6.5
2478,1773,1947,Debit Card,Pick Up,6
2479,4191,1948,Debit Card,Mail,6.5
2480,4191,1948,Credit Card,Pick Up,6
2481,4868,1949,Debit Card,Mail,6.5
2482,4868,1949,Credit Card,Mail,6.5
2483,3596,1950,Credit Card,Pick Up,6
2484,3892,1951,Credit Card,Pick Up,6
2485,4146,1952,Credit Card,Pick Up,6
2486,4146,1952,Cash,Pick Up,6
2487,4521,1953,Cash,Mail,6.5
2488,3719,1954,Credit Card,Mail,6.5
2489,3338,1955,Debit Card,Mail,6.5
2490,3299,1956,Cash,Pick Up,6
2491,502,1957,Debit Card,Mail,6.5
2492,3886,1958,Debit Card,Mail,6.5
2493,3339,1959,Debit Card,Mail,6.5
2494,3339,1959,Credit Card,Mail,6.5
2495,2607,1960,Cash,Mail,6.5
2496,2607,1960,Debit Card,Pick Up,6
2497,1294,1961,Debit Card,Mail,6.5
2498,3040,1962,Debit Card,Pick Up,6
2499,3771,1963,Debit Card,Pick Up,6
2500,3771,1963,Cash,Pick Up,6
2501,3252,1964,Cash,Mail,6.5
2502,4902,1965,Cash,Mail,6.5
2503,3059,1966,Credit Card,Mail,6.5
2504,3952,1967,Cash,Mail,6.5
2505,4545,1968,Debit Card,Pick Up,6
2506,4687,1969,Debit Card,Pick Up,6
2507,2776,1970,Cash,Pick Up,6
2508,2776,1970,Credit Card,Mail,6.5
2509,3948,1971,Credit Card,Pick Up,6
2510,3948,1971,Debit Card,Pick Up,6
2511,2806,1972,Cash,Pick Up,6
2512,4702,1973,Debit Card,Pick Up,6
2513,4416,1974,Debit Card,Mail,6.5
2514,4416,1974,Credit Card,Mail,6.5
2515,1586,1975,Credit Card,Pick Up,6
2516,4062,1976,Debit Card,Mail,6.5
2517,4773,1977,Credit Card,Pick Up,6
2518,4760,1978,Debit Card,Mail,6.5
2519,3171,1979,Credit Card,Mail,6.5
2520,3279,1980,Credit Card,Pick Up,6
2521,4421,1981,Credit Card,Mail,6.5
2522,4421,1981,Debit Card,Mail,6.5
2523,430,1982,Credit Card,Mail,6.5
2524,430,1982,Credit Card,Pick Up,6
2525,420,1983,Debit Card,Pick Up,6
2526,2269,1984,Cash,Pick Up,6
2527,845,1985,Credit Card,Mail,6.5
2528,845,1985,Cash,Mail,6.5
2529,2141,1986,Debit Card,Mail,6.5
2530,410,1987,Cash,Pick Up,6
2531,1049,1988,Credit Card,Pick Up,6
2532,1376,1989,Debit Card,Pick Up,6
2533,157,1990,Cash,Mail,6.5
2534,2045,1991,Cash,Pick Up,6
2535,2425,1992,Credit Card,Pick Up,6
2536,2425,1992,Debit Card,Pick Up,6
2537,1011,1993,Cash,Mail,6.5
2538,1011,1993,Cash,Mail,6.5
2539,2855,1994,Credit Card,Pick Up,6
2540,1192,1995,Cash,Mail,6.5
2541,2454,1996,Debit Card,Pick Up,6
2542,2454,1996,Cash,Pick Up,6
2543,481,1997,Credit Card,Mail,6.5
2544,2366,1998,Credit Card,Pick Up,6
2545,902,1999,Cash,Pick Up,6
2546,1452,2000,Debit Card,Pick Up,6
2547,2376,2001,Cash,Mail,6.5
2548,228,2002,Debit Card,Pick Up,6
2549,2161,2003,Cash,Pick Up,6
2550,2161,2003,Credit Card,Pick Up,6
2551,599,2004,Cash,Pick Up,6
2552,599,2004,Credit Card,Mail,6.5
2553,1454,2005,Credit Card,Mail,6.5
2554,1381,2006,Debit Card,Mail,6.5
2555,3561,2007,Debit Card,Pick Up,6
2556,3561,2007,Credit Card,Mail,6.5
2557,855,2008,Cash,Mail,6.5
2558,588,2009,Credit Card,Mail,6.5
2559,1983,2010,Credit Card,Mail,6.5
2560,1008,2011,Credit Card,Mail,6.5
2561,1604,2012,Cash,Pick Up,6
2562,1313,2013,Debit Card,Mail,6.5
2563,899,2014,Debit Card,Pick Up,6
2564,899,2014,Debit Card,Pick Up,6
2565,3656,2015,Debit Card,Mail,6.5
2566,3656,2015,Debit Card,Pick Up,6
2567,867,2016,Debit Card,Mail,6.5
2568,3244,2017,Debit Card,Mail,6.5
2569,2888,2018,Debit Card,Mail,6.5
2570,2888,2018,Cash,Mail,6.5
2571,4910,2019,Debit Card,Mail,6.5
2572,2956,2020,Credit Card,Pick Up,6
2573,3510,2021,Debit Card,Mail,6.5
2574,3412,2022,Debit Card,Pick Up,6
2575,4523,2023,Cash,Mail,6.5
2576,4734,2024,Credit Card,Mail,6.5
2577,38,2025,Debit Card,Mail,6.5
2578,38,2025,Debit Card,Pick Up,6
2579,4828,2026,Cash,Pick Up,6
2580,4828,2026,Debit Card,Mail,6.5
2581,3392,2027,Credit Card,Mail,6.5
2582,3517,2028,Credit Card,Mail,6.5
2583,4335,2029,Cash,Mail,6.5
2584,4335,2029,Cash,Mail,6.5
2585,3866,2030,Debit Card,Pick Up,6
2586,3071,2031,Debit Card,Pick Up,6
2587,4566,2032,Cash,Mail,6.5
2588,4599,2033,Cash,Mail,6.5
2589,4907,2034,Cash,Pick Up,6
2590,2629,2035,Debit Card,Mail,6.5
2591,3230,2036,Debit Card,Mail,6.5
2592,3230,2036,Cash,Pick Up,6
1002,3418,786,Cash,Pick Up,6
1003,2824,787,Credit Card,Pick Up,6
1004,3034,788,Cash,Pick Up,6
1005,3513,789,Cash,Mail,6.5
1006,3256,790,Debit Card,Pick Up,6
1007,3090,791,Debit Card,Pick Up,6
1008,2921,792,Credit Card,Pick Up,6
1009,1872,793,Cash,Pick Up,6
1010,1872,793,Credit Card,Pick Up,6
1011,2297,794,Cash,Mail,6.5
1012,2297,794,Cash,Mail,6.5
1013,571,795,Credit Card,Mail,6.5
1014,1556,796,Credit Card,Mail,6.5
1015,427,797,Cash,Pick Up,6
1016,427,797,Debit Card,Pick Up,6
1017,2312,798,Credit Card,Pick Up,6
1018,1722,799,Cash,Mail,6.5
1019,2330,800,Debit Card,Pick Up,6
1020,3837,801,Credit Card,Mail,6.5
1021,878,802,Debit Card,Pick Up,6
1022,797,803,Credit Card,Pick Up,6
1023,1239,804,Debit Card,Pick Up,6
1024,1239,804,Cash,Pick Up,6
1025,1050,805,Cash,Pick Up,6
1026,1050,805,Credit Card,Pick Up,6
1027,2551,806,Credit Card,Mail,6.5
1028,401,807,Debit Card,Pick Up,6
1029,2517,808,Cash,Mail,6.5
1030,2517,808,Debit Card,Mail,6.5
1031,1528,809,Credit Card,Mail,6.5
1032,1427,810,Credit Card,Pick Up,6
1033,1258,811,Cash,Mail,6.5
1034,2011,812,Credit Card,Pick Up,6
1035,283,813,Debit Card,Mail,6.5
1036,2085,814,Credit Card,Pick Up,6
1037,2220,815,Cash,Mail,6.5
1038,2220,815,Debit Card,Pick Up,6
1039,4305,816,Debit Card,Pick Up,6
1040,4305,816,Cash,Mail,6.5
1041,3091,817,Cash,Mail,6.5
1042,3537,818,Debit Card,Mail,6.5
1043,2811,819,Cash,Mail,6.5
1044,2811,819,Credit Card,Mail,6.5
1045,1454,820,Credit Card,Pick Up,6
1046,2167,821,Debit Card,Pick Up,6
1047,536,822,Cash,Mail,6.5
1048,492,823,Cash,Pick Up,6
1049,2273,824,Cash,Pick Up,6
1050,2874,825,Credit Card,Pick Up,6
1051,4025,826,Credit Card,Mail,6.5
1052,4025,826,Cash,Mail,6.5
1053,3213,827,Credit Card,Pick Up,6
1054,3213,827,Cash,Mail,6.5
1055,4269,828,Cash,Mail,6.5
1056,967,829,Cash,Mail,6.5
1057,2666,830,Credit Card,Mail,6.5
1058,2666,830,Debit Card,Pick Up,6
1059,3162,831,Credit Card,Pick Up,6
1060,4963,832,Debit Card,Mail,6.5
1061,4732,833,Cash,Mail,6.5
1062,3098,834,Cash,Pick Up,6
1063,4296,835,Debit Card,Mail,6.5
1064,3513,836,Debit Card,Mail,6.5
1065,4468,837,Debit Card,Pick Up,6
1066,4468,837,Debit Card,Pick Up,6
1067,504,838,Cash,Mail,6.5
1068,504,838,Cash,Mail,6.5
1069,2575,839,Cash,Mail,6.5
1070,4357,840,Credit Card,Mail,6.5
1071,4079,841,Credit Card,Mail,6.5
1072,4079,841,Cash,Mail,6.5
1073,3716,842,Credit Card,Mail,6.5
1074,3564,843,Debit Card,Pick Up,6
1075,4597,844,Credit Card,Pick Up,6
1076,4294,845,Debit Card,Pick Up,6
1077,2818,846,Credit Card,Pick Up,6
1078,4317,847,Cash,Mail,6.5
1079,4095,848,Cash,Pick Up,6
1080,4095,848,Debit Card,Pick Up,6
1081,3053,849,Cash,Mail,6.5
1082,3053,849,Cash,Pick Up,6
1083,2852,850,Cash,Pick Up,6
1084,2797,851,Credit Card,Mail,6.5
1085,3638,852,Debit Card,Mail,6.5
1086,3638,852,Credit Card,Pick Up,6
1087,4881,853,Debit Card,Pick Up,6
1088,4539,854,Cash,Mail,6.5
1089,4709,855,Debit Card,Pick Up,6
1090,4326,856,Cash,Pick Up,6
1091,4751,857,Cash,Mail,6.5
1092,3966,858,Debit Card,Mail,6.5
1093,4753,859,Credit Card,Pick Up,6
1094,4753,859,Credit Card,Mail,6.5
1095,1759,860,Cash,Pick Up,6
1096,1759,860,Credit Card,Pick Up,6
1097,33,861,Debit Card,Mail,6.5
1098,1076,862,Debit Card,Pick Up,6
1099,855,863,Cash,Pick Up,6
1100,855,863,Credit Card,Pick Up,6
1101,2286,864,Credit Card,Pick Up,6
1102,3243,865,Debit Card,Mail,6.5
1103,1076,866,Debit Card,Mail,6.5
1104,1974,867,Debit Card,Pick Up,6
1105,1878,868,Debit Card,Mail,6.5
1106,311,869,Debit Card,Pick Up,6
1107,1086,870,Debit Card,Pick Up,6
1108,1086,870,Cash,Pick Up,6
1109,1221,871,Cash,Pick Up,6
1110,1221,871,Cash,Pick Up,6
1111,663,872,Credit Card,Mail,6.5
1112,1899,873,Cash,Pick Up,6
1113,2499,874,Cash,Pick Up,6
1114,2499,874,Debit Card,Mail,6.5
1115,1813,875,Credit Card,Pick Up,6
1116,2076,876,Credit Card,Mail,6.5
1117,1354,877,Cash,Mail,6.5
1118,230,878,Cash,Pick Up,6
1119,2236,879,Debit Card,Mail,6.5
1120,1046,880,Credit Card,Pick Up,6
1121,2278,881,Credit Card,Pick Up,6
1122,2278,881,Credit Card,Pick Up,6
1123,98,882,Cash,Pick Up,6
1124,98,882,Credit Card,Pick Up,6
1125,560,883,Credit Card,Pick Up,6
1126,738,884,Debit Card,Pick Up,6
1127,1700,885,Cash,Pick Up,6
1128,1700,885,Credit Card,Mail,6.5
1129,853,886,Credit Card,Mail,6.5
1130,108,887,Credit Card,Pick Up,6
1131,501,888,Cash,Pick Up,6
1132,760,889,Debit Card,Pick Up,6
1133,2407,890,Credit Card,Pick Up,6
1134,570,891,Debit Card,Mail,6.5
1135,4354,892,Credit Card,Mail,6.5
1136,4354,892,Credit Card,Pick Up,6
1137,4556,893,Cash,Pick Up,6
1138,4556,893,Credit Card,Pick Up,6
1139,2624,894,Credit Card,Pick Up,6
1140,4681,895,Debit Card,Mail,6.5
1141,119,896,Credit Card,Mail,6.5
1142,119,896,Debit Card,Mail,6.5
1143,4776,897,Debit Card,Pick Up,6
1144,3823,898,Debit Card,Pick Up,6
1145,2901,899,Debit Card,Mail,6.5
1146,4898,900,Debit Card,Mail,6.5
1147,4251,901,Debit Card,Mail,6.5
1148,3736,902,Cash,Mail,6.5
1149,4556,903,Debit Card,Mail,6.5
1150,4556,903,Credit Card,Pick Up,6
1151,4825,904,Cash,Pick Up,6
1152,4825,904,Credit Card,Mail,6.5
1153,4834,905,Credit Card,Mail,6.5
1154,2537,906,Credit Card,Pick Up,6
1155,1638,907,Debit Card,Mail,6.5
1156,1638,907,Cash,Pick Up,6
1157,3219,908,Credit Card,Pick Up,6
1158,3345,909,Cash,Pick Up,6
1159,2932,910,Credit Card,Pick Up,6
1160,3774,911,Credit Card,Pick Up,6
1161,501,912,Credit Card,Mail,6.5
1162,3655,913,Cash,Pick Up,6
1163,4573,914,Credit Card,Pick Up,6
1164,4573,914,Cash,Mail,6.5
1165,2958,915,Cash,Mail,6.5
1166,2958,915,Debit Card,Pick Up,6
1167,4595,916,Cash,Mail,6.5
1168,3060,917,Debit Card,Mail,6.5
1169,1178,918,Cash,Pick Up,6
1170,1178,918,Cash,Pick Up,6
1171,3311,919,Credit Card,Mail,6.5
1172,3080,920,Credit Card,Mail,6.5
1173,3040,921,Credit Card,Pick Up,6
1174,1073,922,Credit Card,Mail,6.5
1175,863,923,Debit Card,Mail,6.5
1176,3325,924,Cash,Pick Up,6
1177,802,925,Cash,Mail,6.5
1178,802,925,Credit Card,Pick Up,6
1179,1953,926,Credit Card,Pick Up,6
1180,1953,926,Debit Card,Pick Up,6
1181,940,927,Debit Card,Mail,6.5
1182,194,928,Debit Card,Pick Up,6
1183,1685,929,Credit Card,Pick Up,6
1184,1685,929,Debit Card,Mail,6.5
1185,1610,930,Credit Card,Mail,6.5
1186,714,931,Credit Card,Mail,6.5
1187,1050,932,Credit Card,Mail,6.5
1188,70,933,Cash,Pick Up,6
1189,1330,934,Credit Card,Pick Up,6
1190,4823,935,Debit Card,Mail,6.5
1191,490,936,Debit Card,Mail,6.5
1192,490,936,Cash,Pick Up,6
1193,1341,937,Debit Card,Pick Up,6
1194,1341,937,Credit Card,Mail,6.5
1195,2149,938,Credit Card,Mail,6.5
1196,1141,939,Debit Card,Pick Up,6
1197,1545,940,Cash,Mail,6.5
1198,1545,940,Cash,Pick Up,6
1199,985,941,Cash,Mail,6.5
1200,2074,942,Credit Card,Mail,6.5
1201,2043,943,Cash,Pick Up,6
1202,52,944,Debit Card,Pick Up,6
1203,1618,945,Debit Card,Pick Up,6
1204,217,946,Credit Card,Pick Up,6
1205,824,947,Credit Card,Pick Up,6
1206,824,947,Credit Card,Pick Up,6
1207,200,948,Debit Card,Pick Up,6
1208,200,948,Debit Card,Mail,6.5
1209,2269,949,Debit Card,Mail,6.5
1210,1830,950,Credit Card,Mail,6.5
1211,1511,951,Debit Card,Pick Up,6
1212,1511,951,Cash,Pick Up,6
1213,2348,952,Credit Card,Mail,6.5
1214,4743,953,Debit Card,Pick Up,6
1215,1979,954,Cash,Pick Up,6
1216,4829,955,Cash,Pick Up,6
1217,642,956,Debit Card,Mail,6.5
1218,2488,957,Cash,Mail,6.5
1219,3355,958,Cash,Pick Up,6
1220,3355,958,Debit Card,Mail,6.5
1221,4607,959,Debit Card,Pick Up,6
1222,4607,959,Debit Card,Pick Up,6
1223,4188,960,Cash,Pick Up,6
1224,4444,961,Credit Card,Pick Up,6
1225,3538,962,Debit Card,Pick Up,6
1226,3538,962,Cash,Mail,6.5
1227,4840,963,Credit Card,Pick Up,6
1228,3532,964,Credit Card,Mail,6.5
1229,4034,965,Cash,Mail,6.5
1230,4780,966,Debit Card,Pick Up,6
1231,3232,967,Debit Card,Pick Up,6
1232,2775,968,Debit Card,Mail,6.5
1233,4536,969,Cash,Mail,6.5
1234,4536,969,Cash,Mail,6.5
1235,4888,970,Credit Card,Pick Up,6
1236,4888,970,Cash,Pick Up,6
1237,2984,971,Credit Card,Pick Up,6
1238,3963,972,Cash,Mail,6.5
1239,4230,973,Cash,Pick Up,6
1240,4230,973,Cash,Pick Up,6
1241,4149,974,Cash,Mail,6.5
1242,4161,975,Credit Card,Pick Up,6
1243,3678,976,Credit Card,Mail,6.5
1244,3494,977,Cash,Pick Up,6
1245,3975,978,Debit Card,Mail,6.5
1246,4865,979,Debit Card,Pick Up,6
1247,3038,980,Cash,Pick Up,6
1248,3038,980,Credit Card,Pick Up,6
1249,3061,981,Cash,Pick Up,6
1250,3061,981,Cash,Mail,6.5
1251,3627,982,Debit Card,Pick Up,6
1252,3678,983,Credit Card,Mail,6.5
1253,4840,984,Credit Card,Mail,6.5
1254,4840,984,Cash,Pick Up,6
1255,2844,985,Credit Card,Mail,6.5
1256,2272,986,Cash,Mail,6.5
1257,3763,987,Credit Card,Pick Up,6
1258,3572,988,Debit Card,Pick Up,6
1259,1408,989,Credit Card,Pick Up,6
1260,4333,990,Credit Card,Mail,6.5
1261,685,991,Cash,Pick Up,6
1262,685,991,Credit Card,Mail,6.5
1263,222,992,Debit Card,Pick Up,6
1264,222,992,Cash,Pick Up,6
1265,1648,993,Debit Card,Mail,6.5
1266,786,994,Cash,Mail,6.5
1267,1554,995,Cash,Mail,6.5
1268,1554,995,Credit Card,Pick Up,6
1269,2091,996,Cash,Mail,6.5
1270,2535,997,Credit Card,Mail,6.5
1271,556,998,Credit Card,Pick Up,6
1272,583,999,Cash,Pick Up,6
1273,232,1000,Credit Card,Pick Up,6
1274,431,1001,Debit Card,Mail,6.5
1275,768,1002,Cash,Pick Up,6
1276,768,1002,Debit Card,Pick Up,6
1277,305,1003,Cash,Mail,6.5
1278,305,1003,Debit Card,Pick Up,6
1279,1675,1004,Cash,Mail,6.5
1280,516,1005,Debit Card,Pick Up,6
1281,969,1006,Cash,Pick Up,6
1282,969,1006,Cash,Mail,6.5
1283,906,1007,Credit Card,Mail,6.5
1284,1482,1008,Debit Card,Mail,6.5
1285,799,1009,Credit Card,Mail,6.5
1286,1294,1010,Credit Card,Mail,6.5
1287,1090,1011,Credit Card,Pick Up,6
1288,111,1012,Debit Card,Mail,6.5
1289,168,1013,Cash,Pick Up,6
1290,168,1013,Debit Card,Mail,6.5
1291,1939,1014,Cash,Pick Up,6
1292,1939,1014,Credit Card,Mail,6.5
1293,2296,1015,Cash,Mail,6.5
1294,1074,1016,Credit Card,Mail,6.5
1295,50,1017,Credit Card,Pick Up,6
1296,50,1017,Credit Card,Pick Up,6
1297,543,1018,Cash,Mail,6.5
1298,4646,1019,Credit Card,Pick Up,6
1299,566,1020,Debit Card,Pick Up,6
1300,611,1021,Credit Card,Pick Up,6
1301,2046,1022,Debit Card,Pick Up,6
1302,594,1023,Credit Card,Mail,6.5
1303,2433,1024,Debit Card,Pick Up,6
1304,2433,1024,Credit Card,Mail,6.5
1305,4057,1025,Cash,Mail,6.5
1306,4057,1025,Credit Card,Pick Up,6
1307,1989,1026,Credit Card,Pick Up,6
1308,2921,1027,Cash,Pick Up,6
1309,4286,1028,Cash,Pick Up,6
1310,4286,1028,Cash,Pick Up,6
1311,3123,1029,Credit Card,Mail,6.5
1312,3022,1030,Debit Card,Pick Up,6
1313,4270,1031,Credit Card,Mail,6.5
1314,4177,1032,Cash,Mail,6.5
1315,4267,1033,Credit Card,Pick Up,6
1316,4040,1034,Debit Card,Pick Up,6
1317,4940,1035,Cash,Mail,6.5
1318,4940,1035,Debit Card,Mail,6.5
1319,4001,1036,Credit Card,Pick Up,6
1320,4001,1036,Cash,Pick Up,6
1321,577,1037,Debit Card,Pick Up,6
1322,2740,1038,Cash,Pick Up,6
1323,3246,1039,Cash,Mail,6.5
1324,3246,1039,Cash,Mail,6.5
1325,3414,1040,Credit Card,Pick Up,6
1326,3456,1041,Debit Card,Pick Up,6
1327,3114,1042,Debit Card,Mail,6.5
1328,3185,1043,Debit Card,Pick Up,6
1329,4156,1044,Debit Card,Pick Up,6
1330,2663,1045,Credit Card,Pick Up,6
1331,811,1046,Debit Card,Pick Up,6
1332,811,1046,Cash,Pick Up,6
1333,2873,1047,Cash,Pick Up,6
1334,2873,1047,Debit Card,Pick Up,6
1335,1588,1048,Credit Card,Pick Up,6
1336,4151,1049,Credit Card,Mail,6.5
1337,4892,1050,Cash,Pick Up,6
1338,4892,1050,Credit Card,Pick Up,6
1339,3625,1051,Credit Card,Pick Up,6
1340,3163,1052,Cash,Mail,6.5
1341,4377,1053,Debit Card,Pick Up,6
1342,3236,1054,Credit Card,Pick Up,6
1343,4625,1055,Debit Card,Mail,6.5
1344,4068,1056,Debit Card,Pick Up,6
1345,2576,1057,Cash,Pick Up,6
1346,2576,1057,Cash,Mail,6.5
1347,344,1058,Debit Card,Pick Up,6
1348,344,1058,Credit Card,Pick Up,6
1349,2052,1059,Debit Card,Pick Up,6
1350,172,1060,Cash,Mail,6.5
1351,1260,1061,Credit Card,Pick Up,6
1352,1260,1061,Cash,Pick Up,6
1353,14,1062,Cash,Pick Up,6
1354,260,1063,Cash,Pick Up,6
1355,1996,1064,Credit Card,Pick Up,6
1356,1206,1065,Credit Card,Pick Up,6
1357,1520,1066,Cash,Pick Up,6
1358,2541,1067,Debit Card,Mail,6.5
1359,2446,1068,Cash,Pick Up,6
1360,2446,1068,Credit Card,Mail,6.5
1361,1418,1069,Cash,Mail,6.5
1362,1418,1069,Credit Card,Pick Up,6
1363,110,1070,Credit Card,Mail,6.5
1364,892,1071,Debit Card,Pick Up,6
1365,193,1072,Cash,Mail,6.5
1366,193,1072,Credit Card,Mail,6.5
1367,204,1073,Credit Card,Pick Up,6
1368,1301,1074,Credit Card,Pick Up,6
1369,1858,1075,Cash,Mail,6.5
1370,2190,1076,Cash,Pick Up,6
1371,900,1077,Credit Card,Pick Up,6
1372,12,1078,Credit Card,Mail,6.5
1373,822,1079,Cash,Pick Up,6
1374,822,1079,Credit Card,Pick Up,6
1375,1386,1080,Cash,Pick Up,6
1376,1386,1080,Cash,Pick Up,6
1377,290,1081,Cash,Mail,6.5
1378,247,1082,Credit Card,Mail,6.5
1379,2370,1083,Debit Card,Pick Up,6
1380,2370,1083,Debit Card,Pick Up,6
1381,2903,1084,Debit Card,Pick Up,6
1382,2327,1085,Cash,Pick Up,6
1383,1502,1086,Cash,Mail,6.5
1384,2041,1087,Credit Card,Pick Up,6
1385,3239,1088,Debit Card,Pick Up,6
1386,427,1089,Credit Card,Pick Up,6
1387,2893,1090,Debit Card,Mail,6.5
1388,2893,1090,Debit Card,Pick Up,6
1389,4787,1091,Cash,Pick Up,6
1390,4787,1091,Debit Card,Pick Up,6
1391,4646,1092,Cash,Mail,6.5
1392,3928,1093,Debit Card,Pick Up,6
1393,3719,1094,Credit Card,Mail,6.5
1394,3719,1094,Debit Card,Pick Up,6
1395,4798,1095,Cash,Mail,6.5
1396,4552,1096,Cash,Mail,6.5
1397,3905,1097,Credit Card,Mail,6.5
1398,3140,1098,Credit Card,Mail,6.5
1399,4617,1099,Cash,Pick Up,6
1400,4785,1100,Credit Card,Pick Up,6
1401,4005,1101,Credit Card,Pick Up,6
1402,4005,1101,Credit Card,Mail,6.5
1403,3160,1102,Cash,Mail,6.5
1404,3160,1102,Debit Card,Mail,6.5
1405,2663,1103,Debit Card,Pick Up,6
1406,4867,1104,Cash,Pick Up,6
1407,2944,1105,Debit Card,Mail,6.5
1408,2944,1105,Cash,Mail,6.5
1409,4971,1106,Cash,Pick Up,6
1410,4275,1107,Debit Card,Mail,6.5
1411,4292,1108,Cash,Mail,6.5
1412,3618,1109,Cash,Pick Up,6
1413,4786,1110,Debit Card,Pick Up,6
1414,3564,1111,Cash,Mail,6.5
1415,4423,1112,Debit Card,Mail,6.5
1416,4423,1112,Debit Card,Pick Up,6
1417,3408,1113,Debit Card,Mail,6.5
1418,3408,1113,Cash,Pick Up,6
1419,148,1114,Credit Card,Pick Up,6
1420,2797,1115,Debit Card,Pick Up,6
1421,3988,1116,Credit Card,Mail,6.5
1422,3988,1116,Cash,Mail,6.5
1423,4716,1117,Credit Card,Pick Up,6
1424,2831,1118,Cash,Mail,6.5
1425,4470,1119,Credit Card,Pick Up,6
1426,2874,1120,Credit Card,Pick Up,6
1427,2438,1121,Credit Card,Pick Up,6
1428,1017,1122,Cash,Pick Up,6
1429,1310,1123,Cash,Mail,6.5
1430,1310,1123,Credit Card,Pick Up,6
1431,451,1124,Credit Card,Mail,6.5
1432,451,1124,Cash,Pick Up,6
1433,823,1125,Debit Card,Mail,6.5
1434,1424,1126,Cash,Pick Up,6
1435,734,1127,Debit Card,Pick Up,6
1436,734,1127,Debit Card,Mail,6.5
1437,38,1128,Cash,Pick Up,6
1438,2458,1129,Credit Card,Pick Up,6
1439,4501,1130,Debit Card,Pick Up,6
1440,2221,1131,Credit Card,Mail,6.5
1441,1355,1132,Debit Card,Mail,6.5
1442,845,1133,Credit Card,Mail,6.5
1443,2516,1134,Credit Card,Mail,6.5
1444,2516,1134,Credit Card,Pick Up,6
1445,669,1135,Debit Card,Pick Up,6
1446,669,1135,Debit Card,Mail,6.5
1447,658,1136,Cash,Pick Up,6
1448,1602,1137,Credit Card,Pick Up,6
1449,981,1138,Cash,Pick Up,6
1450,981,1138,Debit Card,Mail,6.5
1451,1463,1139,Cash,Mail,6.5
1452,2023,1140,Credit Card,Pick Up,6
1453,273,1141,Debit Card,Pick Up,6
1454,1574,1142,Debit Card,Mail,6.5
1455,1834,1143,Cash,Mail,6.5
1456,3605,1144,Cash,Pick Up,6
1457,1350,1145,Cash,Mail,6.5
1458,1350,1145,Credit Card,Mail,6.5
1459,984,1146,Credit Card,Mail,6.5
1460,984,1146,Debit Card,Pick Up,6
1461,1188,1147,Cash,Mail,6.5
1462,1596,1148,Credit Card,Pick Up,6
1463,33,1149,Debit Card,Pick Up,6
1464,33,1149,Credit Card,Pick Up,6
1465,564,1150,Credit Card,Mail,6.5
1466,1674,1151,Debit Card,Mail,6.5
1467,1190,1152,Debit Card,Pick Up,6
1468,684,1153,Debit Card,Pick Up,6
1469,185,1154,Cash,Mail,6.5
1470,2311,1155,Cash,Pick Up,6
1471,4576,1156,Credit Card,Pick Up,6
1472,4576,1156,Cash,Pick Up,6
1473,3104,1157,Credit Card,Pick Up,6
1474,3104,1157,Debit Card,Mail,6.5
1475,3443,1158,Cash,Mail,6.5
1476,4964,1159,Credit Card,Pick Up,6
1477,3967,1160,Credit Card,Pick Up,6
1478,3967,1160,Credit Card,Pick Up,6
1479,34,1161,Cash,Pick Up,6
1480,3091,1162,Credit Card,Mail,6.5
1481,4120,1163,Cash,Mail,6.5
1482,3256,1164,Credit Card,Pick Up,6
1483,4301,1165,Debit Card,Pick Up,6
1484,3280,1166,Debit Card,Pick Up,6
1485,3429,1167,Cash,Pick Up,6
1486,3429,1167,Credit Card,Mail,6.5
1487,452,1168,Credit Card,Pick Up,6
1488,452,1168,Debit Card,Mail,6.5
1489,3905,1169,Debit Card,Pick Up,6
1490,4684,1170,Credit Card,Mail,6.5
1491,147,1171,Credit Card,Mail,6.5
1492,147,1171,Credit Card,Pick Up,6
1493,3573,1172,Credit Card,Mail,6.5
1494,2273,1173,Debit Card,Pick Up,6
1495,4386,1174,Credit Card,Pick Up,6
1496,4533,1175,Debit Card,Pick Up,6
1497,4206,1176,Debit Card,Mail,6.5
1498,3094,1177,Cash,Pick Up,6
1499,1554,1178,Cash,Pick Up,6
1500,1554,1178,Credit Card,Pick Up,6
1501,2739,1179,Debit Card,Pick Up,6
1502,2739,1179,Cash,Mail,6.5
1503,4202,1180,Debit Card,Mail,6.5
1504,4218,1181,Cash,Mail,6.5
1505,3863,1182,Credit Card,Pick Up,6
1506,3863,1182,Credit Card,Mail,6.5
1507,3262,1183,Credit Card,Mail,6.5
1508,4316,1184,Credit Card,Pick Up,6
1509,4037,1185,Credit Card,Mail,6.5
1510,4285,1186,Debit Card,Mail,6.5
1511,950,1187,Debit Card,Pick Up,6
1512,3533,1188,Debit Card,Pick Up,6
1513,885,1189,Debit Card,Mail,6.5
1514,885,1189,Cash,Pick Up,6
1515,1058,1190,Cash,Mail,6.5
1516,1058,1190,Debit Card,Mail,6.5
1517,476,1191,Debit Card,Pick Up,6
1518,241,1192,Cash,Mail,6.5
1519,3777,1193,Cash,Mail,6.5
1520,3777,1193,Debit Card,Pick Up,6
1521,321,1194,Debit Card,Mail,6.5
1522,590,1195,Debit Card,Pick Up,6
1523,2488,1196,Credit Card,Pick Up,6
1524,645,1197,Cash,Pick Up,6
1525,3869,1198,Cash,Pick Up,6
1526,2097,1199,Cash,Mail,6.5
1527,2181,1200,Cash,Pick Up,6
1528,2181,1200,Debit Card,Pick Up,6
1529,4714,1201,Cash,Pick Up,6
1530,4714,1201,Credit Card,Pick Up,6
1531,173,1202,Debit Card,Mail,6.5
1532,2409,1203,Debit Card,Mail,6.5
1533,302,1204,Credit Card,Mail,6.5
1534,302,1204,Credit Card,Pick Up,6
1535,1325,1205,Credit Card,Mail,6.5
1536,2240,1206,Credit Card,Pick Up,6
1537,353,1207,Debit Card,Pick Up,6
1538,2300,1208,Debit Card,Mail,6.5
1539,633,1209,Cash,Mail,6.5
1540,467,1210,Cash,Pick Up,6
1541,1802,1211,Credit Card,Pick Up,6
1542,1802,1211,Credit Card,Pick Up,6
1543,1905,1212,Debit Card,Mail,6.5
1544,1905,1212,Credit Card,Pick Up,6
1545,1034,1213,Debit Card,Mail,6.5
1546,1489,1214,Cash,Pick Up,6
1547,2124,1215,Cash,Pick Up,6
1548,2124,1215,Credit Card,Pick Up,6
1549,581,1216,Credit Card,Mail,6.5
1550,1083,1217,Cash,Mail,6.5
1551,2354,1218,Debit Card,Pick Up,6
1552,340,1219,Debit Card,Pick Up,6
1553,1581,1220,Credit Card,Pick Up,6
1554,1708,1221,Debit Card,Mail,6.5
1555,4212,1222,Credit Card,Mail,6.5
1556,4212,1222,Credit Card,Pick Up,6
1557,2704,1223,Debit Card,Mail,6.5
1558,2704,1223,Debit Card,Mail,6.5
1559,2793,1224,Cash,Mail,6.5
1560,3998,1225,Cash,Pick Up,6
1561,4447,1226,Debit Card,Mail,6.5
1562,4447,1226,Cash,Mail,6.5
1563,3630,1227,Cash,Pick Up,6
1564,730,1228,Cash,Pick Up,6
1565,4151,1229,Credit Card,Pick Up,6
1566,4865,1230,Cash,Mail,6.5
1567,4130,1231,Cash,Mail,6.5
1568,4203,1232,Cash,Mail,6.5
1569,2794,1233,Credit Card,Mail,6.5
1570,2794,1233,Cash,Mail,6.5
1571,2991,1234,Debit Card,Mail,6.5
1572,2991,1234,Cash,Mail,6.5
1573,2632,1235,Cash,Pick Up,6
1574,247,1236,Cash,Pick Up,6
1575,4577,1237,Debit Card,Mail,6.5
1576,4577,1237,Debit Card,Pick Up,6
1577,4051,1238,Cash,Mail,6.5
1578,2814,1239,Credit Card,Mail,6.5
1579,4707,1240,Credit Card,Pick Up,6
1580,3604,1241,Cash,Mail,6.5
1581,3756,1242,Cash,Mail,6.5
1582,3905,1243,Credit Card,Mail,6.5
1583,4150,1244,Debit Card,Pick Up,6
1584,4150,1244,Cash,Pick Up,6
1585,2296,1245,Credit Card,Mail,6.5
1586,2296,1245,Debit Card,Mail,6.5
1587,4617,1246,Credit Card,Mail,6.5
1588,4417,1247,Debit Card,Mail,6.5
1589,4084,1248,Debit Card,Pick Up,6
1590,4084,1248,Cash,Mail,6.5
1591,2745,1249,Debit Card,Mail,6.5
1592,4647,1250,Debit Card,Pick Up,6
1593,3522,1251,Cash,Pick Up,6
1594,2866,1252,Cash,Mail,6.5
1595,4211,1253,Debit Card,Mail,6.5
1596,3510,1254,Cash,Mail,6.5
1597,93,1255,Cash,Pick Up,6
1598,93,1255,Debit Card,Mail,6.5
1599,1660,1256,Cash,Mail,6.5
1600,1660,1256,Debit Card,Mail,6.5
1601,859,1257,Debit Card,Pick Up,6
1602,1525,1258,Debit Card,Pick Up,6
1603,1145,1259,Credit Card,Pick Up,6
1604,1145,1259,Credit Card,Pick Up,6
1605,890,1260,Credit Card,Mail,6.5
1606,2813,1261,Credit Card,Pick Up,6
1607,420,1262,Credit Card,Pick Up,6
1608,2908,1263,Debit Card,Pick Up,6
1609,2652,1264,Cash,Mail,6.5
1610,1709,1265,Debit Card,Pick Up,6
1611,1535,1266,Debit Card,Pick Up,6
1612,1535,1266,Cash,Pick Up,6
1613,957,1267,Credit Card,Mail,6.5
1614,957,1267,Credit Card,Pick Up,6
1615,1733,1268,Cash,Pick Up,6
1616,1005,1269,Cash,Pick Up,6
1617,1685,1270,Debit Card,Pick Up,6
1618,1685,1270,Cash,Pick Up,6
1619,744,1271,Cash,Pick Up,6
1620,1412,1272,Credit Card,Pick Up,6
1621,1811,1273,Cash,Mail,6.5
1622,4518,1274,Credit Card,Mail,6.5
1623,2522,1275,Credit Card,Mail,6.5
1624,2438,1276,Credit Card,Mail,6.5
1625,1534,1277,Debit Card,Mail,6.5
1626,1534,1277,Credit Card,Mail,6.5
1627,853,1278,Cash,Mail,6.5
1628,853,1278,Debit Card,Pick Up,6
1629,895,1279,Cash,Pick Up,6
1630,337,1280,Debit Card,Mail,6.5
1631,690,1281,Credit Card,Mail,6.5
1632,690,1281,Credit Card,Mail,6.5
1633,2115,1282,Cash,Pick Up,6
1634,144,1283,Debit Card,Pick Up,6
1635,2239,1284,Debit Card,Mail,6.5
1636,248,1285,Cash,Pick Up,6
1637,177,1286,Cash,Pick Up,6
1638,1023,1287,Credit Card,Mail,6.5
1639,2992,1288,Credit Card,Pick Up,6
1640,2992,1288,Cash,Pick Up,6
1641,4321,1289,Debit Card,Pick Up,6
1642,4321,1289,Debit Card,Mail,6.5
1643,3732,1290,Cash,Mail,6.5
1644,4578,1291,Cash,Mail,6.5
1645,3007,1292,Credit Card,Pick Up,6
1646,3007,1292,Credit Card,Mail,6.5
1647,4093,1293,Credit Card,Pick Up,6
1648,4218,1294,Cash,Mail,6.5
1649,4148,1295,Credit Card,Pick Up,6
1650,2787,1296,Credit Card,Pick Up,6
1651,3467,1297,Cash,Pick Up,6
1652,1292,1298,Credit Card,Pick Up,6
1653,2165,1299,Cash,Mail,6.5
1654,2165,1299,Debit Card,Pick Up,6
1655,3377,1300,Cash,Pick Up,6
1656,3377,1300,Debit Card,Pick Up,6
1657,2056,1301,Debit Card,Pick Up,6
1658,4575,1302,Debit Card,Mail,6.5
1659,4093,1303,Credit Card,Mail,6.5
1660,4093,1303,Debit Card,Pick Up,6
1661,4241,1304,Debit Card,Pick Up,6
1662,3593,1305,Debit Card,Pick Up,6
1663,3667,1306,Debit Card,Mail,6.5
1664,3327,1307,Cash,Pick Up,6
1665,3668,1308,Credit Card,Mail,6.5
1666,2956,1309,Credit Card,Pick Up,6
1667,4958,1310,Cash,Pick Up,6
1668,4958,1310,Credit Card,Mail,6.5
1669,3986,1311,Credit Card,Pick Up,6
1670,3986,1311,Credit Card,Mail,6.5
1671,4724,1312,Debit Card,Pick Up,6
1672,3798,1313,Cash,Mail,6.5
1673,3586,1314,Credit Card,Mail,6.5
1674,3586,1314,Credit Card,Pick Up,6
1675,2783,1315,Credit Card,Mail,6.5
1676,3645,1316,Credit Card,Mail,6.5
1677,3458,1317,Cash,Mail,6.5
1678,636,1318,Cash,Pick Up,6
1679,4093,1319,Debit Card,Pick Up,6
1680,1836,1320,Credit Card,Pick Up,6
1681,2179,1321,Debit Card,Pick Up,6
1682,2179,1321,Debit Card,Pick Up,6
1683,3535,1322,Cash,Pick Up,6
1684,3535,1322,Credit Card,Pick Up,6
1685,1743,1323,Credit Card,Pick Up,6
1686,2558,1324,Credit Card,Mail,6.5
1687,2404,1325,Credit Card,Mail,6.5
1688,2404,1325,Credit Card,Mail,6.5
1689,125,1326,Cash,Mail,6.5
1690,2296,1327,Credit Card,Mail,6.5
1691,269,1328,Debit Card,Mail,6.5
1692,1312,1329,Debit Card,Mail,6.5
1693,781,1330,Cash,Mail,6.5
1694,770,1331,Cash,Pick Up,6
1695,1579,1332,Debit Card,Mail,6.5
1696,1579,1332,Cash,Pick Up,6
1697,1876,1333,Cash,Pick Up,6
1698,1876,1333,Debit Card,Mail,6.5
1699,1699,1334,Debit Card,Pick Up,6
1700,1947,1335,Credit Card,Pick Up,6
1701,659,1336,Credit Card,Mail,6.5
1702,659,1336,Credit Card,Mail,6.5
1703,1790,1337,Debit Card,Pick Up,6
1704,1897,1338,Debit Card,Pick Up,6
1705,4977,1339,Cash,Pick Up,6
1706,2120,1340,Debit Card,Mail,6.5
1707,3533,1341,Debit Card,Pick Up,6
1708,588,1342,Cash,Mail,6.5
1709,2803,1343,Debit Card,Pick Up,6
1710,2803,1343,Debit Card,Mail,6.5
1711,696,1344,Cash,Pick Up,6
1712,696,1344,Cash,Mail,6.5
1713,619,1345,Credit Card,Pick Up,6
1714,4947,1346,Debit Card,Pick Up,6
1715,1857,1347,Debit Card,Mail,6.5
1716,1857,1347,Debit Card,Pick Up,6
1717,1118,1348,Credit Card,Pick Up,6
1718,2552,1349,Cash,Pick Up,6
1719,2455,1350,Credit Card,Mail,6.5
1720,110,1351,Cash,Pick Up,6
1721,207,1352,Credit Card,Mail,6.5
1722,1210,1353,Cash,Mail,6.5
1723,4154,1354,Cash,Mail,6.5
1724,4154,1354,Credit Card,Pick Up,6
1725,3199,1355,Credit Card,Mail,6.5
1726,3199,1355,Cash,Mail,6.5
1727,4412,1356,Cash,Pick Up,6
1728,3073,1357,Credit Card,Mail,6.5
1729,4574,1358,Debit Card,Pick Up,6
1730,4574,1358,Cash,Mail,6.5
1731,3074,1359,Debit Card,Pick Up,6
1732,3913,1360,Debit Card,Pick Up,6
1733,4282,1361,Cash,Pick Up,6
1734,4229,1362,Debit Card,Mail,6.5
1735,4116,1363,Cash,Pick Up,6
1736,2944,1364,Credit Card,Mail,6.5
1737,3117,1365,Credit Card,Pick Up,6
1738,3117,1365,Credit Card,Mail,6.5
1739,4936,1366,Credit Card,Mail,6.5
1740,4936,1366,Cash,Mail,6.5
1741,4070,1367,Cash,Pick Up,6
1742,2744,1368,Cash,Mail,6.5
1743,1632,1369,Credit Card,Pick Up,6
1744,1632,1369,Credit Card,Pick Up,6
1745,4709,1370,Cash,Mail,6.5
1746,4144,1371,Credit Card,Pick Up,6
1747,4797,1372,Cash,Pick Up,6
1748,3206,1373,Cash,Pick Up,6
1749,3083,1374,Cash,Mail,6.5
1750,4054,1375,Cash,Mail,6.5
1751,4630,1376,Cash,Mail,6.5
1752,4630,1376,Credit Card,Pick Up,6
1753,2809,1377,Debit Card,Pick Up,6
1754,2809,1377,Debit Card,Pick Up,6
1755,3519,1378,Cash,Mail,6.5
1756,2983,1379,Credit Card,Mail,6.5
1757,4878,1380,Credit Card,Pick Up,6
1758,4878,1380,Debit Card,Mail,6.5
1759,2620,1381,Credit Card,Pick Up,6
1760,2464,1382,Debit Card,Mail,6.5
1761,2902,1383,Debit Card,Pick Up,6
1762,4171,1384,Debit Card,Pick Up,6
1763,4630,1385,Cash,Pick Up,6
1764,3004,1386,Cash,Mail,6.5
1765,565,1387,Credit Card,Pick Up,6
1766,565,1387,Credit Card,Mail,6.5
1767,1085,1388,Cash,Mail,6.5
1768,1085,1388,Cash,Mail,6.5
1769,1596,1389,Credit Card,Pick Up,6
1770,1146,1390,Cash,Mail,6.5
1771,2181,1391,Debit Card,Pick Up,6
1772,2181,1391,Cash,Mail,6.5
1773,1670,1392,Debit Card,Pick Up,6
1774,635,1393,Debit Card,Mail,6.5
1775,1510,1394,Credit Card,Mail,6.5
1776,1285,1395,Debit Card,Mail,6.5
1777,1658,1396,Cash,Mail,6.5
1778,1185,1397,Credit Card,Pick Up,6
1779,2647,1398,Credit Card,Mail,6.5
1780,2647,1398,Cash,Mail,6.5
1781,3593,1399,Credit Card,Mail,6.5
1782,3593,1399,Cash,Pick Up,6
1783,151,1400,Cash,Pick Up,6
1784,407,1401,Credit Card,Pick Up,6
1785,1758,1402,Debit Card,Pick Up,6
1786,1758,1402,Credit Card,Pick Up,6
1787,2252,1403,Cash,Pick Up,6
1788,290,1404,Debit Card,Pick Up,6
1789,426,1405,Debit Card,Mail,6.5
1790,225,1406,Debit Card,Pick Up,6
1791,2020,1407,Credit Card,Pick Up,6
1792,1584,1408,Cash,Pick Up,6
1793,1349,1409,Cash,Mail,6.5
1794,1349,1409,Debit Card,Mail,6.5
1795,405,1410,Credit Card,Mail,6.5
1796,405,1410,Credit Card,Pick Up,6
1797,1275,1411,Debit Card,Pick Up,6
1798,936,1412,Cash,Mail,6.5
1799,521,1413,Cash,Mail,6.5
1800,521,1413,Cash,Mail,6.5
1801,2271,1414,Debit Card,Mail,6.5
1802,2483,1415,Debit Card,Pick Up,6
1803,584,1416,Debit Card,Pick Up,6
1804,1476,1417,Credit Card,Pick Up,6
1805,580,1418,Debit Card,Mail,6.5
1806,1256,1419,Cash,Mail,6.5
1807,2676,1420,Credit Card,Mail,6.5
1808,2676,1420,Cash,Mail,6.5
1809,4421,1421,Credit Card,Mail,6.5
1810,4421,1421,Cash,Mail,6.5
1811,3619,1422,Credit Card,Pick Up,6
1812,3007,1423,Debit Card,Mail,6.5
1813,3161,1424,Credit Card,Pick Up,6
1814,3161,1424,Debit Card,Pick Up,6
1815,3062,1425,Credit Card,Pick Up,6
1816,3250,1426,Cash,Mail,6.5
1817,4386,1427,Credit Card,Pick Up,6
1818,3906,1428,Credit Card,Pick Up,6
1819,4968,1429,Cash,Mail,6.5
1820,4356,1430,Debit Card,Pick Up,6
1821,3424,1431,Debit Card,Mail,6.5
1822,3424,1431,Cash,Mail,6.5
1823,3514,1432,Cash,Pick Up,6
1824,3514,1432,Debit Card,Pick Up,6
1825,2709,1433,Cash,Mail,6.5
1826,4907,1434,Cash,Mail,6.5
1827,2835,1435,Debit Card,Mail,6.5
1828,2835,1435,Debit Card,Mail,6.5
1829,1832,1436,Cash,Pick Up,6
1830,4044,1437,Cash,Pick Up,6
1831,4423,1438,Debit Card,Pick Up,6
1832,919,1439,Cash,Pick Up,6
1833,4882,1440,Credit Card,Mail,6.5
1834,3825,1441,Cash,Pick Up,6
1835,3351,1442,Credit Card,Mail,6.5
1836,3351,1442,Debit Card,Mail,6.5
1837,4669,1443,Credit Card,Mail,6.5
1838,4669,1443,Cash,Mail,6.5
1839,3175,1444,Credit Card,Pick Up,6
1840,3123,1445,Cash,Mail,6.5
1841,4598,1446,Cash,Pick Up,6
1842,4598,1446,Cash,Pick Up,6
1843,4509,1447,Cash,Mail,6.5
1844,3596,1448,Cash,Mail,6.5
1845,2794,1449,Credit Card,Pick Up,6
1846,3758,1450,Credit Card,Pick Up,6
1847,2978,1451,Credit Card,Pick Up,6
1848,3483,1452,Cash,Pick Up,6
1849,1947,1453,Debit Card,Pick Up,6
1850,1947,1453,Debit Card,Mail,6.5
1851,4129,1454,Credit Card,Pick Up,6
1852,4129,1454,Debit Card,Pick Up,6
1853,4791,1455,Debit Card,Mail,6.5
1854,1783,1456,Debit Card,Mail,6.5
1855,1002,1457,Debit Card,Pick Up,6
1856,1002,1457,Cash,Pick Up,6
1857,2448,1458,Credit Card,Pick Up,6
1858,176,1459,Credit Card,Pick Up,6
1859,672,1460,Credit Card,Mail,6.5
1860,2075,1461,Cash,Pick Up,6
1861,2814,1462,Credit Card,Mail,6.5
1862,813,1463,Cash,Pick Up,6
1863,2037,1464,Cash,Pick Up,6
1864,2037,1464,Debit Card,Mail,6.5
1865,3720,1465,Debit Card,Pick Up,6
1866,3720,1465,Cash,Pick Up,6
1867,600,1466,Debit Card,Mail,6.5
1868,1154,1467,Cash,Mail,6.5
1869,2166,1468,Credit Card,Mail,6.5
1870,2166,1468,Debit Card,Mail,6.5
1871,4834,1469,Debit Card,Pick Up,6
1872,2132,1470,Cash,Pick Up,6
1873,775,1471,Cash,Pick Up,6
1874,1306,1472,Credit Card,Mail,6.5
1875,1915,1473,Credit Card,Mail,6.5
1876,211,1474,Cash,Pick Up,6
1877,176,1475,Credit Card,Pick Up,6
1878,176,1475,Credit Card,Pick Up,6
1879,1054,1476,Cash,Mail,6.5
1880,1054,1476,Cash,Pick Up,6
1881,2118,1477,Debit Card,Pick Up,6
1882,3886,1478,Credit Card,Mail,6.5
1883,1925,1479,Debit Card,Mail,6.5
1884,1925,1479,Debit Card,Pick Up,6
1885,106,1480,Cash,Pick Up,6
1886,1569,1481,Debit Card,Pick Up,6
1887,667,1482,Credit Card,Pick Up,6
1888,752,1483,Debit Card,Pick Up,6
1889,2577,1484,Cash,Pick Up,6
1890,1884,1485,Credit Card,Pick Up,6
1891,1594,1486,Credit Card,Pick Up,6
1892,1594,1486,Cash,Mail,6.5
1893,3005,1487,Credit Card,Mail,6.5
1894,3005,1487,Credit Card,Mail,6.5
1895,3452,1488,Credit Card,Pick Up,6
1896,2956,1489,Credit Card,Pick Up,6
1897,3677,1490,Cash,Mail,6.5
1898,3677,1490,Debit Card,Pick Up,6
1899,4838,1491,Cash,Pick Up,6
1900,2603,1492,Credit Card,Pick Up,6
1901,4220,1493,Debit Card,Pick Up,6
1902,3031,1494,Credit Card,Mail,6.5
1903,3584,1495,Debit Card,Pick Up,6
1904,2705,1496,Credit Card,Mail,6.5
1905,4884,1497,Credit Card,Mail,6.5
1906,4884,1497,Debit Card,Mail,6.5
1907,4825,1498,Credit Card,Mail,6.5
1908,4825,1498,Credit Card,Pick Up,6
1909,3752,1499,Credit Card,Pick Up,6
1910,4702,1500,Credit Card,Pick Up,6
1911,3061,1501,Credit Card,Pick Up,6
1912,3061,1501,Debit Card,Pick Up,6
1913,4687,1502,Cash,Pick Up,6
1914,3060,1503,Debit Card,Mail,6.5
1915,3675,1504,Cash,Mail,6.5
1916,4950,1505,Credit Card,Mail,6.5
1917,4466,1506,Credit Card,Pick Up,6
1918,4323,1507,Credit Card,Pick Up,6
1919,4323,1508,Cash,Pick Up,6
1920,4323,1508,Debit Card,Mail,6.5
1921,2646,1509,Debit Card,Pick Up,6
1922,2646,1509,Cash,Pick Up,6
1923,4109,1510,Debit Card,Pick Up,6
1924,161,1511,Credit Card,Mail,6.5
1925,4900,1512,Cash,Pick Up,6
1926,4900,1512,Credit Card,Mail,6.5
1927,4912,1513,Cash,Pick Up,6
1928,4081,1514,Credit Card,Pick Up,6
1929,3321,1515,Cash,Pick Up,6
1930,3021,1516,Credit Card,Mail,6.5
1931,4855,1517,Debit Card,Pick Up,6
1932,3935,1518,Cash,Mail,6.5
1933,1853,1519,Debit Card,Pick Up,6
1934,1853,1519,Debit Card,Pick Up,6
1935,1870,1520,Debit Card,Mail,6.5
1936,1870,1520,Debit Card,Mail,6.5
1937,3920,1521,Cash,Mail,6.5
1938,2001,1522,Cash,Pick Up,6
1939,1946,1523,Credit Card,Mail,6.5
1940,1946,1523,Debit Card,Pick Up,6
1941,856,1524,Credit Card,Pick Up,6
1942,1630,1525,Credit Card,Mail,6.5
1943,3843,1526,Debit Card,Pick Up,6
1944,4222,1527,Credit Card,Mail,6.5
1945,2310,1528,Credit Card,Mail,6.5
1946,655,1529,Credit Card,Pick Up,6
1947,4309,1530,Debit Card,Pick Up,6
1948,4309,1530,Cash,Pick Up,6
1949,1612,1531,Debit Card,Mail,6.5
1950,1612,1531,Cash,Mail,6.5
1951,2370,1532,Debit Card,Mail,6.5
1952,140,1533,Cash,Mail,6.5
1953,1926,1534,Credit Card,Mail,6.5
1954,1926,1534,Cash,Pick Up,6
1955,2369,1535,Credit Card,Pick Up,6
1956,1022,1536,Cash,Pick Up,6
1957,3230,1537,Debit Card,Pick Up,6
1958,616,1538,Debit Card,Pick Up,6
1959,772,1539,Cash,Pick Up,6
1960,835,1540,Credit Card,Mail,6.5
1961,1700,1541,Cash,Mail,6.5
1962,1700,1541,Cash,Mail,6.5
1963,1762,1542,Cash,Mail,6.5
1964,1762,1542,Debit Card,Pick Up,6
1965,1153,1543,Cash,Mail,6.5
1966,2167,1544,Debit Card,Mail,6.5
1967,4805,1545,Debit Card,Mail,6.5
1968,4805,1545,Debit Card,Mail,6.5
1969,2137,1546,Credit Card,Pick Up,6
1970,1818,1547,Debit Card,Mail,6.5
1971,189,1548,Cash,Mail,6.5
1972,1060,1549,Credit Card,Pick Up,6
1973,1581,1550,Debit Card,Mail,6.5
1974,967,1551,Cash,Pick Up,6
1975,4069,1552,Cash,Mail,6.5
1976,4069,1552,Credit Card,Mail,6.5
1977,1223,1553,Debit Card,Pick Up,6
1978,1223,1553,Credit Card,Mail,6.5
1979,4908,1554,Debit Card,Pick Up,6
1980,2969,1555,Cash,Mail,6.5
1981,2756,1556,Debit Card,Mail,6.5
1982,2756,1556,Credit Card,Pick Up,6
1983,2645,1557,Cash,Pick Up,6
1984,4627,1558,Debit Card,Mail,6.5
1985,4364,1559,Cash,Mail,6.5
1986,4258,1560,Credit Card,Pick Up,6
1987,3679,1561,Cash,Pick Up,6
1988,4570,1562,Cash,Pick Up,6
1989,2816,1563,Debit Card,Mail,6.5
1990,2816,1563,Credit Card,Pick Up,6
1991,3190,1564,Credit Card,Mail,6.5
1992,3190,1564,Credit Card,Mail,6.5
1993,3755,1565,Debit Card,Pick Up,6
1994,3353,1566,Cash,Pick Up,6
1995,3479,1567,Cash,Pick Up,6
1996,3479,1567,Cash,Mail,6.5
1997,2843,1568,Credit Card,Mail,6.5
1998,1359,1569,Credit Card,Pick Up,6
2593,3211,2037,Cash,Pick Up,6
2594,3211,2037,Credit Card,Mail,6.5
2595,4040,2038,Debit Card,Pick Up,6
2596,2864,2039,Debit Card,Pick Up,6
2597,4378,2040,Debit Card,Mail,6.5
2598,4378,2040,Debit Card,Pick Up,6
2599,4858,2041,Cash,Mail,6.5
2600,3445,2042,Debit Card,Pick Up,6
2601,2917,2043,Credit Card,Mail,6.5
2602,3049,2044,Debit Card,Mail,6.5
2603,3383,2045,Debit Card,Pick Up,6
2604,4707,2046,Debit Card,Pick Up,6
2605,1224,2047,Credit Card,Mail,6.5
2606,1224,2047,Cash,Pick Up,6
2607,1582,2048,Credit Card,Mail,6.5
2608,1582,2048,Credit Card,Mail,6.5
2609,163,2049,Credit Card,Mail,6.5
2610,2039,2050,Debit Card,Pick Up,6
2611,599,2051,Credit Card,Pick Up,6
2612,599,2051,Cash,Pick Up,6
2613,1070,2052,Credit Card,Pick Up,6
2614,2191,2053,Cash,Pick Up,6
2615,1068,2054,Debit Card,Pick Up,6
2616,2782,2055,Cash,Pick Up,6
2617,1154,2056,Debit Card,Pick Up,6
2618,959,2057,Cash,Mail,6.5
2619,2135,2058,Credit Card,Pick Up,6
2620,2135,2058,Credit Card,Pick Up,6
2621,4226,2059,Cash,Mail,6.5
2622,4226,2059,Credit Card,Mail,6.5
2623,3291,2060,Credit Card,Pick Up,6
2624,2346,2061,Debit Card,Pick Up,6
2625,2229,2062,Credit Card,Pick Up,6
2626,2229,2062,Debit Card,Mail,6.5
2627,1773,2063,Debit Card,Pick Up,6
2628,1232,2064,Cash,Mail,6.5
2629,1728,2065,Credit Card,Pick Up,6
2630,897,2066,Cash,Pick Up,6
2631,180,2067,Cash,Pick Up,6
2632,363,2068,Cash,Mail,6.5
2633,1287,2069,Cash,Pick Up,6
2634,1287,2069,Credit Card,Mail,6.5
2635,2099,2070,Credit Card,Pick Up,6
2636,2099,2070,Credit Card,Mail,6.5
2637,699,2071,Debit Card,Mail,6.5
2638,1247,2072,Debit Card,Pick Up,6
2639,1568,2073,Cash,Mail,6.5
2640,1568,2073,Cash,Mail,6.5
2641,1042,2074,Credit Card,Mail,6.5
2642,1425,2075,Credit Card,Mail,6.5
2643,4876,2076,Credit Card,Pick Up,6
2644,4770,2077,Cash,Pick Up,6
2645,1702,2078,Cash,Mail,6.5
2646,1221,2079,Debit Card,Pick Up,6
2647,906,2080,Debit Card,Pick Up,6
2648,906,2080,Credit Card,Pick Up,6
2649,2899,2081,Credit Card,Pick Up,6
2650,2899,2081,Debit Card,Mail,6.5
2651,3729,2082,Credit Card,Pick Up,6
2652,2792,2083,Debit Card,Mail,6.5
2653,4471,2084,Cash,Mail,6.5
2654,4471,2084,Cash,Mail,6.5
2655,2932,2085,Debit Card,Pick Up,6
2656,3745,2086,Debit Card,Pick Up,6
2657,4105,2087,Cash,Mail,6.5
2658,2384,2088,Credit Card,Mail,6.5
2659,4042,2089,Credit Card,Pick Up,6
2660,4475,2090,Debit Card,Pick Up,6
2661,3403,2091,Credit Card,Mail,6.5
2662,3403,2091,Debit Card,Pick Up,6
2663,3475,2092,Debit Card,Mail,6.5
2664,3475,2092,Cash,Pick Up,6
2665,3318,2093,Debit Card,Mail,6.5
2666,3554,2094,Cash,Pick Up,6
2667,993,2095,Debit Card,Pick Up,6
2668,993,2095,Debit Card,Mail,6.5
2669,4413,2096,Debit Card,Pick Up,6
2670,3935,2097,Cash,Pick Up,6
2671,4809,2098,Cash,Mail,6.5
2672,4764,2099,Credit Card,Pick Up,6
2673,4308,2100,Cash,Pick Up,6
2674,4144,2101,Cash,Pick Up,6
2675,2172,2102,Debit Card,Pick Up,6
2676,2172,2102,Debit Card,Pick Up,6
2677,2827,2103,Debit Card,Mail,6.5
2678,2827,2103,Cash,Mail,6.5
2679,3379,2104,Debit Card,Pick Up,6
2680,3349,2105,Debit Card,Pick Up,6
2681,4834,2106,Credit Card,Mail,6.5
2682,4834,2106,Credit Card,Pick Up,6
2683,3795,2107,Cash,Pick Up,6
2684,3866,2108,Credit Card,Mail,6.5
2685,3953,2109,Cash,Pick Up,6
2686,781,2110,Cash,Mail,6.5
2687,2968,2111,Debit Card,Pick Up,6
2688,1734,2112,Debit Card,Mail,6.5
2689,4722,2113,Debit Card,Mail,6.5
2690,4722,2113,Credit Card,Mail,6.5
2691,1765,2114,Credit Card,Mail,6.5
2692,1765,2114,Cash,Mail,6.5
2693,1640,2115,Cash,Mail,6.5
2694,1621,2116,Credit Card,Pick Up,6
2695,2112,2117,Credit Card,Mail,6.5
2696,2112,2117,Debit Card,Mail,6.5
2697,834,2118,Credit Card,Mail,6.5
2698,2535,2119,Cash,Mail,6.5
2699,188,2120,Cash,Mail,6.5
2700,810,2121,Cash,Pick Up,6
2701,2561,2122,Debit Card,Mail,6.5
2702,2717,2123,Cash,Pick Up,6
2703,2449,2124,Debit Card,Mail,6.5
2704,2449,2124,Debit Card,Mail,6.5
2705,1471,2125,Debit Card,Pick Up,6
2706,1471,2125,Cash,Mail,6.5
2707,681,2126,Debit Card,Pick Up,6
2708,824,2127,Credit Card,Pick Up,6
2709,821,2128,Debit Card,Pick Up,6
2710,821,2128,Credit Card,Pick Up,6
2711,2401,2129,Cash,Mail,6.5
2712,2510,2130,Credit Card,Mail,6.5
2713,560,2131,Credit Card,Pick Up,6
2714,2092,2132,Credit Card,Pick Up,6
2715,93,2133,Cash,Pick Up,6
2716,4154,2134,Cash,Mail,6.5
2717,2408,2135,Debit Card,Pick Up,6
2718,2408,2135,Debit Card,Pick Up,6
2719,2118,2136,Debit Card,Pick Up,6
2720,2118,2136,Debit Card,Pick Up,6
2721,3248,2137,Debit Card,Mail,6.5
2722,1759,2138,Debit Card,Pick Up,6
2723,1299,2139,Debit Card,Pick Up,6
2724,1299,2139,Debit Card,Pick Up,6
2725,250,2140,Credit Card,Mail,6.5
2726,1407,2141,Credit Card,Pick Up,6
2727,2232,2142,Cash,Mail,6.5
2728,1251,2143,Cash,Pick Up,6
2729,1103,2144,Debit Card,Pick Up,6
2730,1723,2145,Credit Card,Mail,6.5
2731,4343,2146,Credit Card,Pick Up,6
2732,4343,2146,Debit Card,Pick Up,6
2733,4402,2147,Cash,Pick Up,6
2734,4402,2147,Debit Card,Pick Up,6
2735,4736,2148,Cash,Pick Up,6
2736,3979,2149,Credit Card,Mail,6.5
2737,4717,2150,Cash,Pick Up,6
2738,4717,2150,Credit Card,Mail,6.5
2739,580,2151,Credit Card,Pick Up,6
2740,4701,2152,Cash,Pick Up,6
2741,3098,2153,Credit Card,Mail,6.5
2742,3316,2154,Cash,Pick Up,6
2743,3187,2155,Credit Card,Mail,6.5
2744,3928,2156,Credit Card,Pick Up,6
2745,4479,2157,Cash,Mail,6.5
2746,4479,2157,Debit Card,Pick Up,6
2747,3323,2158,Debit Card,Mail,6.5
2748,3323,2158,Debit Card,Mail,6.5
2749,2761,2159,Cash,Pick Up,6
2750,3815,2160,Cash,Pick Up,6
2751,1670,2161,Debit Card,Mail,6.5
2752,1670,2161,Credit Card,Pick Up,6
2753,2691,2162,Credit Card,Pick Up,6
2754,3272,2163,Cash,Mail,6.5
2755,3695,2164,Credit Card,Mail,6.5
2756,2765,2165,Debit Card,Mail,6.5
2757,4770,2166,Credit Card,Pick Up,6
2758,713,2167,Credit Card,Pick Up,6
2759,3528,2168,Debit Card,Pick Up,6
2760,3528,2168,Cash,Mail,6.5
2761,4548,2169,Debit Card,Pick Up,6
2762,4548,2169,Credit Card,Pick Up,6
2763,2203,2170,Debit Card,Pick Up,6
2764,2605,2171,Debit Card,Mail,6.5
2765,2603,2172,Credit Card,Pick Up,6
2766,2603,2172,Debit Card,Pick Up,6
2767,4570,2173,Credit Card,Pick Up,6
2768,4700,2174,Cash,Mail,6.5
2769,4239,2175,Credit Card,Pick Up,6
2770,4883,2176,Cash,Mail,6.5
2771,3590,2177,Cash,Mail,6.5
2772,4348,2178,Cash,Pick Up,6
2773,1013,2179,Credit Card,Pick Up,6
2774,1013,2179,Cash,Mail,6.5
2775,524,2180,Debit Card,Mail,6.5
2776,524,2180,Credit Card,Pick Up,6
2777,1983,2181,Credit Card,Mail,6.5
2778,2231,2182,Credit Card,Mail,6.5
2779,1283,2183,Debit Card,Mail,6.5
2780,1283,2183,Debit Card,Mail,6.5
2781,107,2184,Debit Card,Mail,6.5
2782,739,2185,Cash,Pick Up,6
2783,435,2186,Debit Card,Pick Up,6
2784,4871,2187,Credit Card,Pick Up,6
2785,1109,2188,Credit Card,Mail,6.5
2786,261,2189,Cash,Pick Up,6
2787,1906,2190,Credit Card,Mail,6.5
2788,1906,2190,Debit Card,Mail,6.5
2789,1504,2191,Cash,Mail,6.5
2790,1504,2191,Credit Card,Pick Up,6
3790,4505,2977,Credit Card,Pick Up,6
3791,1162,2978,Cash,Pick Up,6
3792,267,2979,Credit Card,Pick Up,6
3793,1069,2980,Debit Card,Mail,6.5
3794,2073,2981,Cash,Mail,6.5
3795,1405,2982,Credit Card,Mail,6.5
3796,1405,2982,Debit Card,Pick Up,6
3797,1270,2983,Debit Card,Mail,6.5
3798,1270,2983,Cash,Pick Up,6
3799,401,2984,Cash,Mail,6.5
3800,1840,2985,Credit Card,Mail,6.5
3801,2757,2986,Cash,Mail,6.5
3802,2757,2986,Debit Card,Mail,6.5
3803,456,2987,Debit Card,Pick Up,6
3804,1865,2988,Debit Card,Pick Up,6
3805,850,2989,Debit Card,Pick Up,6
3806,1460,2990,Debit Card,Pick Up,6
3807,1562,2991,Cash,Mail,6.5
3808,1170,2992,Credit Card,Mail,6.5
3809,4137,2993,Debit Card,Mail,6.5
3810,4137,2993,Cash,Pick Up,6
3811,4255,2994,Credit Card,Mail,6.5
3812,4255,2994,Debit Card,Mail,6.5
3813,1964,2995,Credit Card,Mail,6.5
3814,296,2996,Cash,Pick Up,6
3815,2672,2997,Credit Card,Mail,6.5
3816,2672,2997,Cash,Pick Up,6
3817,2884,2998,Cash,Pick Up,6
3818,4729,2999,Credit Card,Mail,6.5
3819,2463,3000,Debit Card,Pick Up,6
3820,1728,3001,Credit Card,Pick Up,6
3821,909,3002,Cash,Pick Up,6
3822,886,3003,Credit Card,Pick Up,6
3823,4821,3004,Cash,Pick Up,6
3824,4821,3004,Debit Card,Pick Up,6
3825,4907,3005,Debit Card,Pick Up,6
3826,4907,3005,Cash,Mail,6.5
3827,4586,3006,Debit Card,Pick Up,6
3828,3318,3007,Credit Card,Pick Up,6
3829,3951,3008,Cash,Pick Up,6
3830,3951,3008,Debit Card,Pick Up,6
3831,3428,3009,Cash,Pick Up,6
3832,4229,3010,Debit Card,Mail,6.5
3833,3090,3011,Credit Card,Pick Up,6
3834,3758,3012,Cash,Mail,6.5
3835,4585,3013,Debit Card,Mail,6.5
3836,3490,3014,Cash,Mail,6.5
3837,2756,3015,Credit Card,Mail,6.5
3838,2756,3015,Cash,Mail,6.5
3839,3879,3016,Debit Card,Pick Up,6
3840,3879,3016,Cash,Mail,6.5
3841,3830,3017,Credit Card,Pick Up,6
3842,3096,3018,Cash,Mail,6.5
3843,4442,3019,Credit Card,Mail,6.5
3844,4442,3019,Debit Card,Mail,6.5
3845,3025,3020,Cash,Pick Up,6
3846,4326,3021,Debit Card,Mail,6.5
3847,3653,3022,Debit Card,Mail,6.5
3848,3754,3023,Cash,Pick Up,6
3849,3668,3024,Cash,Mail,6.5
3850,4711,3025,Credit Card,Mail,6.5
3851,3544,3026,Debit Card,Pick Up,6
3852,3544,3026,Credit Card,Mail,6.5
3853,4990,3027,Cash,Pick Up,6
3854,4990,3027,Cash,Pick Up,6
3855,4786,3028,Credit Card,Pick Up,6
3856,3982,3029,Debit Card,Pick Up,6
3857,4382,3030,Cash,Pick Up,6
3858,4382,3030,Debit Card,Mail,6.5
3859,4386,3031,Cash,Mail,6.5
3860,4403,3032,Debit Card,Pick Up,6
3861,3815,3033,Cash,Pick Up,6
3862,4284,3034,Cash,Pick Up,6
3863,4275,3035,Cash,Pick Up,6
3864,3059,3036,Debit Card,Mail,6.5
3865,1929,3037,Debit Card,Pick Up,6
3866,1929,3037,Debit Card,Mail,6.5
3867,1959,3038,Credit Card,Pick Up,6
3868,1959,3038,Cash,Mail,6.5
3869,2248,3039,Credit Card,Pick Up,6
3870,4805,3040,Credit Card,Pick Up,6
3871,1390,3041,Cash,Mail,6.5
3872,1390,3041,Credit Card,Mail,6.5
3873,1311,3042,Cash,Pick Up,6
3874,2762,3043,Debit Card,Mail,6.5
3875,2388,3044,Cash,Pick Up,6
3876,2018,3045,Credit Card,Pick Up,6
3877,1482,3046,Credit Card,Pick Up,6
3878,1609,3047,Debit Card,Pick Up,6
3879,4631,3048,Credit Card,Pick Up,6
3880,4631,3048,Credit Card,Mail,6.5
3881,1216,3049,Cash,Mail,6.5
3882,1216,3049,Debit Card,Pick Up,6
3883,1437,3050,Debit Card,Mail,6.5
3884,74,3051,Cash,Mail,6.5
3885,1217,3052,Cash,Mail,6.5
3886,1217,3052,Debit Card,Pick Up,6
3887,3804,3053,Debit Card,Mail,6.5
3888,3502,3054,Credit Card,Mail,6.5
3889,3488,3055,Cash,Pick Up,6
3890,1091,3056,Cash,Pick Up,6
3891,1265,3057,Cash,Pick Up,6
3892,1261,3058,Cash,Mail,6.5
3893,1046,3059,Credit Card,Mail,6.5
3894,1046,3059,Credit Card,Pick Up,6
3895,1339,3060,Debit Card,Pick Up,6
3896,1339,3060,Credit Card,Mail,6.5
3897,4911,3061,Cash,Pick Up,6
3898,1483,3062,Credit Card,Mail,6.5
3899,1945,3063,Cash,Pick Up,6
3900,1945,3063,Cash,Pick Up,6
3901,128,3064,Credit Card,Pick Up,6
3902,743,3065,Debit Card,Pick Up,6
3903,9,3066,Debit Card,Pick Up,6
3904,1032,3067,Cash,Pick Up,6
3905,2496,3068,Cash,Mail,6.5
3906,290,3069,Credit Card,Mail,6.5
3907,3585,3070,Credit Card,Pick Up,6
3908,3585,3070,Credit Card,Mail,6.5
3909,3107,3071,Cash,Pick Up,6
3910,3107,3071,Credit Card,Mail,6.5
3911,4719,3072,Credit Card,Pick Up,6
3912,4810,3073,Debit Card,Pick Up,6
3913,3101,3074,Debit Card,Pick Up,6
3914,3101,3074,Cash,Pick Up,6
3915,4058,3075,Cash,Pick Up,6
3916,3009,3076,Debit Card,Pick Up,6
3917,2739,3077,Debit Card,Pick Up,6
3918,4437,3078,Debit Card,Mail,6.5
3919,3432,3079,Cash,Mail,6.5
3920,4696,3080,Cash,Mail,6.5
3921,3701,3081,Cash,Pick Up,6
3922,3701,3081,Cash,Mail,6.5
3923,4994,3082,Debit Card,Mail,6.5
3924,4994,3082,Cash,Pick Up,6
3925,1921,3083,Cash,Mail,6.5
3926,3075,3084,Credit Card,Pick Up,6
3927,3511,3085,Debit Card,Mail,6.5
3928,3511,3085,Debit Card,Pick Up,6
3929,4361,3086,Debit Card,Pick Up,6
3930,3248,3087,Cash,Mail,6.5
3931,2629,3088,Debit Card,Mail,6.5
3932,2849,3089,Debit Card,Pick Up,6
3933,3800,3090,Credit Card,Mail,6.5
3934,3648,3091,Debit Card,Mail,6.5
3935,4645,3092,Debit Card,Mail,6.5
3936,4645,3092,Cash,Pick Up,6
3937,1654,3093,Cash,Pick Up,6
3938,1654,3093,Cash,Mail,6.5
3939,3832,3094,Cash,Pick Up,6
3940,3906,3095,Debit Card,Pick Up,6
3941,3117,3096,Cash,Pick Up,6
3942,3117,3096,Cash,Mail,6.5
3943,580,3097,Debit Card,Mail,6.5
3944,4018,3098,Credit Card,Mail,6.5
3945,609,3099,Credit Card,Mail,6.5
3946,2648,3100,Credit Card,Pick Up,6
3947,4100,3101,Debit Card,Pick Up,6
3948,2878,3102,Debit Card,Mail,6.5
3949,3466,3103,Credit Card,Pick Up,6
3950,3466,3103,Credit Card,Pick Up,6
3951,4825,3104,Cash,Mail,6.5
3952,4825,3104,Debit Card,Mail,6.5
3953,506,3105,Cash,Pick Up,6
3954,1253,3106,Credit Card,Mail,6.5
3955,1982,3107,Credit Card,Pick Up,6
3956,1982,3107,Credit Card,Mail,6.5
3957,4391,3108,Credit Card,Mail,6.5
3958,502,3109,Credit Card,Pick Up,6
3959,37,3110,Debit Card,Mail,6.5
3960,975,3111,Debit Card,Mail,6.5
3961,130,3112,Credit Card,Pick Up,6
3962,1305,3113,Cash,Mail,6.5
3963,1526,3114,Debit Card,Mail,6.5
3964,1526,3114,Credit Card,Pick Up,6
3965,804,3115,Debit Card,Pick Up,6
3966,804,3115,Debit Card,Pick Up,6
3967,817,3116,Debit Card,Mail,6.5
3968,2544,3117,Debit Card,Mail,6.5
3969,743,3118,Credit Card,Pick Up,6
3970,743,3118,Cash,Pick Up,6
3971,1910,3119,Cash,Mail,6.5
3972,1683,3120,Debit Card,Mail,6.5
3973,4205,3121,Debit Card,Mail,6.5
3974,94,3122,Cash,Pick Up,6
3975,1721,3123,Credit Card,Pick Up,6
3976,1540,3124,Credit Card,Pick Up,6
3977,1968,3125,Cash,Mail,6.5
3978,1968,3125,Credit Card,Mail,6.5
3979,509,3126,Credit Card,Pick Up,6
3980,509,3126,Credit Card,Pick Up,6
3981,2520,3127,Credit Card,Mail,6.5
3982,1935,3128,Cash,Mail,6.5
3983,985,3129,Debit Card,Pick Up,6
3984,985,3129,Cash,Mail,6.5
3985,2470,3130,Cash,Mail,6.5
3986,718,3131,Credit Card,Pick Up,6
3987,1407,3132,Credit Card,Pick Up,6
3988,1061,3133,Cash,Pick Up,6
3989,2555,3134,Cash,Mail,6.5
3990,422,3135,Debit Card,Mail,6.5
2791,1317,2192,Credit Card,Mail,6.5
2792,832,2193,Debit Card,Pick Up,6
2793,4871,2194,Debit Card,Pick Up,6
2794,4871,2194,Credit Card,Pick Up,6
2795,2272,2195,Credit Card,Pick Up,6
2796,714,2196,Cash,Pick Up,6
2797,1854,2197,Debit Card,Mail,6.5
2798,1588,2198,Debit Card,Mail,6.5
2799,4446,2199,Debit Card,Mail,6.5
2800,1958,2200,Credit Card,Pick Up,6
2801,724,2201,Debit Card,Pick Up,6
2802,724,2201,Debit Card,Mail,6.5
2803,333,2202,Debit Card,Pick Up,6
2804,333,2202,Credit Card,Pick Up,6
2805,163,2203,Credit Card,Mail,6.5
2806,1269,2204,Cash,Pick Up,6
2807,4791,2205,Credit Card,Mail,6.5
2808,4791,2205,Debit Card,Pick Up,6
2809,3958,2206,Credit Card,Mail,6.5
2810,2505,2207,Cash,Pick Up,6
2811,1434,2208,Credit Card,Pick Up,6
2812,771,2209,Credit Card,Mail,6.5
2813,1077,2210,Credit Card,Mail,6.5
2814,1635,2211,Credit Card,Mail,6.5
2815,3762,2212,Credit Card,Pick Up,6
2816,3762,2212,Credit Card,Mail,6.5
2817,4458,2213,Credit Card,Mail,6.5
2818,4458,2213,Cash,Mail,6.5
2819,1416,2214,Debit Card,Mail,6.5
2820,4956,2215,Debit Card,Mail,6.5
2821,3922,2216,Credit Card,Mail,6.5
2822,3922,2216,Debit Card,Mail,6.5
2823,3330,2217,Debit Card,Pick Up,6
2824,4506,2218,Debit Card,Pick Up,6
2825,2662,2219,Debit Card,Pick Up,6
2826,4273,2220,Debit Card,Mail,6.5
2827,2766,2221,Debit Card,Mail,6.5
2828,4186,2222,Debit Card,Mail,6.5
2829,2748,2223,Debit Card,Mail,6.5
2830,2748,2223,Debit Card,Mail,6.5
2831,4907,2224,Debit Card,Pick Up,6
2832,4907,2224,Credit Card,Mail,6.5
2833,4594,2225,Debit Card,Pick Up,6
2834,2789,2226,Debit Card,Mail,6.5
2835,3138,2227,Cash,Pick Up,6
2836,3138,2227,Credit Card,Pick Up,6
2837,2220,2228,Cash,Mail,6.5
2838,4659,2229,Debit Card,Pick Up,6
2839,3093,2230,Debit Card,Pick Up,6
2840,2265,2231,Cash,Pick Up,6
2841,1642,2232,Cash,Mail,6.5
2842,4273,2233,Debit Card,Pick Up,6
2843,4888,2234,Credit Card,Pick Up,6
2844,4888,2234,Debit Card,Mail,6.5
2845,2276,2235,Cash,Mail,6.5
2846,2276,2235,Debit Card,Mail,6.5
2847,3355,2236,Debit Card,Pick Up,6
2848,3042,2237,Cash,Mail,6.5
2849,4045,2238,Cash,Pick Up,6
2850,4045,2238,Debit Card,Pick Up,6
2851,3337,2239,Credit Card,Pick Up,6
2852,3925,2240,Credit Card,Pick Up,6
2853,4756,2241,Cash,Mail,6.5
2854,3644,2242,Debit Card,Mail,6.5
2855,3675,2243,Credit Card,Mail,6.5
2856,4132,2244,Credit Card,Mail,6.5
2857,2125,2245,Debit Card,Pick Up,6
2858,2125,2245,Debit Card,Mail,6.5
2859,2094,2246,Debit Card,Mail,6.5
2860,2094,2246,Credit Card,Mail,6.5
2861,2431,2247,Cash,Mail,6.5
2862,2143,2248,Cash,Mail,6.5
2863,976,2249,Credit Card,Mail,6.5
2864,976,2249,Cash,Pick Up,6
2865,650,2250,Credit Card,Mail,6.5
2866,2733,2251,Cash,Pick Up,6
2867,2288,2252,Credit Card,Mail,6.5
2868,1885,2253,Credit Card,Mail,6.5
2869,20,2254,Debit Card,Pick Up,6
2870,526,2255,Credit Card,Mail,6.5
2871,511,2256,Credit Card,Pick Up,6
2872,511,2256,Credit Card,Pick Up,6
2873,1047,2257,Credit Card,Mail,6.5
2874,1047,2257,Credit Card,Pick Up,6
2875,1808,2258,Cash,Pick Up,6
2876,822,2259,Debit Card,Pick Up,6
2877,2103,2260,Cash,Mail,6.5
2878,2103,2260,Cash,Pick Up,6
2879,1218,2261,Credit Card,Mail,6.5
2880,805,2262,Debit Card,Pick Up,6
2881,1362,2263,Debit Card,Pick Up,6
2882,166,2264,Credit Card,Pick Up,6
2883,675,2265,Debit Card,Mail,6.5
2884,1025,2266,Cash,Mail,6.5
2885,4234,2267,Cash,Pick Up,6
2886,4234,2267,Debit Card,Mail,6.5
2887,1500,2268,Cash,Mail,6.5
2888,1500,2268,Cash,Mail,6.5
2889,1315,2269,Debit Card,Pick Up,6
2890,285,2270,Credit Card,Mail,6.5
2891,1704,2271,Credit Card,Pick Up,6
2892,1704,2271,Credit Card,Mail,6.5
2893,1485,2272,Credit Card,Pick Up,6
2894,2508,2273,Credit Card,Mail,6.5
2895,3208,2274,Cash,Pick Up,6
2896,498,2275,Debit Card,Pick Up,6
2897,3405,2276,Credit Card,Mail,6.5
2898,1540,2277,Credit Card,Mail,6.5
2899,3021,2278,Cash,Mail,6.5
2900,3021,2278,Credit Card,Mail,6.5
2901,3192,2279,Credit Card,Pick Up,6
2902,3192,2279,Credit Card,Mail,6.5
2903,2370,2280,Debit Card,Pick Up,6
2904,4240,2281,Cash,Mail,6.5
2905,3197,2282,Debit Card,Pick Up,6
2906,3197,2282,Credit Card,Pick Up,6
2907,4041,2283,Credit Card,Mail,6.5
2908,3239,2284,Debit Card,Pick Up,6
2909,4682,2285,Debit Card,Mail,6.5
2910,3295,2286,Debit Card,Pick Up,6
2911,2702,2287,Cash,Pick Up,6
2912,4376,2288,Cash,Pick Up,6
2913,4578,2289,Cash,Mail,6.5
2914,4578,2289,Credit Card,Pick Up,6
2915,3044,2290,Debit Card,Pick Up,6
2916,3044,2290,Debit Card,Pick Up,6
2917,2738,2291,Cash,Pick Up,6
2918,4594,2292,Cash,Mail,6.5
2919,4375,2293,Cash,Mail,6.5
2920,4375,2293,Cash,Pick Up,6
2921,661,2294,Debit Card,Pick Up,6
2922,3887,2295,Cash,Mail,6.5
2923,4702,2296,Cash,Pick Up,6
2924,4189,2297,Debit Card,Mail,6.5
2925,4510,2298,Debit Card,Mail,6.5
2926,3815,2299,Cash,Pick Up,6
2927,3666,2300,Debit Card,Pick Up,6
2928,3666,2300,Credit Card,Mail,6.5
2929,4014,2301,Cash,Mail,6.5
2930,4014,2301,Credit Card,Pick Up,6
2931,4146,2302,Debit Card,Mail,6.5
2932,4273,2303,Debit Card,Pick Up,6
2933,4303,2304,Credit Card,Pick Up,6
2934,4303,2304,Debit Card,Mail,6.5
2935,2418,2305,Credit Card,Mail,6.5
2936,4309,2306,Credit Card,Mail,6.5
2937,3228,2307,Credit Card,Pick Up,6
2938,2538,2308,Debit Card,Mail,6.5
2939,2724,2309,Cash,Pick Up,6
2940,4563,2310,Credit Card,Pick Up,6
2941,1608,2311,Debit Card,Pick Up,6
2942,1608,2311,Debit Card,Pick Up,6
2943,813,2312,Debit Card,Pick Up,6
2944,813,2312,Cash,Pick Up,6
2945,4281,2313,Credit Card,Mail,6.5
2946,178,2314,Credit Card,Pick Up,6
2947,1523,2315,Credit Card,Mail,6.5
2948,1523,2315,Cash,Mail,6.5
2949,2883,2316,Cash,Pick Up,6
2950,1247,2317,Credit Card,Mail,6.5
2951,811,2318,Debit Card,Pick Up,6
2952,1721,2319,Debit Card,Pick Up,6
2953,1479,2320,Debit Card,Pick Up,6
2954,841,2321,Credit Card,Mail,6.5
2955,1642,2322,Credit Card,Pick Up,6
2956,1642,2322,Debit Card,Pick Up,6
2957,1424,2323,Debit Card,Mail,6.5
2958,1424,2323,Debit Card,Mail,6.5
2959,2135,2324,Debit Card,Mail,6.5
2960,1035,2325,Debit Card,Pick Up,6
2961,4345,2326,Debit Card,Mail,6.5
2962,4345,2326,Debit Card,Pick Up,6
2963,1719,2327,Credit Card,Pick Up,6
2964,174,2328,Credit Card,Pick Up,6
2965,1317,2329,Credit Card,Pick Up,6
2966,587,2330,Debit Card,Pick Up,6
2967,1858,2331,Credit Card,Mail,6.5
2968,1467,2332,Cash,Mail,6.5
2969,2480,2333,Debit Card,Mail,6.5
2970,2480,2333,Credit Card,Pick Up,6
2971,33,2334,Debit Card,Pick Up,6
2972,33,2334,Credit Card,Mail,6.5
2973,336,2335,Credit Card,Pick Up,6
2974,2299,2336,Debit Card,Mail,6.5
2975,629,2337,Credit Card,Mail,6.5
2976,629,2337,Cash,Pick Up,6
2977,1264,2338,Credit Card,Mail,6.5
2978,151,2339,Debit Card,Mail,6.5
2979,1097,2340,Debit Card,Pick Up,6
2980,177,2341,Cash,Mail,6.5
2981,1738,2342,Cash,Mail,6.5
2982,2013,2343,Cash,Mail,6.5
2983,3602,2344,Debit Card,Pick Up,6
2984,3602,2344,Cash,Mail,6.5
2985,4119,2345,Debit Card,Mail,6.5
2986,4119,2345,Debit Card,Mail,6.5
2987,3714,2346,Debit Card,Mail,6.5
2988,4641,2347,Credit Card,Mail,6.5
2989,4295,2348,Credit Card,Mail,6.5
2990,4295,2348,Credit Card,Pick Up,6
2991,4282,2349,Cash,Mail,6.5
2992,2920,2350,Cash,Mail,6.5
2993,3280,2351,Credit Card,Pick Up,6
2994,4472,2352,Credit Card,Pick Up,6
2995,2869,2353,Credit Card,Pick Up,6
2996,3775,2354,Cash,Mail,6.5
2997,3827,2355,Debit Card,Pick Up,6
2998,3827,2355,Cash,Pick Up,6
2999,2622,2356,Cash,Mail,6.5
3000,2622,2356,Debit Card,Pick Up,6
3001,2868,2357,Credit Card,Mail,6.5
3002,3800,2358,Debit Card,Pick Up,6
3003,3821,2359,Credit Card,Pick Up,6
3004,3821,2359,Credit Card,Mail,6.5
3005,4595,2360,Credit Card,Pick Up,6
3006,3034,2361,Debit Card,Mail,6.5
3007,4954,2362,Debit Card,Pick Up,6
3008,3505,2363,Cash,Mail,6.5
3009,3109,2364,Cash,Pick Up,6
3010,4652,2365,Debit Card,Mail,6.5
3011,3391,2366,Debit Card,Pick Up,6
3012,3391,2366,Debit Card,Pick Up,6
3013,3739,2367,Debit Card,Pick Up,6
3014,3739,2367,Credit Card,Pick Up,6
3015,2885,2368,Cash,Pick Up,6
3016,3817,2369,Credit Card,Mail,6.5
3017,4063,2370,Debit Card,Pick Up,6
3018,4063,2370,Debit Card,Pick Up,6
3019,4710,2371,Debit Card,Pick Up,6
3020,4494,2372,Debit Card,Pick Up,6
3021,3867,2373,Cash,Pick Up,6
3022,4245,2374,Debit Card,Mail,6.5
3023,4813,2375,Credit Card,Mail,6.5
3024,3758,2376,Debit Card,Pick Up,6
3025,1827,2377,Credit Card,Mail,6.5
3026,1827,2377,Debit Card,Mail,6.5
3027,397,2378,Debit Card,Pick Up,6
3028,397,2378,Debit Card,Pick Up,6
3029,2594,2379,Credit Card,Mail,6.5
3030,2568,2380,Debit Card,Mail,6.5
3031,357,2381,Debit Card,Mail,6.5
3032,357,2381,Cash,Pick Up,6
3033,1566,2382,Credit Card,Mail,6.5
3034,1936,2383,Credit Card,Pick Up,6
3035,1879,2384,Debit Card,Mail,6.5
3036,1563,2385,Cash,Pick Up,6
3037,1421,2386,Cash,Mail,6.5
3038,1314,2387,Debit Card,Pick Up,6
3039,3226,2388,Cash,Pick Up,6
3040,3226,2388,Credit Card,Pick Up,6
3041,1812,2389,Debit Card,Mail,6.5
3042,1812,2389,Cash,Mail,6.5
3043,1952,2390,Debit Card,Pick Up,6
3044,2256,2391,Cash,Mail,6.5
3045,4835,2392,Debit Card,Pick Up,6
3046,4835,2392,Debit Card,Pick Up,6
3047,2028,2393,Debit Card,Pick Up,6
3048,2146,2394,Credit Card,Pick Up,6
3049,853,2395,Cash,Mail,6.5
3050,2025,2396,Debit Card,Mail,6.5
3051,2051,2397,Cash,Mail,6.5
3052,796,2398,Credit Card,Pick Up,6
3053,1591,2399,Cash,Pick Up,6
3054,1591,2399,Cash,Pick Up,6
3055,1893,2400,Cash,Pick Up,6
3056,1893,2400,Debit Card,Mail,6.5
3057,2543,2401,Debit Card,Pick Up,6
3058,1646,2402,Cash,Pick Up,6
3059,2716,2403,Cash,Pick Up,6
3060,2716,2403,Credit Card,Mail,6.5
3061,40,2404,Debit Card,Pick Up,6
3062,2156,2405,Credit Card,Pick Up,6
3063,2901,2406,Debit Card,Mail,6.5
3064,4580,2407,Cash,Mail,6.5
3065,1382,2408,Cash,Pick Up,6
3066,1468,2409,Cash,Pick Up,6
3067,3265,2410,Cash,Pick Up,6
3068,3265,2410,Cash,Mail,6.5
3069,591,2411,Credit Card,Pick Up,6
3070,591,2411,Debit Card,Mail,6.5
3071,3718,2412,Credit Card,Pick Up,6
3072,4180,2413,Credit Card,Pick Up,6
3073,4444,2414,Debit Card,Mail,6.5
3074,4444,2414,Cash,Mail,6.5
3075,4338,2415,Debit Card,Pick Up,6
3076,4779,2416,Debit Card,Pick Up,6
3077,4930,2417,Credit Card,Mail,6.5
3078,2627,2418,Credit Card,Mail,6.5
3079,1671,2419,Credit Card,Mail,6.5
3080,2998,2420,Cash,Pick Up,6
3081,2837,2421,Credit Card,Mail,6.5
3082,2837,2421,Cash,Pick Up,6
3083,4536,2422,Cash,Pick Up,6
3084,4536,2422,Cash,Pick Up,6
3085,4295,2423,Credit Card,Pick Up,6
3086,2816,2424,Credit Card,Mail,6.5
3087,3688,2425,Cash,Pick Up,6
3088,3688,2425,Cash,Mail,6.5
3089,3859,2426,Cash,Mail,6.5
3090,4337,2427,Credit Card,Pick Up,6
3091,3110,2428,Credit Card,Pick Up,6
3092,4477,2429,Cash,Pick Up,6
3093,4525,2430,Credit Card,Mail,6.5
3094,2894,2431,Cash,Mail,6.5
3095,3847,2432,Cash,Pick Up,6
3096,3847,2432,Credit Card,Pick Up,6
3097,4266,2433,Debit Card,Pick Up,6
3098,4266,2433,Cash,Pick Up,6
3099,3251,2434,Credit Card,Pick Up,6
3100,4274,2435,Debit Card,Pick Up,6
3101,3727,2436,Cash,Pick Up,6
3102,3727,2436,Cash,Mail,6.5
3103,3333,2437,Credit Card,Mail,6.5
3104,4741,2438,Credit Card,Mail,6.5
3105,3190,2439,Debit Card,Mail,6.5
3106,2482,2440,Debit Card,Mail,6.5
3107,2920,2441,Cash,Mail,6.5
3108,2919,2442,Credit Card,Pick Up,6
3109,1834,2443,Cash,Mail,6.5
3110,1834,2443,Cash,Pick Up,6
3111,774,2444,Debit Card,Pick Up,6
3112,774,2444,Cash,Pick Up,6
3113,685,2445,Cash,Mail,6.5
3114,36,2446,Cash,Pick Up,6
3115,3590,2447,Credit Card,Pick Up,6
3116,3590,2447,Cash,Mail,6.5
3117,804,2448,Debit Card,Mail,6.5
3118,1706,2449,Credit Card,Pick Up,6
3119,2081,2450,Cash,Pick Up,6
3120,1862,2451,Cash,Mail,6.5
3121,958,2452,Debit Card,Pick Up,6
3122,4962,2453,Credit Card,Mail,6.5
3123,4565,2454,Cash,Pick Up,6
3124,4565,2454,Cash,Pick Up,6
3125,2412,2455,Cash,Mail,6.5
3126,2412,2455,Credit Card,Pick Up,6
3127,147,2456,Cash,Pick Up,6
3128,204,2457,Cash,Pick Up,6
3129,1679,2458,Debit Card,Mail,6.5
3130,1679,2458,Credit Card,Mail,6.5
3131,539,2459,Debit Card,Mail,6.5
3132,2107,2460,Credit Card,Pick Up,6
3133,85,2461,Cash,Mail,6.5
3134,352,2462,Debit Card,Mail,6.5
3135,2598,2463,Cash,Mail,6.5
3136,737,2464,Credit Card,Pick Up,6
3137,4251,2465,Credit Card,Mail,6.5
3138,4251,2465,Debit Card,Mail,6.5
3139,1163,2466,Credit Card,Mail,6.5
3140,1163,2466,Cash,Mail,6.5
3141,1242,2467,Debit Card,Mail,6.5
3142,564,2468,Cash,Pick Up,6
3143,1473,2469,Debit Card,Pick Up,6
3144,1473,2469,Debit Card,Mail,6.5
3145,1194,2470,Cash,Pick Up,6
3146,4117,2471,Cash,Pick Up,6
3147,1567,2472,Debit Card,Pick Up,6
3148,1250,2473,Debit Card,Pick Up,6
3149,2034,2474,Cash,Pick Up,6
3150,2302,2475,Credit Card,Mail,6.5
3151,4111,2476,Cash,Pick Up,6
3152,4111,2476,Debit Card,Mail,6.5
3153,2414,2477,Cash,Mail,6.5
3154,2414,2477,Cash,Pick Up,6
3155,4005,2478,Credit Card,Pick Up,6
3156,2918,2479,Credit Card,Mail,6.5
3157,3344,2480,Cash,Mail,6.5
3158,3344,2480,Debit Card,Pick Up,6
3159,4293,2481,Credit Card,Pick Up,6
3160,2752,2482,Credit Card,Pick Up,6
3161,2968,2483,Cash,Pick Up,6
3162,2823,2484,Credit Card,Mail,6.5
3163,3536,2485,Credit Card,Pick Up,6
3164,4458,2486,Cash,Pick Up,6
3165,3529,2487,Debit Card,Pick Up,6
3166,3529,2487,Credit Card,Mail,6.5
3167,4154,2488,Credit Card,Pick Up,6
3168,4154,2488,Credit Card,Pick Up,6
3169,3915,2489,Credit Card,Pick Up,6
3170,4271,2490,Credit Card,Pick Up,6
3171,3484,2491,Cash,Pick Up,6
3172,3484,2491,Cash,Pick Up,6
3173,3039,2492,Credit Card,Mail,6.5
3174,3154,2493,Debit Card,Pick Up,6
3175,4510,2494,Cash,Pick Up,6
3176,364,2495,Cash,Pick Up,6
3177,4805,2496,Credit Card,Pick Up,6
3178,4579,2497,Cash,Mail,6.5
3179,3873,2498,Debit Card,Mail,6.5
3180,3873,2498,Cash,Mail,6.5
3181,4400,2499,Cash,Pick Up,6
3182,4400,2499,Cash,Mail,6.5
3183,2800,2500,Debit Card,Pick Up,6
3184,4953,2501,Debit Card,Mail,6.5
3185,4553,2502,Cash,Mail,6.5
3186,4553,2502,Cash,Mail,6.5
3187,2857,2503,Credit Card,Mail,6.5
3188,4193,2504,Debit Card,Mail,6.5
3189,2700,2505,Debit Card,Pick Up,6
3190,4201,2506,Credit Card,Pick Up,6
3191,4577,2507,Credit Card,Mail,6.5
3192,2652,2508,Cash,Pick Up,6
3193,1991,2509,Cash,Pick Up,6
3194,1991,2509,Credit Card,Pick Up,6
3195,2508,2510,Debit Card,Mail,6.5
3196,2508,2510,Debit Card,Pick Up,6
3197,2885,2511,Cash,Pick Up,6
3198,1942,2512,Debit Card,Mail,6.5
3199,450,2513,Cash,Pick Up,6
3200,450,2513,Debit Card,Pick Up,6
3201,2163,2514,Credit Card,Pick Up,6
3202,383,2515,Cash,Mail,6.5
3203,1668,2516,Cash,Pick Up,6
3204,209,2517,Cash,Pick Up,6
3205,1448,2518,Cash,Mail,6.5
3206,187,2519,Credit Card,Mail,6.5
3207,1752,2520,Cash,Pick Up,6
3208,1752,2520,Debit Card,Mail,6.5
3209,1835,2521,Cash,Pick Up,6
3210,1835,2521,Credit Card,Pick Up,6
3211,1775,2522,Debit Card,Mail,6.5
3212,934,2523,Cash,Mail,6.5
3213,1098,2524,Debit Card,Mail,6.5
3214,1098,2524,Cash,Mail,6.5
3215,1114,2525,Credit Card,Pick Up,6
3216,226,2526,Cash,Mail,6.5
3217,1581,2527,Cash,Mail,6.5
3218,1698,2528,Credit Card,Pick Up,6
3219,4911,2529,Credit Card,Pick Up,6
3220,3748,2530,Cash,Pick Up,6
3221,60,2531,Credit Card,Pick Up,6
3222,60,2531,Cash,Pick Up,6
3223,1599,2532,Cash,Mail,6.5
3224,1599,2532,Debit Card,Mail,6.5
3225,1590,2533,Cash,Pick Up,6
3226,139,2534,Credit Card,Pick Up,6
3227,410,2535,Debit Card,Pick Up,6
3228,410,2535,Debit Card,Pick Up,6
3229,977,2536,Cash,Mail,6.5
3230,709,2537,Credit Card,Pick Up,6
3231,2088,2538,Debit Card,Mail,6.5
3232,1965,2539,Credit Card,Pick Up,6
3233,2464,2540,Cash,Pick Up,6
3234,1974,2541,Debit Card,Pick Up,6
3235,4396,2542,Cash,Pick Up,6
3236,4396,2542,Debit Card,Pick Up,6
3237,3339,2543,Debit Card,Pick Up,6
3238,3339,2543,Debit Card,Mail,6.5
3239,2716,2544,Debit Card,Mail,6.5
3240,4678,2545,Debit Card,Pick Up,6
3241,3000,2546,Cash,Pick Up,6
3242,3000,2546,Credit Card,Mail,6.5
3243,3617,2547,Cash,Mail,6.5
3244,1575,2548,Debit Card,Pick Up,6
3245,548,2549,Debit Card,Mail,6.5
3246,1089,2550,Cash,Mail,6.5
3247,4184,2551,Cash,Pick Up,6
3248,2744,2552,Debit Card,Pick Up,6
3249,1385,2553,Cash,Mail,6.5
3250,1385,2553,Debit Card,Mail,6.5
3251,815,2554,Credit Card,Pick Up,6
3252,815,2554,Credit Card,Mail,6.5
3253,4034,2555,Credit Card,Mail,6.5
3254,3939,2556,Cash,Pick Up,6
3255,3500,2557,Credit Card,Pick Up,6
3256,3500,2557,Credit Card,Pick Up,6
3257,4045,2558,Cash,Pick Up,6
3258,3666,2559,Credit Card,Pick Up,6
3259,4403,2560,Debit Card,Mail,6.5
3260,3089,2561,Cash,Mail,6.5
3261,3670,2562,Cash,Pick Up,6
3262,3747,2563,Cash,Mail,6.5
3263,2922,2564,Cash,Mail,6.5
3264,2922,2564,Debit Card,Pick Up,6
3265,3211,2565,Cash,Mail,6.5
3266,3211,2565,Credit Card,Pick Up,6
3267,3912,2566,Credit Card,Mail,6.5
3268,2315,2567,Debit Card,Mail,6.5
3269,3189,2568,Cash,Mail,6.5
3270,3189,2568,Cash,Pick Up,6
3271,4734,2569,Cash,Pick Up,6
3272,2679,2570,Cash,Pick Up,6
3273,4589,2571,Cash,Pick Up,6
3274,3082,2572,Cash,Pick Up,6
3275,2974,2573,Cash,Pick Up,6
3276,4193,2574,Credit Card,Mail,6.5
3277,2207,2575,Cash,Pick Up,6
3278,2207,2575,Debit Card,Pick Up,6
3279,909,2576,Cash,Mail,6.5
3280,909,2576,Debit Card,Pick Up,6
3281,1465,2577,Cash,Pick Up,6
3282,1048,2578,Credit Card,Pick Up,6
3283,636,2579,Cash,Pick Up,6
3284,636,2579,Cash,Mail,6.5
3285,1112,2580,Debit Card,Pick Up,6
3286,2400,2581,Cash,Pick Up,6
3287,1681,2582,Cash,Mail,6.5
3288,1073,2583,Credit Card,Pick Up,6
3289,1355,2584,Debit Card,Pick Up,6
3290,631,2585,Debit Card,Mail,6.5
3291,3121,2586,Credit Card,Mail,6.5
3292,3121,2586,Debit Card,Mail,6.5
3293,616,2587,Debit Card,Mail,6.5
3294,616,2587,Debit Card,Mail,6.5
3295,3636,2588,Debit Card,Mail,6.5
3296,2426,2589,Debit Card,Mail,6.5
3297,1438,2590,Cash,Pick Up,6
3298,1438,2590,Cash,Pick Up,6
3299,459,2591,Debit Card,Mail,6.5
3300,348,2592,Cash,Pick Up,6
3301,951,2593,Cash,Pick Up,6
3302,1686,2594,Debit Card,Pick Up,6
3303,1597,2595,Credit Card,Pick Up,6
3304,2496,2596,Debit Card,Pick Up,6
3305,4900,2597,Cash,Pick Up,6
3306,4900,2597,Credit Card,Pick Up,6
3307,1981,2598,Debit Card,Mail,6.5
3308,1981,2598,Debit Card,Pick Up,6
3309,1807,2599,Debit Card,Pick Up,6
3310,350,2600,Debit Card,Mail,6.5
3311,1790,2601,Debit Card,Mail,6.5
3312,1790,2601,Cash,Mail,6.5
3313,1780,2602,Cash,Pick Up,6
3314,1544,2603,Credit Card,Pick Up,6
3315,812,2604,Credit Card,Pick Up,6
3316,2526,2605,Debit Card,Pick Up,6
3317,2195,2606,Debit Card,Mail,6.5
3318,510,2607,Debit Card,Pick Up,6
3319,3872,2608,Debit Card,Mail,6.5
3320,3872,2608,Debit Card,Pick Up,6
3321,2948,2609,Debit Card,Mail,6.5
3322,2948,2609,Credit Card,Mail,6.5
3323,2850,2610,Credit Card,Pick Up,6
3324,3229,2611,Credit Card,Pick Up,6
3325,2848,2612,Credit Card,Pick Up,6
3326,2848,2612,Cash,Mail,6.5
3327,3373,2613,Credit Card,Pick Up,6
3328,4835,2614,Debit Card,Mail,6.5
3329,4383,2615,Cash,Pick Up,6
3330,4401,2616,Cash,Pick Up,6
3331,2783,2617,Cash,Mail,6.5
3332,3079,2618,Credit Card,Mail,6.5
3333,4329,2619,Cash,Mail,6.5
3334,4329,2619,Debit Card,Pick Up,6
3335,4714,2620,Cash,Pick Up,6
3336,4714,2620,Debit Card,Pick Up,6
3337,4739,2621,Cash,Mail,6.5
3338,3972,2622,Credit Card,Mail,6.5
3339,2877,2623,Debit Card,Mail,6.5
3340,2877,2623,Cash,Pick Up,6
3341,2814,2624,Debit Card,Pick Up,6
3342,2645,2625,Cash,Mail,6.5
3343,3943,2626,Debit Card,Mail,6.5
3344,3894,2627,Credit Card,Mail,6.5
3345,2912,2628,Cash,Mail,6.5
3346,4005,2629,Cash,Mail,6.5
3347,4691,2630,Cash,Pick Up,6
3348,4691,2630,Debit Card,Pick Up,6
3349,4412,2631,Cash,Pick Up,6
3350,4412,2631,Credit Card,Mail,6.5
3351,3020,2632,Debit Card,Mail,6.5
3352,2930,2633,Cash,Pick Up,6
3353,4269,2634,Credit Card,Pick Up,6
3354,4269,2634,Debit Card,Pick Up,6
3355,3209,2635,Credit Card,Pick Up,6
3356,4325,2636,Debit Card,Mail,6.5
3357,3313,2637,Debit Card,Pick Up,6
3358,2925,2638,Debit Card,Mail,6.5
3359,4870,2639,Debit Card,Pick Up,6
3360,2704,2640,Debit Card,Pick Up,6
3361,2387,2641,Debit Card,Mail,6.5
3362,2387,2641,Debit Card,Pick Up,6
3363,93,2642,Credit Card,Mail,6.5
3364,93,2642,Debit Card,Mail,6.5
3365,1139,2643,Credit Card,Mail,6.5
3366,2232,2644,Debit Card,Pick Up,6
3367,2367,2645,Debit Card,Pick Up,6
3368,2367,2645,Credit Card,Mail,6.5
3369,2180,2646,Debit Card,Pick Up,6
3370,1617,2647,Cash,Pick Up,6
3371,2323,2648,Debit Card,Pick Up,6
3372,2420,2649,Credit Card,Mail,6.5
3373,2128,2650,Debit Card,Pick Up,6
3374,1684,2651,Cash,Pick Up,6
3375,499,2652,Credit Card,Mail,6.5
3376,499,2652,Credit Card,Mail,6.5
3377,928,2653,Cash,Mail,6.5
3378,928,2653,Credit Card,Pick Up,6
3379,999,2654,Cash,Pick Up,6
3380,1478,2655,Credit Card,Pick Up,6
3381,1983,2656,Debit Card,Pick Up,6
3382,1983,2656,Debit Card,Mail,6.5
3383,4644,2657,Cash,Pick Up,6
3384,4403,2658,Cash,Pick Up,6
3385,1981,2659,Cash,Pick Up,6
3386,2381,2660,Debit Card,Mail,6.5
3387,1051,2661,Cash,Pick Up,6
3388,1819,2662,Cash,Pick Up,6
3389,602,2663,Credit Card,Mail,6.5
3390,602,2663,Credit Card,Mail,6.5
3391,12,2664,Debit Card,Pick Up,6
3392,12,2664,Credit Card,Pick Up,6
3393,1017,2665,Cash,Mail,6.5
3394,1192,2666,Credit Card,Pick Up,6
3395,4333,2667,Debit Card,Mail,6.5
3396,4333,2667,Debit Card,Mail,6.5
3397,1771,2668,Debit Card,Mail,6.5
3398,3570,2669,Credit Card,Mail,6.5
3399,1589,2670,Debit Card,Pick Up,6
3400,110,2671,Debit Card,Pick Up,6
3401,1111,2672,Credit Card,Mail,6.5
3402,1571,2673,Cash,Mail,6.5
3403,2628,2674,Debit Card,Mail,6.5
3404,2628,2674,Debit Card,Pick Up,6
3405,4409,2675,Debit Card,Pick Up,6
3406,4409,2675,Debit Card,Mail,6.5
3407,3297,2676,Credit Card,Mail,6.5
3408,4412,2677,Credit Card,Mail,6.5
3409,4751,2678,Debit Card,Mail,6.5
3410,4751,2678,Credit Card,Mail,6.5
3411,2678,2679,Debit Card,Mail,6.5
3412,3005,2680,Debit Card,Pick Up,6
3413,2454,2681,Debit Card,Pick Up,6
3414,1895,2682,Credit Card,Pick Up,6
3415,3777,2683,Debit Card,Pick Up,6
3416,4645,2684,Cash,Mail,6.5
3417,2651,2685,Cash,Pick Up,6
3418,2651,2685,Cash,Pick Up,6
3419,54,2686,Credit Card,Pick Up,6
3420,54,2686,Debit Card,Mail,6.5
3421,3153,2687,Cash,Pick Up,6
3422,3984,2688,Debit Card,Pick Up,6
3423,1189,2689,Cash,Pick Up,6
3424,1189,2689,Cash,Pick Up,6
3425,3885,2690,Debit Card,Mail,6.5
3426,2760,2691,Debit Card,Pick Up,6
3427,4394,2692,Cash,Pick Up,6
3428,3166,2693,Credit Card,Mail,6.5
3429,4853,2694,Debit Card,Mail,6.5
3430,3091,2695,Cash,Pick Up,6
3431,2671,2696,Cash,Pick Up,6
3432,2671,2696,Cash,Mail,6.5
3433,4479,2697,Cash,Pick Up,6
3434,4479,2697,Cash,Mail,6.5
3435,3675,2698,Debit Card,Mail,6.5
3436,3869,2699,Credit Card,Mail,6.5
3437,3956,2700,Debit Card,Pick Up,6
3438,3956,2700,Credit Card,Mail,6.5
3439,4393,2701,Debit Card,Pick Up,6
3440,3868,2702,Cash,Pick Up,6
3441,3091,2703,Debit Card,Mail,6.5
3442,4822,2704,Cash,Pick Up,6
3443,3652,2705,Credit Card,Pick Up,6
3444,4035,2706,Credit Card,Mail,6.5
3445,453,2707,Debit Card,Pick Up,6
3446,453,2707,Credit Card,Mail,6.5
3447,630,2708,Credit Card,Pick Up,6
3448,630,2708,Cash,Pick Up,6
3449,1409,2709,Credit Card,Pick Up,6
3450,421,2710,Debit Card,Mail,6.5
3451,1604,2711,Debit Card,Mail,6.5
3452,1604,2711,Credit Card,Pick Up,6
3453,1363,2712,Debit Card,Mail,6.5
3454,272,2713,Credit Card,Pick Up,6
3455,2439,2714,Cash,Pick Up,6
3456,1282,2715,Debit Card,Mail,6.5
3457,2255,2716,Debit Card,Pick Up,6
3458,952,2717,Cash,Pick Up,6
3459,809,2718,Credit Card,Pick Up,6
3460,809,2718,Cash,Pick Up,6
3461,1032,2719,Debit Card,Pick Up,6
3462,1032,2719,Credit Card,Pick Up,6
3463,2310,2720,Credit Card,Pick Up,6
3464,2336,2721,Cash,Pick Up,6
3465,1939,2722,Credit Card,Pick Up,6
3466,1939,2722,Debit Card,Mail,6.5
3467,803,2723,Cash,Mail,6.5
3468,2433,2724,Cash,Pick Up,6
3469,1866,2725,Cash,Pick Up,6
3470,2244,2726,Cash,Mail,6.5
3471,2477,2727,Cash,Mail,6.5
3472,2385,2728,Debit Card,Pick Up,6
3473,1664,2729,Cash,Pick Up,6
3474,1664,2729,Credit Card,Pick Up,6
3475,2094,2730,Debit Card,Mail,6.5
3476,2094,2730,Credit Card,Mail,6.5
3477,1121,2731,Credit Card,Pick Up,6
3478,2374,2732,Credit Card,Mail,6.5
3479,1235,2733,Debit Card,Pick Up,6
3480,1235,2733,Credit Card,Pick Up,6
3481,4460,2734,Debit Card,Pick Up,6
3482,2300,2735,Cash,Mail,6.5
3483,622,2736,Debit Card,Mail,6.5
3484,1621,2737,Debit Card,Mail,6.5
3485,2311,2738,Credit Card,Pick Up,6
3486,1949,2739,Cash,Mail,6.5
3487,544,2740,Cash,Pick Up,6
3488,544,2740,Cash,Mail,6.5
3489,2916,2741,Debit Card,Mail,6.5
3490,2916,2741,Credit Card,Pick Up,6
3491,4952,2742,Debit Card,Mail,6.5
3492,4399,2743,Credit Card,Mail,6.5
3493,2866,2744,Debit Card,Pick Up,6
3494,2866,2744,Cash,Pick Up,6
3495,1132,2745,Cash,Pick Up,6
3496,3527,2746,Cash,Pick Up,6
3497,4077,2747,Cash,Pick Up,6
3498,3304,2748,Credit Card,Pick Up,6
3499,4429,2749,Cash,Pick Up,6
3500,2211,2750,Debit Card,Mail,6.5
3501,2885,2751,Credit Card,Mail,6.5
3502,2885,2751,Credit Card,Mail,6.5
3503,4400,2752,Cash,Mail,6.5
3504,4400,2752,Cash,Pick Up,6
3505,3926,2753,Credit Card,Pick Up,6
3506,2650,2754,Debit Card,Mail,6.5
3507,2825,2755,Cash,Pick Up,6
3508,2825,2755,Cash,Pick Up,6
3509,4084,2756,Debit Card,Pick Up,6
3510,2681,2757,Cash,Mail,6.5
3511,3279,2758,Cash,Pick Up,6
3512,4403,2759,Debit Card,Pick Up,6
3513,3185,2760,Credit Card,Mail,6.5
3514,3643,2761,Debit Card,Mail,6.5
3515,3929,2762,Debit Card,Mail,6.5
3516,3929,2762,Cash,Mail,6.5
3517,4848,2763,Debit Card,Pick Up,6
3518,4848,2763,Debit Card,Mail,6.5
3519,4732,2764,Cash,Pick Up,6
3520,3963,2765,Credit Card,Mail,6.5
3521,2615,2766,Debit Card,Mail,6.5
3522,2615,2766,Credit Card,Pick Up,6
3523,1119,2767,Cash,Pick Up,6
3524,4350,2768,Debit Card,Mail,6.5
3525,4189,2769,Cash,Pick Up,6
3526,22,2770,Cash,Mail,6.5
3527,3844,2771,Debit Card,Mail,6.5
3528,3399,2772,Credit Card,Mail,6.5
3529,2464,2773,Debit Card,Pick Up,6
3530,2464,2773,Credit Card,Mail,6.5
3531,3107,2774,Debit Card,Pick Up,6
3532,3107,2774,Debit Card,Pick Up,6
3533,3135,2775,Cash,Mail,6.5
3534,1435,2776,Debit Card,Pick Up,6
3535,1111,2777,Debit Card,Pick Up,6
3536,1111,2777,Cash,Pick Up,6
3537,1318,2778,Cash,Mail,6.5
3538,56,2779,Cash,Mail,6.5
3539,690,2780,Cash,Mail,6.5
3540,2531,2781,Credit Card,Mail,6.5
3541,591,2782,Debit Card,Pick Up,6
3542,307,2783,Cash,Mail,6.5
3543,1445,2784,Credit Card,Mail,6.5
3544,1445,2784,Cash,Mail,6.5
3545,2528,2785,Cash,Mail,6.5
3546,2528,2785,Credit Card,Mail,6.5
3547,2161,2786,Debit Card,Mail,6.5
3548,1158,2787,Cash,Mail,6.5
3549,1572,2788,Cash,Mail,6.5
3550,1572,2788,Cash,Pick Up,6
3551,575,2789,Cash,Pick Up,6
3552,853,2790,Credit Card,Pick Up,6
3553,322,2791,Debit Card,Pick Up,6
3554,3166,2792,Debit Card,Pick Up,6
3555,1125,2793,Debit Card,Pick Up,6
3556,1066,2794,Credit Card,Pick Up,6
3557,1786,2795,Debit Card,Mail,6.5
3558,1786,2795,Cash,Mail,6.5
3559,1827,2796,Debit Card,Mail,6.5
3560,1827,2796,Debit Card,Pick Up,6
3561,2157,2797,Credit Card,Mail,6.5
3562,1889,2798,Debit Card,Pick Up,6
3563,2116,2799,Credit Card,Mail,6.5
3564,2116,2799,Cash,Pick Up,6
3565,206,2800,Cash,Pick Up,6
3566,4786,2801,Debit Card,Mail,6.5
3567,501,2802,Debit Card,Mail,6.5
3568,2393,2803,Cash,Pick Up,6
3569,2589,2804,Credit Card,Pick Up,6
3570,1516,2805,Cash,Pick Up,6
3571,4779,2806,Cash,Pick Up,6
3572,4779,2806,Cash,Pick Up,6
3573,2852,2807,Cash,Mail,6.5
3574,2852,2807,Cash,Pick Up,6
3575,3197,2808,Credit Card,Mail,6.5
3576,4368,2809,Cash,Pick Up,6
3577,2628,2810,Cash,Pick Up,6
3578,2628,2810,Cash,Mail,6.5
3579,2846,2811,Cash,Pick Up,6
3580,3347,2812,Debit Card,Pick Up,6
3581,3396,2813,Debit Card,Mail,6.5
3582,2624,2814,Cash,Pick Up,6
3583,3780,2815,Debit Card,Mail,6.5
3584,4246,2816,Cash,Pick Up,6
3585,2642,2817,Debit Card,Pick Up,6
3586,2642,2817,Credit Card,Mail,6.5
3587,3345,2818,Debit Card,Mail,6.5
3588,3345,2818,Debit Card,Mail,6.5
3589,4386,2819,Cash,Pick Up,6
3590,1190,2820,Debit Card,Pick Up,6
3591,4104,2821,Debit Card,Mail,6.5
3592,4104,2821,Debit Card,Pick Up,6
3593,520,2822,Debit Card,Pick Up,6
3594,2838,2823,Debit Card,Mail,6.5
3595,4595,2824,Debit Card,Pick Up,6
3596,4408,2825,Credit Card,Mail,6.5
3597,4204,2826,Cash,Mail,6.5
3598,4046,2827,Cash,Pick Up,6
3599,4699,2828,Cash,Pick Up,6
3600,4699,2828,Cash,Mail,6.5
3601,3787,2829,Credit Card,Mail,6.5
3602,3787,2829,Debit Card,Mail,6.5
3603,4120,2830,Debit Card,Pick Up,6
3604,3242,2831,Debit Card,Pick Up,6
3605,3846,2832,Cash,Pick Up,6
3606,3846,2832,Cash,Mail,6.5
3607,3534,2833,Credit Card,Mail,6.5
3608,356,2834,Credit Card,Pick Up,6
3609,4720,2835,Debit Card,Mail,6.5
3610,2685,2836,Debit Card,Mail,6.5
3611,261,2837,Credit Card,Mail,6.5
3612,3142,2838,Debit Card,Pick Up,6
3613,770,2839,Cash,Pick Up,6
3614,770,2839,Debit Card,Pick Up,6
3615,1365,2840,Debit Card,Mail,6.5
3616,1365,2840,Credit Card,Pick Up,6
3617,1421,2841,Cash,Pick Up,6
3618,1478,2842,Debit Card,Pick Up,6
3619,2230,2843,Cash,Mail,6.5
3620,2230,2843,Credit Card,Mail,6.5
3621,517,2844,Credit Card,Pick Up,6
3622,753,2845,Credit Card,Pick Up,6
3623,1604,2846,Cash,Pick Up,6
3624,1151,2847,Credit Card,Mail,6.5
3625,1474,2848,Debit Card,Mail,6.5
3626,1418,2849,Cash,Pick Up,6
3627,1245,2850,Credit Card,Pick Up,6
3628,1245,2850,Debit Card,Pick Up,6
3629,661,2851,Credit Card,Pick Up,6
3630,661,2851,Credit Card,Mail,6.5
3631,446,2852,Credit Card,Pick Up,6
3632,1861,2853,Cash,Pick Up,6
3633,135,2854,Credit Card,Mail,6.5
3634,135,2854,Debit Card,Mail,6.5
3635,2198,2855,Debit Card,Pick Up,6
3636,86,2856,Debit Card,Mail,6.5
3637,2596,2857,Credit Card,Mail,6.5
3638,2323,2858,Credit Card,Pick Up,6
3639,932,2859,Debit Card,Pick Up,6
3640,235,2860,Debit Card,Pick Up,6
3641,625,2861,Cash,Pick Up,6
3642,625,2861,Cash,Mail,6.5
3643,275,2862,Cash,Mail,6.5
3644,275,2862,Debit Card,Pick Up,6
3645,486,2863,Debit Card,Pick Up,6
3646,2253,2864,Cash,Mail,6.5
3647,1639,2865,Cash,Pick Up,6
3648,1639,2865,Credit Card,Mail,6.5
3649,784,2866,Debit Card,Pick Up,6
3650,71,2867,Debit Card,Pick Up,6
3651,3897,2868,Credit Card,Pick Up,6
3652,232,2869,Credit Card,Mail,6.5
3653,1207,2870,Debit Card,Mail,6.5
3654,1608,2871,Cash,Pick Up,6
3655,889,2872,Debit Card,Pick Up,6
3656,889,2872,Debit Card,Pick Up,6
3657,3702,2873,Credit Card,Pick Up,6
3658,3702,2873,Cash,Pick Up,6
3659,3124,2874,Debit Card,Mail,6.5
3660,3621,2875,Credit Card,Pick Up,6
3661,4429,2876,Cash,Mail,6.5
3662,4429,2876,Debit Card,Mail,6.5
3663,2645,2877,Cash,Pick Up,6
3664,3402,2878,Cash,Mail,6.5
3665,3799,2879,Cash,Mail,6.5
3666,4360,2880,Credit Card,Pick Up,6
3667,4177,2881,Credit Card,Mail,6.5
3668,3544,2882,Debit Card,Mail,6.5
3669,4236,2883,Cash,Mail,6.5
3670,4236,2883,Debit Card,Mail,6.5
3671,4040,2884,Debit Card,Mail,6.5
3672,4040,2884,Credit Card,Pick Up,6
3673,2817,2885,Cash,Mail,6.5
3674,3751,2886,Cash,Mail,6.5
3675,4805,2887,Debit Card,Mail,6.5
3676,4805,2887,Credit Card,Mail,6.5
3677,3168,2888,Credit Card,Pick Up,6
3678,1653,2889,Debit Card,Pick Up,6
3679,3054,2890,Cash,Pick Up,6
3680,164,2891,Cash,Mail,6.5
3681,4455,2892,Credit Card,Pick Up,6
3682,3298,2893,Cash,Pick Up,6
3683,3293,2894,Debit Card,Pick Up,6
3684,3293,2894,Credit Card,Pick Up,6
3685,3247,2895,Debit Card,Mail,6.5
3686,3247,2895,Debit Card,Pick Up,6
3687,4141,2896,Cash,Pick Up,6
3688,1316,2897,Credit Card,Pick Up,6
3689,2650,2898,Credit Card,Pick Up,6
3690,2650,2898,Cash,Pick Up,6
3691,2818,2899,Cash,Mail,6.5
3692,3275,2900,Cash,Mail,6.5
3693,3770,2901,Cash,Mail,6.5
3694,3757,2902,Credit Card,Pick Up,6
3695,3344,2903,Cash,Mail,6.5
3696,2630,2904,Credit Card,Mail,6.5
3697,1898,2905,Cash,Mail,6.5
3698,1898,2905,Debit Card,Pick Up,6
3699,2094,2906,Cash,Mail,6.5
3700,2094,2906,Cash,Mail,6.5
3701,1156,2907,Debit Card,Mail,6.5
3702,1789,2908,Cash,Mail,6.5
3703,330,2909,Debit Card,Pick Up,6
3704,330,2909,Credit Card,Mail,6.5
3705,380,2910,Debit Card,Pick Up,6
3706,1891,2911,Credit Card,Pick Up,6
3707,2218,2912,Cash,Pick Up,6
3708,2177,2913,Debit Card,Pick Up,6
3709,1379,2914,Debit Card,Pick Up,6
3710,2219,2915,Debit Card,Pick Up,6
3711,3506,2916,Cash,Pick Up,6
3712,3506,2916,Cash,Pick Up,6
3713,2186,2917,Cash,Pick Up,6
3714,2186,2917,Debit Card,Mail,6.5
3715,1338,2918,Cash,Mail,6.5
3716,850,2919,Debit Card,Pick Up,6
3717,2404,2920,Cash,Mail,6.5
3718,2404,2920,Credit Card,Pick Up,6
3719,1398,2921,Cash,Mail,6.5
3720,1372,2922,Credit Card,Pick Up,6
3721,427,2923,Cash,Mail,6.5
3722,1260,2924,Cash,Pick Up,6
3723,1366,2925,Credit Card,Pick Up,6
3724,1149,2926,Cash,Mail,6.5
3725,1476,2927,Credit Card,Pick Up,6
3726,1476,2927,Credit Card,Mail,6.5
3727,1192,2928,Debit Card,Pick Up,6
3728,1192,2928,Credit Card,Mail,6.5
3729,1267,2929,Credit Card,Pick Up,6
3730,4530,2930,Debit Card,Mail,6.5
3731,2435,2931,Credit Card,Pick Up,6
3732,2435,2931,Credit Card,Pick Up,6
3733,2125,2932,Debit Card,Pick Up,6
3734,1227,2933,Cash,Pick Up,6
3735,1455,2934,Credit Card,Pick Up,6
3736,1812,2935,Debit Card,Pick Up,6
3737,991,2936,Cash,Pick Up,6
3738,131,2937,Debit Card,Mail,6.5
3739,4564,2938,Cash,Mail,6.5
3740,4564,2938,Cash,Pick Up,6
3741,4102,2939,Cash,Pick Up,6
3742,4102,2939,Credit Card,Mail,6.5
3743,3662,2940,Cash,Mail,6.5
3744,4604,2941,Credit Card,Mail,6.5
3745,4777,2942,Cash,Mail,6.5
3746,4777,2942,Credit Card,Pick Up,6
3747,3040,2943,Cash,Pick Up,6
3748,3468,2944,Cash,Pick Up,6
3749,3031,2945,Debit Card,Pick Up,6
3750,3846,2946,Cash,Pick Up,6
3751,4698,2947,Credit Card,Pick Up,6
3752,3778,2948,Cash,Pick Up,6
3753,3665,2949,Cash,Mail,6.5
3754,3665,2949,Cash,Mail,6.5
3755,4387,2950,Credit Card,Mail,6.5
3756,4387,2950,Debit Card,Pick Up,6
3757,3613,2951,Debit Card,Pick Up,6
3758,3573,2952,Cash,Mail,6.5
3759,4165,2953,Debit Card,Mail,6.5
3760,4165,2953,Debit Card,Pick Up,6
3761,4946,2954,Credit Card,Pick Up,6
3762,2861,2955,Debit Card,Pick Up,6
3763,4016,2956,Debit Card,Mail,6.5
3764,1027,2957,Debit Card,Pick Up,6
3765,4846,2958,Credit Card,Mail,6.5
3766,192,2959,Credit Card,Mail,6.5
3767,4289,2960,Cash,Pick Up,6
3768,4289,2960,Cash,Pick Up,6
3769,4160,2961,Debit Card,Mail,6.5
3770,4160,2961,Credit Card,Pick Up,6
3771,75,2962,Credit Card,Mail,6.5
3772,3500,2963,Debit Card,Pick Up,6
3773,3268,2964,Credit Card,Pick Up,6
3774,3268,2964,Debit Card,Pick Up,6
3775,3723,2965,Debit Card,Pick Up,6
3776,4702,2966,Credit Card,Pick Up,6
3777,4220,2967,Cash,Pick Up,6
3778,365,2968,Cash,Pick Up,6
3779,2676,2969,Credit Card,Mail,6.5
3780,3720,2970,Credit Card,Mail,6.5
3781,468,2971,Credit Card,Pick Up,6
3782,468,2971,Credit Card,Mail,6.5
3783,2384,2972,Debit Card,Pick Up,6
3784,2384,2972,Debit Card,Mail,6.5
3785,1496,2973,Debit Card,Mail,6.5
3786,475,2974,Debit Card,Pick Up,6
3787,2100,2975,Debit Card,Mail,6.5
3788,2100,2975,Debit Card,Pick Up,6
3789,545,2976,Cash,Pick Up,6
4993,1410,3922,Credit Card,Pick Up,6
4994,937,3923,Debit Card,Pick Up,6
4995,563,3924,Cash,Mail,6.5
4996,2564,3925,Credit Card,Pick Up,6
4997,1341,3926,Debit Card,Pick Up,6
4998,315,3927,Debit Card,Pick Up,6
4999,2698,3928,Debit Card,Pick Up,6
5000,2698,3928,Cash,Mail,6.5
5001,3424,3929,Cash,Pick Up,6
5002,3424,3929,Credit Card,Pick Up,6
5003,4889,3930,Cash,Mail,6.5
5004,3739,3931,Cash,Mail,6.5
5005,2719,3932,Debit Card,Mail,6.5
5006,2719,3932,Cash,Mail,6.5
5007,4239,3933,Cash,Mail,6.5
5008,2712,3934,Debit Card,Pick Up,6
5009,3893,3935,Debit Card,Pick Up,6
5010,3122,3936,Debit Card,Pick Up,6
5011,3162,3937,Debit Card,Mail,6.5
5012,3343,3938,Cash,Mail,6.5
5013,4887,3939,Cash,Pick Up,6
5014,4887,3939,Cash,Pick Up,6
5015,4740,3940,Cash,Mail,6.5
5016,4740,3940,Cash,Mail,6.5
5017,1159,3941,Debit Card,Pick Up,6
5018,4809,3942,Credit Card,Pick Up,6
5019,3224,3943,Cash,Mail,6.5
5020,3224,3943,Debit Card,Mail,6.5
5021,3676,3944,Credit Card,Pick Up,6
5022,3761,3945,Debit Card,Pick Up,6
5023,2578,3946,Cash,Mail,6.5
5024,4738,3947,Cash,Pick Up,6
5025,3967,3948,Cash,Mail,6.5
5026,4331,3949,Credit Card,Mail,6.5
5027,4755,3950,Cash,Pick Up,6
5028,4755,3950,Credit Card,Mail,6.5
5029,3643,3951,Credit Card,Mail,6.5
5030,3643,3951,Cash,Pick Up,6
5031,2701,3952,Cash,Pick Up,6
5032,4729,3953,Credit Card,Pick Up,6
5033,4998,3954,Credit Card,Mail,6.5
5034,4998,3954,Cash,Pick Up,6
5035,4636,3955,Debit Card,Mail,6.5
5036,1052,3956,Debit Card,Pick Up,6
5037,3645,3957,Cash,Pick Up,6
5038,4902,3958,Credit Card,Mail,6.5
5039,3456,3959,Debit Card,Mail,6.5
5040,3190,3960,Cash,Mail,6.5
5041,247,3961,Credit Card,Mail,6.5
5042,247,3961,Debit Card,Mail,6.5
5043,3403,3962,Debit Card,Pick Up,6
5044,3403,3962,Credit Card,Mail,6.5
5045,1219,3963,Debit Card,Pick Up,6
5046,2407,3964,Cash,Mail,6.5
5047,2052,3965,Cash,Mail,6.5
5048,2052,3965,Cash,Pick Up,6
5049,1493,3966,Debit Card,Mail,6.5
5050,4345,3967,Credit Card,Pick Up,6
5051,1085,3968,Cash,Pick Up,6
5052,1613,3969,Cash,Mail,6.5
5053,443,3970,Credit Card,Pick Up,6
5054,1705,3971,Cash,Mail,6.5
5055,1601,3972,Cash,Pick Up,6
5056,1601,3972,Credit Card,Pick Up,6
5057,266,3973,Credit Card,Mail,6.5
5058,266,3973,Credit Card,Pick Up,6
5059,2357,3974,Credit Card,Pick Up,6
5060,182,3975,Debit Card,Pick Up,6
5061,1275,3976,Cash,Mail,6.5
5062,1275,3976,Debit Card,Mail,6.5
5063,1652,3977,Credit Card,Pick Up,6
5064,1230,3978,Cash,Pick Up,6
5065,1374,3979,Debit Card,Mail,6.5
5066,3715,3980,Credit Card,Pick Up,6
5067,1475,3981,Credit Card,Pick Up,6
5068,2279,3982,Debit Card,Pick Up,6
5069,1272,3983,Cash,Mail,6.5
5070,1272,3983,Debit Card,Pick Up,6
5071,2359,3984,Debit Card,Pick Up,6
5072,2359,3984,Credit Card,Mail,6.5
5073,607,3985,Debit Card,Pick Up,6
5074,1631,3986,Debit Card,Mail,6.5
5075,1227,3987,Debit Card,Mail,6.5
5076,1227,3987,Cash,Pick Up,6
5077,399,3988,Cash,Pick Up,6
5078,413,3989,Debit Card,Mail,6.5
5079,978,3990,Credit Card,Pick Up,6
5080,982,3991,Credit Card,Pick Up,6
5081,662,3992,Debit Card,Pick Up,6
5082,4091,3993,Debit Card,Pick Up,6
5083,3967,3994,Debit Card,Mail,6.5
5084,3967,3994,Cash,Pick Up,6
5085,2561,3995,Cash,Pick Up,6
5086,2561,3995,Credit Card,Mail,6.5
5087,4551,3996,Debit Card,Pick Up,6
5088,4745,3997,Debit Card,Mail,6.5
5089,1642,3998,Cash,Mail,6.5
5090,1642,3998,Cash,Pick Up,6
5091,3596,3999,Cash,Mail,6.5
5092,4880,4000,Credit Card,Pick Up,6
5093,3044,4001,Debit Card,Pick Up,6
5094,761,4002,Cash,Pick Up,6
5095,2781,4003,Credit Card,Pick Up,6
5096,1406,4004,Credit Card,Pick Up,6
5097,4498,4005,Credit Card,Mail,6.5
5098,4498,4005,Debit Card,Mail,6.5
5099,4338,4006,Cash,Mail,6.5
5100,4338,4006,Credit Card,Mail,6.5
5101,4398,4007,Credit Card,Pick Up,6
5102,4225,4008,Credit Card,Mail,6.5
5103,2412,4009,Debit Card,Pick Up,6
5104,2412,4009,Credit Card,Mail,6.5
5105,3993,4010,Credit Card,Mail,6.5
5106,4652,4011,Cash,Pick Up,6
5107,4750,4012,Debit Card,Mail,6.5
5108,3139,4013,Debit Card,Mail,6.5
5109,4177,4014,Cash,Mail,6.5
5110,2172,4015,Credit Card,Pick Up,6
5111,670,4016,Credit Card,Mail,6.5
5112,670,4016,Cash,Mail,6.5
5113,2717,4017,Debit Card,Pick Up,6
5114,2717,4017,Credit Card,Pick Up,6
5115,4157,4018,Cash,Pick Up,6
5116,2998,4019,Cash,Pick Up,6
5117,3449,4020,Credit Card,Pick Up,6
5118,3449,4020,Credit Card,Pick Up,6
5119,4729,4021,Credit Card,Pick Up,6
5120,4690,4022,Debit Card,Pick Up,6
5121,2679,4023,Cash,Pick Up,6
5122,3936,4024,Debit Card,Mail,6.5
5123,3968,4025,Credit Card,Mail,6.5
5124,2988,4026,Debit Card,Pick Up,6
5125,1425,4027,Cash,Mail,6.5
5126,1425,4027,Debit Card,Mail,6.5
5127,2384,4028,Debit Card,Mail,6.5
5128,2384,4028,Debit Card,Pick Up,6
5129,7,4029,Cash,Mail,6.5
5130,2103,4030,Debit Card,Pick Up,6
5131,131,4031,Cash,Pick Up,6
5132,131,4031,Cash,Mail,6.5
5133,1264,4032,Cash,Pick Up,6
5134,412,4033,Cash,Pick Up,6
5135,421,4034,Debit Card,Pick Up,6
5136,2206,4035,Credit Card,Pick Up,6
5137,708,4036,Debit Card,Mail,6.5
5138,1761,4037,Credit Card,Mail,6.5
5139,2195,4038,Cash,Mail,6.5
5140,2195,4038,Debit Card,Pick Up,6
5141,2196,4039,Debit Card,Mail,6.5
5142,2196,4039,Debit Card,Pick Up,6
5143,27,4040,Credit Card,Pick Up,6
5144,2245,4041,Cash,Pick Up,6
5145,2561,4042,Credit Card,Mail,6.5
5146,2561,4042,Debit Card,Pick Up,6
5147,658,4043,Debit Card,Pick Up,6
5148,848,4044,Debit Card,Mail,6.5
5149,635,4045,Debit Card,Mail,6.5
5150,2404,4046,Cash,Mail,6.5
5151,2424,4047,Cash,Mail,6.5
5152,23,4048,Credit Card,Pick Up,6
5153,484,4049,Credit Card,Pick Up,6
5154,484,4049,Debit Card,Mail,6.5
5155,2159,4050,Credit Card,Pick Up,6
5156,2159,4050,Credit Card,Pick Up,6
5157,2549,4051,Cash,Pick Up,6
5158,1523,4052,Debit Card,Mail,6.5
5159,34,4053,Cash,Pick Up,6
5160,34,4053,Credit Card,Mail,6.5
5161,2477,4054,Debit Card,Pick Up,6
5162,1157,4055,Debit Card,Pick Up,6
5163,1372,4056,Debit Card,Mail,6.5
5164,1319,4057,Cash,Mail,6.5
5165,1687,4058,Cash,Pick Up,6
5166,843,4059,Cash,Pick Up,6
5167,3041,4060,Debit Card,Mail,6.5
5168,3041,4060,Cash,Pick Up,6
5169,3558,4061,Debit Card,Mail,6.5
5170,3558,4061,Debit Card,Pick Up,6
5171,2670,4062,Cash,Pick Up,6
5172,4819,4063,Credit Card,Pick Up,6
5173,3460,4064,Debit Card,Mail,6.5
5174,3460,4064,Debit Card,Pick Up,6
5175,3943,4065,Credit Card,Pick Up,6
5176,3927,4066,Credit Card,Pick Up,6
5177,1659,4067,Cash,Mail,6.5
5178,3107,4068,Credit Card,Pick Up,6
5179,4884,4069,Cash,Mail,6.5
5180,4886,4070,Credit Card,Mail,6.5
5181,3748,4071,Debit Card,Pick Up,6
5182,3748,4071,Credit Card,Mail,6.5
5183,4176,4072,Credit Card,Pick Up,6
5184,4176,4072,Credit Card,Pick Up,6
5185,2745,4073,Cash,Mail,6.5
5186,2896,4074,Cash,Mail,6.5
5187,3072,4075,Cash,Pick Up,6
5188,3072,4075,Cash,Pick Up,6
5189,4478,4076,Cash,Pick Up,6
5190,3177,4077,Debit Card,Pick Up,6
5191,4490,4078,Credit Card,Mail,6.5
5192,1023,4079,Cash,Mail,6.5
5193,4169,4080,Debit Card,Mail,6.5
5194,2689,4081,Cash,Mail,6.5
5195,4676,4082,Credit Card,Pick Up,6
5196,4676,4082,Debit Card,Pick Up,6
5197,4099,4083,Credit Card,Mail,6.5
5198,4099,4083,Debit Card,Pick Up,6
5199,2926,4084,Cash,Pick Up,6
5200,2764,4085,Cash,Pick Up,6
5201,2893,4086,Debit Card,Mail,6.5
5202,2893,4086,Debit Card,Pick Up,6
5203,4201,4087,Cash,Pick Up,6
5204,2985,4088,Debit Card,Pick Up,6
5205,4176,4089,Cash,Mail,6.5
5206,4759,4090,Debit Card,Mail,6.5
5207,4209,4091,Credit Card,Pick Up,6
5208,3431,4092,Debit Card,Mail,6.5
5209,3008,4093,Credit Card,Pick Up,6
5210,3008,4093,Debit Card,Pick Up,6
5211,1570,4094,Debit Card,Mail,6.5
5212,1570,4094,Credit Card,Pick Up,6
5213,277,4095,Credit Card,Mail,6.5
5214,1959,4096,Credit Card,Pick Up,6
5215,1849,4097,Cash,Mail,6.5
5216,1849,4097,Credit Card,Mail,6.5
5217,1869,4098,Credit Card,Pick Up,6
5218,2449,4099,Cash,Pick Up,6
5219,4712,4100,Debit Card,Mail,6.5
5220,1382,4101,Debit Card,Pick Up,6
5221,1685,4102,Credit Card,Mail,6.5
5222,526,4103,Cash,Pick Up,6
5223,1408,4104,Cash,Mail,6.5
5224,1408,4104,Credit Card,Mail,6.5
5225,1689,4105,Credit Card,Mail,6.5
5226,1689,4105,Cash,Mail,6.5
5227,1475,4106,Cash,Pick Up,6
5228,808,4107,Cash,Mail,6.5
5229,1658,4108,Credit Card,Pick Up,6
5230,1658,4108,Debit Card,Mail,6.5
5231,2004,4109,Debit Card,Mail,6.5
5232,1791,4110,Debit Card,Mail,6.5
5233,2419,4111,Cash,Pick Up,6
5234,1289,4112,Credit Card,Mail,6.5
5235,2530,4113,Debit Card,Pick Up,6
5236,532,4114,Cash,Mail,6.5
5237,993,4115,Debit Card,Pick Up,6
5238,993,4115,Debit Card,Pick Up,6
5239,3250,4116,Cash,Pick Up,6
5240,3250,4116,Credit Card,Pick Up,6
5241,159,4117,Debit Card,Pick Up,6
5242,1219,4118,Cash,Pick Up,6
5243,1364,4119,Debit Card,Pick Up,6
5244,1364,4119,Debit Card,Mail,6.5
5245,2812,4120,Credit Card,Mail,6.5
5246,1972,4121,Debit Card,Pick Up,6
5247,82,4122,Cash,Mail,6.5
5248,147,4123,Debit Card,Pick Up,6
5249,283,4124,Credit Card,Pick Up,6
5250,2529,4125,Cash,Pick Up,6
5251,4187,4126,Cash,Pick Up,6
5252,4187,4126,Credit Card,Pick Up,6
5253,2612,4127,Cash,Pick Up,6
5254,2612,4127,Credit Card,Pick Up,6
5255,4250,4128,Credit Card,Mail,6.5
5256,3643,4129,Debit Card,Pick Up,6
5257,4678,4130,Debit Card,Mail,6.5
5258,4678,4130,Debit Card,Mail,6.5
5259,190,4131,Credit Card,Mail,6.5
5260,3010,4132,Debit Card,Mail,6.5
5261,4829,4133,Cash,Mail,6.5
5262,3444,4134,Debit Card,Pick Up,6
5263,3536,4135,Cash,Mail,6.5
5264,4386,4136,Debit Card,Mail,6.5
5265,3387,4137,Cash,Pick Up,6
5266,3387,4137,Debit Card,Pick Up,6
5267,3803,4138,Debit Card,Mail,6.5
5268,3803,4138,Debit Card,Mail,6.5
5269,4233,4139,Credit Card,Pick Up,6
5270,385,4140,Cash,Mail,6.5
5271,4529,4141,Cash,Mail,6.5
5272,4529,4141,Debit Card,Mail,6.5
5273,3875,4142,Credit Card,Pick Up,6
5274,1521,4143,Cash,Pick Up,6
5275,4427,4144,Credit Card,Pick Up,6
5276,4648,4145,Debit Card,Pick Up,6
5277,3833,4146,Cash,Pick Up,6
5278,4261,4147,Credit Card,Pick Up,6
5279,4275,4148,Credit Card,Mail,6.5
5280,4275,4148,Credit Card,Mail,6.5
5281,2624,4149,Cash,Pick Up,6
5282,2624,4149,Credit Card,Pick Up,6
5283,2959,4150,Cash,Pick Up,6
5284,4368,4151,Cash,Pick Up,6
5285,3120,4152,Credit Card,Mail,6.5
5286,3120,4152,Credit Card,Mail,6.5
5287,4660,4153,Credit Card,Mail,6.5
5288,3615,4154,Cash,Pick Up,6
5289,3839,4155,Debit Card,Mail,6.5
5290,3528,4156,Debit Card,Pick Up,6
5291,4818,4157,Credit Card,Mail,6.5
5292,3321,4158,Cash,Pick Up,6
5293,2039,4159,Debit Card,Pick Up,6
5294,2039,4159,Cash,Pick Up,6
5295,227,4160,Credit Card,Pick Up,6
5296,227,4160,Credit Card,Mail,6.5
5297,1433,4161,Credit Card,Mail,6.5
5298,1672,4162,Cash,Mail,6.5
5299,92,4163,Cash,Pick Up,6
5300,92,4163,Cash,Mail,6.5
5301,4054,4164,Cash,Mail,6.5
5302,4985,4165,Credit Card,Mail,6.5
5303,2321,4166,Debit Card,Pick Up,6
5304,4777,4167,Debit Card,Mail,6.5
5305,45,4168,Credit Card,Mail,6.5
5306,2019,4169,Credit Card,Pick Up,6
5307,1763,4170,Cash,Pick Up,6
5308,1763,4170,Debit Card,Pick Up,6
5309,486,4171,Credit Card,Pick Up,6
5310,486,4171,Debit Card,Mail,6.5
5311,957,4172,Debit Card,Mail,6.5
5312,2260,4173,Cash,Pick Up,6
5313,1500,4174,Debit Card,Pick Up,6
5314,1500,4174,Debit Card,Mail,6.5
5315,194,4175,Debit Card,Mail,6.5
5316,4859,4176,Debit Card,Pick Up,6
5317,2495,4177,Credit Card,Mail,6.5
5318,1889,4178,Debit Card,Mail,6.5
5319,1098,4179,Cash,Pick Up,6
5320,4722,4180,Debit Card,Mail,6.5
5321,714,4181,Cash,Mail,6.5
5322,714,4181,Credit Card,Pick Up,6
5323,1251,4182,Cash,Pick Up,6
5324,1251,4182,Debit Card,Pick Up,6
5325,1734,4183,Credit Card,Mail,6.5
5326,544,4184,Credit Card,Pick Up,6
5327,1445,4185,Credit Card,Mail,6.5
5328,1445,4185,Credit Card,Pick Up,6
5329,399,4186,Credit Card,Pick Up,6
5330,1257,4187,Cash,Pick Up,6
5331,619,4188,Credit Card,Mail,6.5
5332,1570,4189,Cash,Mail,6.5
5333,2516,4190,Debit Card,Pick Up,6
5334,666,4191,Debit Card,Pick Up,6
5335,3914,4192,Credit Card,Mail,6.5
5336,3914,4192,Debit Card,Mail,6.5
5337,3377,4193,Credit Card,Pick Up,6
5338,3377,4193,Debit Card,Pick Up,6
5339,2929,4194,Credit Card,Pick Up,6
5340,3265,4195,Debit Card,Pick Up,6
5341,3874,4196,Cash,Pick Up,6
5342,3874,4196,Debit Card,Mail,6.5
5343,879,4197,Credit Card,Pick Up,6
5344,3020,4198,Cash,Mail,6.5
5345,2643,4199,Debit Card,Pick Up,6
5346,4394,4200,Credit Card,Mail,6.5
5347,2728,4201,Cash,Pick Up,6
5348,3516,4202,Debit Card,Pick Up,6
5349,4420,4203,Cash,Pick Up,6
5350,4420,4203,Credit Card,Pick Up,6
5351,3009,4204,Credit Card,Pick Up,6
5352,3009,4204,Debit Card,Pick Up,6
5353,3366,4205,Credit Card,Mail,6.5
5354,4790,4206,Cash,Pick Up,6
5355,3873,4207,Credit Card,Mail,6.5
5356,3873,4207,Credit Card,Pick Up,6
5357,4842,4208,Cash,Mail,6.5
5358,3917,4209,Cash,Pick Up,6
5359,3913,4210,Cash,Pick Up,6
5360,2085,4211,Cash,Pick Up,6
5361,1732,4212,Cash,Pick Up,6
5362,4859,4213,Credit Card,Mail,6.5
5363,3413,4214,Credit Card,Pick Up,6
5364,3413,4214,Debit Card,Pick Up,6
5365,3392,4215,Debit Card,Pick Up,6
5366,3392,4215,Debit Card,Mail,6.5
5367,3427,4216,Credit Card,Pick Up,6
5368,4165,4217,Credit Card,Pick Up,6
5369,2981,4218,Debit Card,Mail,6.5
5370,2981,4218,Credit Card,Pick Up,6
5371,3970,4219,Debit Card,Pick Up,6
5372,833,4220,Cash,Mail,6.5
5373,4848,4221,Credit Card,Pick Up,6
5374,4156,4222,Debit Card,Pick Up,6
5375,3208,4223,Credit Card,Pick Up,6
5376,4280,4224,Credit Card,Mail,6.5
5377,4328,4225,Debit Card,Pick Up,6
5378,4328,4225,Credit Card,Mail,6.5
5379,2594,4226,Debit Card,Mail,6.5
5380,2594,4226,Credit Card,Pick Up,6
5381,666,4227,Credit Card,Pick Up,6
5382,1178,4228,Cash,Pick Up,6
5383,1343,4229,Cash,Pick Up,6
5384,1343,4229,Cash,Pick Up,6
5385,3798,4230,Cash,Mail,6.5
5386,2566,4231,Debit Card,Mail,6.5
5387,1744,4232,Debit Card,Pick Up,6
5388,952,4233,Cash,Mail,6.5
5389,1211,4234,Debit Card,Pick Up,6
5390,1924,4235,Debit Card,Pick Up,6
5391,1409,4236,Cash,Mail,6.5
5392,1409,4236,Credit Card,Pick Up,6
5393,573,4237,Credit Card,Mail,6.5
5394,573,4237,Credit Card,Mail,6.5
5395,3190,4238,Debit Card,Mail,6.5
5396,150,4239,Debit Card,Mail,6.5
5397,2256,4240,Debit Card,Pick Up,6
5398,2256,4240,Credit Card,Pick Up,6
5399,1144,4241,Credit Card,Mail,6.5
5400,39,4242,Debit Card,Pick Up,6
5401,735,4243,Cash,Pick Up,6
5402,209,4244,Cash,Pick Up,6
5403,2153,4245,Credit Card,Pick Up,6
5404,2439,4246,Cash,Mail,6.5
5405,2172,4247,Credit Card,Mail,6.5
5406,2172,4247,Cash,Pick Up,6
5407,325,4248,Cash,Mail,6.5
5408,325,4248,Debit Card,Mail,6.5
5409,608,4249,Cash,Pick Up,6
5410,3091,4250,Credit Card,Mail,6.5
5411,1906,4251,Cash,Mail,6.5
5412,1906,4251,Credit Card,Mail,6.5
5413,42,4252,Debit Card,Mail,6.5
5414,1071,4253,Debit Card,Mail,6.5
5415,4742,4254,Credit Card,Pick Up,6
5416,788,4255,Debit Card,Pick Up,6
5417,595,4256,Debit Card,Mail,6.5
5418,2567,4257,Debit Card,Mail,6.5
5419,4507,4258,Credit Card,Mail,6.5
5420,4507,4258,Cash,Mail,6.5
5421,4894,4259,Credit Card,Mail,6.5
5422,4894,4259,Credit Card,Mail,6.5
5423,4003,4260,Credit Card,Pick Up,6
5424,2973,4261,Credit Card,Mail,6.5
5425,3407,4262,Debit Card,Mail,6.5
5426,3407,4262,Debit Card,Mail,6.5
5427,3826,4263,Debit Card,Pick Up,6
5428,3072,4264,Cash,Pick Up,6
5429,3158,4265,Cash,Pick Up,6
5430,2901,4266,Cash,Mail,6.5
5431,4742,4267,Credit Card,Pick Up,6
5432,4543,4268,Debit Card,Mail,6.5
5433,2684,4269,Debit Card,Mail,6.5
5434,2684,4269,Debit Card,Mail,6.5
5435,3062,4270,Debit Card,Pick Up,6
5436,3062,4270,Cash,Pick Up,6
5437,3125,4271,Debit Card,Pick Up,6
5438,4321,4272,Debit Card,Mail,6.5
5439,4275,4273,Cash,Pick Up,6
5440,4275,4273,Cash,Mail,6.5
5441,3809,4274,Cash,Mail,6.5
5442,2628,4275,Credit Card,Mail,6.5
5443,2706,4276,Credit Card,Mail,6.5
5444,3900,4277,Cash,Pick Up,6
5445,4902,4278,Cash,Pick Up,6
5446,3140,4279,Debit Card,Pick Up,6
5447,4580,4280,Cash,Mail,6.5
5448,4580,4280,Credit Card,Mail,6.5
5449,3953,4281,Cash,Mail,6.5
5450,3953,4281,Debit Card,Pick Up,6
5451,4623,4282,Debit Card,Pick Up,6
5452,3123,4283,Debit Card,Pick Up,6
5453,3434,4284,Credit Card,Mail,6.5
5454,3434,4284,Debit Card,Mail,6.5
5455,2962,4285,Debit Card,Pick Up,6
5456,4578,4286,Cash,Mail,6.5
5457,2752,4287,Debit Card,Pick Up,6
5458,2776,4288,Credit Card,Pick Up,6
5459,2664,4289,Cash,Pick Up,6
5460,3012,4290,Credit Card,Mail,6.5
5461,2029,4291,Debit Card,Pick Up,6
5462,2029,4291,Cash,Pick Up,6
5463,2104,4292,Cash,Mail,6.5
5464,2104,4292,Credit Card,Mail,6.5
5465,458,4293,Cash,Mail,6.5
5466,2929,4294,Credit Card,Mail,6.5
5467,11,4295,Debit Card,Pick Up,6
5468,11,4295,Cash,Pick Up,6
5469,1798,4296,Debit Card,Mail,6.5
5470,2462,4297,Cash,Mail,6.5
5471,82,4298,Debit Card,Mail,6.5
5472,1437,4299,Debit Card,Mail,6.5
5473,4234,4300,Credit Card,Pick Up,6
5474,1948,4301,Credit Card,Pick Up,6
5475,963,4302,Debit Card,Mail,6.5
5476,963,4302,Cash,Mail,6.5
5477,567,4303,Credit Card,Mail,6.5
5478,567,4303,Cash,Pick Up,6
5479,2375,4304,Debit Card,Pick Up,6
5480,278,4305,Cash,Pick Up,6
5481,1350,4306,Credit Card,Pick Up,6
5482,1350,4306,Credit Card,Mail,6.5
5483,321,4307,Cash,Pick Up,6
5484,1978,4308,Debit Card,Pick Up,6
5485,2191,4309,Debit Card,Mail,6.5
5486,1136,4310,Debit Card,Mail,6.5
5487,2315,4311,Debit Card,Pick Up,6
5488,1903,4312,Debit Card,Pick Up,6
5489,388,4313,Cash,Pick Up,6
5490,388,4313,Cash,Pick Up,6
5491,474,4314,Cash,Pick Up,6
5492,474,4314,Cash,Mail,6.5
5493,402,4315,Credit Card,Pick Up,6
5494,1314,4316,Debit Card,Mail,6.5
5495,3351,4317,Cash,Mail,6.5
5496,3351,4317,Debit Card,Pick Up,6
5497,2303,4318,Cash,Mail,6.5
5498,1123,4319,Cash,Pick Up,6
5499,353,4320,Credit Card,Pick Up,6
5500,712,4321,Cash,Pick Up,6
5501,2424,4322,Cash,Pick Up,6
5502,1649,4323,Credit Card,Pick Up,6
5503,3816,4324,Debit Card,Mail,6.5
5504,3816,4324,Debit Card,Mail,6.5
5505,2762,4325,Credit Card,Mail,6.5
5506,2762,4325,Credit Card,Pick Up,6
5507,3040,4326,Cash,Pick Up,6
5508,2847,4327,Cash,Mail,6.5
5509,3093,4328,Debit Card,Mail,6.5
5510,3093,4328,Cash,Mail,6.5
5511,2528,4329,Cash,Pick Up,6
5512,3692,4330,Debit Card,Pick Up,6
5513,3823,4331,Cash,Pick Up,6
5514,3647,4332,Cash,Pick Up,6
5515,4372,4333,Credit Card,Pick Up,6
5516,4710,4334,Credit Card,Mail,6.5
5517,4296,4335,Debit Card,Pick Up,6
5518,4296,4335,Cash,Mail,6.5
5519,3513,4336,Debit Card,Pick Up,6
5520,3513,4336,Credit Card,Pick Up,6
5521,4730,4337,Cash,Pick Up,6
5522,3283,4338,Cash,Mail,6.5
5523,4063,4339,Debit Card,Mail,6.5
5524,4063,4339,Credit Card,Mail,6.5
5525,3190,4340,Credit Card,Pick Up,6
5526,3474,4341,Debit Card,Mail,6.5
5527,3870,4342,Cash,Pick Up,6
5528,3529,4343,Cash,Pick Up,6
5529,1181,4344,Credit Card,Mail,6.5
5530,2953,4345,Cash,Mail,6.5
5531,3437,4346,Cash,Mail,6.5
5532,3437,4346,Debit Card,Pick Up,6
5533,4214,4347,Credit Card,Mail,6.5
5534,4214,4347,Debit Card,Mail,6.5
5535,4824,4348,Cash,Mail,6.5
5536,3939,4349,Credit Card,Mail,6.5
5537,2663,4350,Debit Card,Pick Up,6
5538,2663,4350,Cash,Mail,6.5
5539,3397,4351,Cash,Mail,6.5
5540,3932,4352,Cash,Pick Up,6
5541,3906,4353,Credit Card,Pick Up,6
5542,4325,4354,Credit Card,Pick Up,6
5543,4572,4355,Credit Card,Mail,6.5
5544,2779,4356,Cash,Pick Up,6
5545,1150,4357,Credit Card,Pick Up,6
5546,1150,4357,Debit Card,Mail,6.5
5547,1375,4358,Debit Card,Mail,6.5
5548,1375,4358,Cash,Mail,6.5
5549,1003,4359,Credit Card,Mail,6.5
5550,446,4360,Credit Card,Pick Up,6
5551,3931,4361,Cash,Pick Up,6
5552,3931,4361,Credit Card,Mail,6.5
5553,1386,4362,Credit Card,Mail,6.5
5554,1928,4363,Cash,Pick Up,6
5555,1543,4364,Cash,Pick Up,6
5556,2612,4365,Cash,Pick Up,6
5557,857,4366,Cash,Mail,6.5
5558,2235,4367,Cash,Mail,6.5
5559,1393,4368,Cash,Pick Up,6
5560,1393,4368,Credit Card,Pick Up,6
5561,80,4369,Credit Card,Mail,6.5
5562,80,4369,Debit Card,Mail,6.5
5563,511,4370,Cash,Mail,6.5
5564,740,4371,Debit Card,Pick Up,6
5565,813,4372,Debit Card,Mail,6.5
5566,813,4372,Cash,Mail,6.5
5567,1416,4373,Cash,Mail,6.5
5568,1505,4374,Debit Card,Pick Up,6
5569,1094,4375,Credit Card,Mail,6.5
5570,1093,4376,Credit Card,Pick Up,6
5571,2363,4377,Cash,Pick Up,6
5572,785,4378,Debit Card,Pick Up,6
5573,964,4379,Debit Card,Mail,6.5
5574,964,4379,Cash,Mail,6.5
5575,2280,4380,Cash,Mail,6.5
5576,2280,4380,Cash,Mail,6.5
5577,405,4381,Debit Card,Mail,6.5
5578,1191,4382,Debit Card,Mail,6.5
5579,2235,4383,Debit Card,Pick Up,6
5580,2235,4383,Debit Card,Mail,6.5
5581,3526,4384,Cash,Pick Up,6
5582,1069,4385,Debit Card,Mail,6.5
5583,2351,4386,Credit Card,Pick Up,6
5584,1326,4387,Debit Card,Mail,6.5
5585,1412,4388,Credit Card,Mail,6.5
5586,718,4389,Cash,Mail,6.5
5587,1785,4390,Debit Card,Pick Up,6
5588,1785,4390,Debit Card,Mail,6.5
5589,4614,4391,Credit Card,Mail,6.5
5590,4614,4391,Cash,Pick Up,6
5591,683,4392,Debit Card,Mail,6.5
5592,4112,4393,Cash,Mail,6.5
3991,3541,3136,Debit Card,Mail,6.5
3992,3541,3136,Cash,Mail,6.5
3993,3555,3137,Debit Card,Pick Up,6
3994,3555,3137,Credit Card,Pick Up,6
3995,1013,3138,Debit Card,Pick Up,6
3996,3058,3139,Debit Card,Mail,6.5
3997,1434,3140,Credit Card,Pick Up,6
3998,1434,3140,Cash,Mail,6.5
3999,2963,3141,Debit Card,Mail,6.5
4000,3341,3142,Credit Card,Mail,6.5
4001,3786,3143,Debit Card,Mail,6.5
4002,4692,3144,Debit Card,Pick Up,6
4003,3750,3145,Cash,Pick Up,6
4004,2667,3146,Cash,Mail,6.5
4005,2490,3147,Debit Card,Mail,6.5
4006,2490,3147,Cash,Mail,6.5
4007,4905,3148,Debit Card,Mail,6.5
4008,4905,3148,Debit Card,Pick Up,6
4009,3496,3149,Debit Card,Mail,6.5
4010,2789,3150,Cash,Pick Up,6
4011,3416,3151,Cash,Pick Up,6
4012,3416,3151,Cash,Mail,6.5
4013,2618,3152,Credit Card,Pick Up,6
4014,4505,3153,Credit Card,Pick Up,6
4015,3391,3154,Debit Card,Pick Up,6
4016,3471,3155,Debit Card,Pick Up,6
4017,3620,3156,Credit Card,Pick Up,6
4018,4614,3157,Credit Card,Pick Up,6
4019,4149,3158,Credit Card,Pick Up,6
4020,4149,3158,Cash,Mail,6.5
4021,3839,3159,Credit Card,Pick Up,6
4022,3839,3159,Debit Card,Pick Up,6
4023,4563,3160,Debit Card,Pick Up,6
4024,4412,3161,Debit Card,Mail,6.5
4025,444,3162,Cash,Pick Up,6
4026,444,3162,Credit Card,Mail,6.5
4027,3557,3163,Cash,Pick Up,6
4028,4076,3164,Cash,Pick Up,6
4029,4354,3165,Credit Card,Mail,6.5
4030,4772,3166,Cash,Pick Up,6
4031,4807,3167,Credit Card,Pick Up,6
4032,2580,3168,Credit Card,Pick Up,6
4033,3156,3169,Cash,Mail,6.5
4034,3156,3169,Debit Card,Pick Up,6
4035,1732,3170,Debit Card,Mail,6.5
4036,1732,3170,Credit Card,Pick Up,6
4037,905,3171,Credit Card,Pick Up,6
4038,1222,3172,Debit Card,Mail,6.5
4039,2800,3173,Debit Card,Pick Up,6
4040,2800,3173,Cash,Mail,6.5
4041,30,3174,Debit Card,Pick Up,6
4042,1815,3175,Debit Card,Mail,6.5
4043,1804,3176,Cash,Pick Up,6
4044,1422,3177,Cash,Pick Up,6
4045,1398,3178,Debit Card,Pick Up,6
4046,2434,3179,Debit Card,Mail,6.5
4047,326,3180,Cash,Mail,6.5
4048,326,3180,Cash,Pick Up,6
4049,2031,3181,Cash,Pick Up,6
4050,2031,3181,Debit Card,Pick Up,6
4051,1309,3182,Debit Card,Pick Up,6
4052,1641,3183,Cash,Mail,6.5
4053,792,3184,Cash,Pick Up,6
4054,792,3184,Debit Card,Mail,6.5
4055,444,3185,Cash,Mail,6.5
4056,767,3186,Credit Card,Pick Up,6
4057,433,3187,Debit Card,Mail,6.5
4058,2180,3188,Cash,Pick Up,6
4059,1895,3189,Credit Card,Pick Up,6
4060,3649,3190,Debit Card,Mail,6.5
4061,1452,3191,Debit Card,Mail,6.5
4062,1452,3191,Credit Card,Pick Up,6
4063,235,3192,Cash,Pick Up,6
4064,235,3192,Cash,Mail,6.5
4065,3470,3193,Credit Card,Mail,6.5
4066,2129,3194,Credit Card,Pick Up,6
4067,1435,3195,Cash,Mail,6.5
4068,1435,3195,Cash,Pick Up,6
4069,2135,3196,Cash,Pick Up,6
4070,181,3197,Cash,Mail,6.5
4071,4979,3198,Cash,Pick Up,6
4072,1151,3199,Debit Card,Pick Up,6
4073,1847,3200,Cash,Mail,6.5
4074,1159,3201,Debit Card,Pick Up,6
4075,3084,3202,Credit Card,Mail,6.5
4076,3084,3202,Credit Card,Pick Up,6
4077,4260,3203,Credit Card,Mail,6.5
4078,4260,3203,Cash,Mail,6.5
4079,4983,3204,Cash,Pick Up,6
4080,2990,3205,Cash,Pick Up,6
4081,4208,3206,Debit Card,Mail,6.5
4082,4208,3206,Credit Card,Mail,6.5
4083,3749,3207,Credit Card,Pick Up,6
4084,855,3208,Debit Card,Pick Up,6
4085,3790,3209,Cash,Pick Up,6
4086,2693,3210,Credit Card,Pick Up,6
4087,4273,3211,Debit Card,Mail,6.5
4088,4383,3212,Cash,Pick Up,6
4089,3269,3213,Debit Card,Pick Up,6
4090,3269,3213,Debit Card,Pick Up,6
4091,3790,3214,Debit Card,Mail,6.5
4092,3790,3214,Cash,Mail,6.5
4093,4640,3215,Cash,Mail,6.5
4094,4773,3216,Debit Card,Mail,6.5
4095,3428,3217,Cash,Mail,6.5
4096,3428,3217,Credit Card,Mail,6.5
4097,4736,3218,Debit Card,Pick Up,6
4098,2474,3219,Credit Card,Pick Up,6
4099,4353,3220,Debit Card,Mail,6.5
4100,2782,3221,Cash,Pick Up,6
4101,3664,3222,Credit Card,Mail,6.5
4102,3599,3223,Credit Card,Mail,6.5
4103,3045,3224,Cash,Pick Up,6
4104,3045,3224,Cash,Mail,6.5
4105,3592,3225,Debit Card,Pick Up,6
4106,3592,3225,Debit Card,Pick Up,6
4107,3009,3226,Credit Card,Pick Up,6
4108,4807,3227,Cash,Mail,6.5
4109,2418,3228,Cash,Pick Up,6
4110,2418,3228,Cash,Mail,6.5
4111,4538,3229,Debit Card,Mail,6.5
4112,2002,3230,Cash,Mail,6.5
4113,4922,3231,Credit Card,Mail,6.5
4114,227,3232,Credit Card,Mail,6.5
4115,4059,3233,Cash,Pick Up,6
4116,3386,3234,Cash,Mail,6.5
4117,2111,3235,Cash,Pick Up,6
4118,2111,3235,Credit Card,Mail,6.5
4119,1670,3236,Credit Card,Pick Up,6
4120,1670,3236,Cash,Pick Up,6
4121,632,3237,Debit Card,Pick Up,6
4122,1095,3238,Debit Card,Mail,6.5
4123,688,3239,Cash,Pick Up,6
4124,688,3239,Cash,Mail,6.5
4125,924,3240,Cash,Pick Up,6
4126,3612,3241,Cash,Pick Up,6
4127,1718,3242,Credit Card,Pick Up,6
4128,1758,3243,Debit Card,Pick Up,6
4129,2216,3244,Cash,Pick Up,6
4130,2015,3245,Credit Card,Pick Up,6
4131,1179,3246,Cash,Pick Up,6
4132,1179,3246,Cash,Pick Up,6
4133,923,3247,Credit Card,Pick Up,6
4134,923,3247,Debit Card,Pick Up,6
4135,1316,3248,Credit Card,Mail,6.5
4136,2110,3249,Cash,Pick Up,6
4137,1475,3250,Debit Card,Mail,6.5
4138,1475,3250,Debit Card,Mail,6.5
4139,1010,3251,Debit Card,Mail,6.5
4140,1586,3252,Debit Card,Mail,6.5
4141,1617,3253,Credit Card,Mail,6.5
4142,1807,3254,Cash,Mail,6.5
4143,391,3255,Cash,Pick Up,6
4144,1533,3256,Cash,Pick Up,6
4145,1681,3257,Credit Card,Pick Up,6
4146,1681,3257,Cash,Pick Up,6
4147,2110,3258,Debit Card,Mail,6.5
4148,2110,3258,Cash,Mail,6.5
4149,2582,3259,Debit Card,Mail,6.5
4150,2319,3260,Debit Card,Pick Up,6
4151,174,3261,Cash,Mail,6.5
4152,174,3261,Credit Card,Pick Up,6
4153,1239,3262,Credit Card,Pick Up,6
4154,1851,3263,Debit Card,Pick Up,6
4155,1791,3264,Cash,Pick Up,6
4156,1434,3265,Debit Card,Pick Up,6
4157,957,3266,Cash,Pick Up,6
4158,553,3267,Cash,Pick Up,6
4159,3246,3268,Cash,Mail,6.5
4160,3246,3268,Debit Card,Mail,6.5
4161,3436,3269,Debit Card,Pick Up,6
4162,3436,3269,Cash,Pick Up,6
4163,3938,3270,Debit Card,Mail,6.5
4164,2286,3271,Credit Card,Pick Up,6
4165,149,3272,Cash,Mail,6.5
4166,149,3272,Credit Card,Pick Up,6
4167,2658,3273,Debit Card,Pick Up,6
4168,3871,3274,Credit Card,Pick Up,6
4169,4731,3275,Cash,Mail,6.5
4170,2827,3276,Cash,Pick Up,6
4171,4198,3277,Debit Card,Mail,6.5
4172,2521,3278,Credit Card,Pick Up,6
4173,2902,3279,Debit Card,Pick Up,6
4174,2902,3279,Debit Card,Mail,6.5
4175,2796,3280,Cash,Mail,6.5
4176,2796,3280,Debit Card,Pick Up,6
4177,4491,3281,Debit Card,Pick Up,6
4178,3932,3282,Cash,Mail,6.5
4179,4440,3283,Debit Card,Pick Up,6
4180,4440,3283,Credit Card,Pick Up,6
4181,20,3284,Debit Card,Mail,6.5
4182,3515,3285,Cash,Pick Up,6
4183,4003,3286,Debit Card,Pick Up,6
4184,3882,3287,Credit Card,Mail,6.5
4185,4195,3288,Credit Card,Pick Up,6
4186,3473,3289,Cash,Pick Up,6
4187,4649,3290,Credit Card,Pick Up,6
4188,4649,3290,Cash,Mail,6.5
4189,2919,3291,Cash,Mail,6.5
4190,2919,3291,Cash,Mail,6.5
4191,2886,3292,Debit Card,Mail,6.5
4192,2922,3293,Debit Card,Mail,6.5
4193,3990,3294,Cash,Mail,6.5
4194,3990,3294,Debit Card,Pick Up,6
4195,421,3295,Debit Card,Pick Up,6
4196,4051,3296,Credit Card,Mail,6.5
4197,4178,3297,Cash,Pick Up,6
4198,4701,3298,Cash,Pick Up,6
4199,3567,3299,Cash,Pick Up,6
4200,2946,3300,Cash,Pick Up,6
4201,1545,3301,Debit Card,Pick Up,6
4202,1545,3301,Debit Card,Pick Up,6
4203,625,3302,Debit Card,Mail,6.5
4204,625,3302,Debit Card,Mail,6.5
4205,2448,3303,Debit Card,Pick Up,6
4206,2552,3304,Credit Card,Mail,6.5
4207,558,3305,Cash,Pick Up,6
4208,558,3305,Credit Card,Mail,6.5
4209,2083,3306,Credit Card,Mail,6.5
4210,34,3307,Cash,Pick Up,6
4211,4896,3308,Credit Card,Mail,6.5
4212,1243,3309,Debit Card,Mail,6.5
4213,1598,3310,Debit Card,Mail,6.5
4214,1746,3311,Credit Card,Mail,6.5
4215,1327,3312,Debit Card,Pick Up,6
4216,1327,3312,Cash,Pick Up,6
4217,823,3313,Credit Card,Mail,6.5
4218,823,3313,Cash,Pick Up,6
4219,224,3314,Debit Card,Pick Up,6
4220,1769,3315,Debit Card,Mail,6.5
4221,1371,3316,Cash,Pick Up,6
4222,1371,3316,Cash,Mail,6.5
4223,469,3317,Cash,Mail,6.5
4224,833,3318,Credit Card,Pick Up,6
4225,3187,3319,Credit Card,Pick Up,6
4226,798,3320,Credit Card,Pick Up,6
4227,1702,3321,Cash,Pick Up,6
4228,757,3322,Credit Card,Mail,6.5
4229,4610,3323,Cash,Mail,6.5
4230,4610,3323,Cash,Pick Up,6
4231,1121,3324,Debit Card,Pick Up,6
4232,1121,3324,Credit Card,Mail,6.5
4233,1893,3325,Debit Card,Pick Up,6
4234,1641,3326,Debit Card,Mail,6.5
4235,270,3327,Cash,Mail,6.5
4236,270,3327,Credit Card,Pick Up,6
4237,895,3328,Credit Card,Mail,6.5
4238,2314,3329,Cash,Pick Up,6
4239,1129,3330,Credit Card,Mail,6.5
4240,726,3331,Cash,Mail,6.5
4241,259,3332,Cash,Pick Up,6
4242,344,3333,Credit Card,Pick Up,6
4243,3560,3334,Debit Card,Mail,6.5
4244,3560,3334,Cash,Pick Up,6
4245,3268,3335,Debit Card,Pick Up,6
4246,3268,3335,Debit Card,Pick Up,6
4247,3663,3336,Cash,Mail,6.5
4248,4726,3337,Debit Card,Mail,6.5
4249,4490,3338,Debit Card,Pick Up,6
4250,4490,3338,Debit Card,Mail,6.5
4251,3030,3339,Debit Card,Pick Up,6
4252,4963,3340,Credit Card,Mail,6.5
4253,2765,3341,Debit Card,Pick Up,6
4254,2729,3342,Cash,Mail,6.5
4255,3013,3343,Credit Card,Pick Up,6
4256,4923,3344,Credit Card,Mail,6.5
4257,2642,3345,Cash,Mail,6.5
4258,2642,3345,Debit Card,Mail,6.5
4259,2621,3346,Cash,Mail,6.5
4260,2621,3346,Cash,Mail,6.5
4261,4074,3347,Cash,Mail,6.5
4262,822,3348,Credit Card,Pick Up,6
4263,4747,3349,Debit Card,Pick Up,6
4264,4747,3349,Debit Card,Mail,6.5
4265,4607,3350,Debit Card,Mail,6.5
4266,1204,3351,Credit Card,Mail,6.5
4267,2948,3352,Debit Card,Mail,6.5
4268,2966,3353,Debit Card,Mail,6.5
4269,4566,3354,Debit Card,Pick Up,6
4270,4828,3355,Debit Card,Pick Up,6
4271,2826,3356,Credit Card,Pick Up,6
4272,2826,3356,Credit Card,Pick Up,6
4273,2770,3357,Credit Card,Pick Up,6
4274,2770,3357,Cash,Mail,6.5
4275,4525,3358,Cash,Mail,6.5
4276,4791,3359,Cash,Mail,6.5
4277,4238,3360,Credit Card,Mail,6.5
4278,4238,3360,Credit Card,Pick Up,6
4279,1215,3361,Cash,Mail,6.5
4280,3903,3362,Debit Card,Mail,6.5
4281,4920,3363,Credit Card,Mail,6.5
4282,2225,3364,Credit Card,Pick Up,6
4283,3695,3365,Credit Card,Pick Up,6
4284,3057,3366,Cash,Pick Up,6
4285,131,3367,Debit Card,Pick Up,6
4286,131,3367,Cash,Pick Up,6
4287,141,3368,Cash,Mail,6.5
4288,141,3368,Credit Card,Mail,6.5
4289,4051,3369,Credit Card,Pick Up,6
4290,1000,3370,Credit Card,Mail,6.5
4291,226,3371,Debit Card,Pick Up,6
4292,226,3371,Credit Card,Mail,6.5
4293,1649,3372,Cash,Mail,6.5
4294,368,3373,Cash,Pick Up,6
4295,399,3374,Cash,Mail,6.5
4296,3901,3375,Debit Card,Pick Up,6
4297,1522,3376,Credit Card,Mail,6.5
4298,82,3377,Debit Card,Pick Up,6
4299,1255,3378,Cash,Mail,6.5
4300,1255,3378,Debit Card,Mail,6.5
4301,2519,3379,Cash,Mail,6.5
4302,2519,3379,Credit Card,Pick Up,6
4303,1505,3380,Debit Card,Mail,6.5
4304,1045,3381,Debit Card,Pick Up,6
4305,2009,3382,Cash,Pick Up,6
4306,2009,3382,Debit Card,Mail,6.5
4307,1179,3383,Cash,Pick Up,6
4308,67,3384,Debit Card,Pick Up,6
4309,3651,3385,Debit Card,Mail,6.5
4310,2347,3386,Cash,Pick Up,6
4311,824,3387,Cash,Mail,6.5
4312,803,3388,Debit Card,Mail,6.5
4313,2540,3389,Debit Card,Pick Up,6
4314,2540,3389,Debit Card,Mail,6.5
4315,850,3390,Cash,Pick Up,6
4316,850,3390,Debit Card,Pick Up,6
4317,704,3391,Cash,Mail,6.5
4318,2339,3392,Credit Card,Mail,6.5
4319,2101,3393,Credit Card,Pick Up,6
4320,2101,3393,Credit Card,Pick Up,6
4321,288,3394,Credit Card,Pick Up,6
4322,475,3395,Cash,Mail,6.5
4323,1825,3396,Credit Card,Mail,6.5
4324,2089,3397,Debit Card,Mail,6.5
4325,1164,3398,Credit Card,Pick Up,6
4326,413,3399,Credit Card,Pick Up,6
4327,2810,3400,Credit Card,Mail,6.5
4328,2810,3400,Cash,Pick Up,6
4329,3384,3401,Cash,Pick Up,6
4330,3384,3401,Debit Card,Mail,6.5
4331,3924,3402,Cash,Mail,6.5
4332,2712,3403,Cash,Pick Up,6
4333,4167,3404,Cash,Pick Up,6
4334,4167,3404,Debit Card,Mail,6.5
4335,3539,3405,Cash,Pick Up,6
4336,3957,3406,Cash,Mail,6.5
4337,1397,3407,Debit Card,Mail,6.5
4338,4618,3408,Cash,Mail,6.5
4339,510,3409,Cash,Pick Up,6
4340,1605,3410,Debit Card,Pick Up,6
4341,3688,3411,Debit Card,Pick Up,6
4342,3688,3411,Debit Card,Pick Up,6
4343,4924,3412,Cash,Pick Up,6
4344,4924,3412,Debit Card,Pick Up,6
4345,3478,3413,Cash,Mail,6.5
4346,4451,3414,Cash,Pick Up,6
4347,281,3415,Credit Card,Mail,6.5
4348,281,3415,Cash,Pick Up,6
4349,4835,3416,Cash,Mail,6.5
4350,1670,3417,Credit Card,Pick Up,6
4351,2828,3418,Debit Card,Pick Up,6
4352,3016,3419,Cash,Pick Up,6
4353,2310,3420,Debit Card,Pick Up,6
4354,4828,3421,Cash,Mail,6.5
4355,3131,3422,Credit Card,Pick Up,6
4356,3131,3422,Credit Card,Mail,6.5
4357,4429,3423,Credit Card,Mail,6.5
4358,4429,3423,Debit Card,Mail,6.5
4359,4125,3424,Credit Card,Pick Up,6
4360,4811,3425,Credit Card,Pick Up,6
4361,3271,3426,Credit Card,Pick Up,6
4362,3271,3426,Cash,Mail,6.5
4363,3468,3427,Credit Card,Pick Up,6
4364,2917,3428,Debit Card,Mail,6.5
4365,3815,3429,Credit Card,Pick Up,6
4366,4990,3430,Credit Card,Pick Up,6
4367,3051,3431,Debit Card,Mail,6.5
4368,2797,3432,Credit Card,Pick Up,6
4369,613,3433,Credit Card,Pick Up,6
4370,613,3433,Cash,Pick Up,6
4371,2258,3434,Cash,Pick Up,6
4372,2258,3434,Debit Card,Mail,6.5
4373,600,3435,Cash,Mail,6.5
4374,2054,3436,Debit Card,Pick Up,6
4375,1344,3437,Credit Card,Mail,6.5
4376,1344,3437,Debit Card,Pick Up,6
4377,4767,3438,Debit Card,Mail,6.5
4378,180,3439,Credit Card,Pick Up,6
4379,2314,3440,Debit Card,Mail,6.5
4380,476,3441,Debit Card,Mail,6.5
4381,1834,3442,Cash,Mail,6.5
4382,656,3443,Credit Card,Pick Up,6
4383,1417,3444,Credit Card,Mail,6.5
4384,1417,3444,Cash,Pick Up,6
4385,1542,3445,Cash,Mail,6.5
4386,1542,3445,Cash,Pick Up,6
4387,772,3446,Cash,Pick Up,6
4388,314,3447,Cash,Pick Up,6
4389,1161,3448,Cash,Pick Up,6
4390,1161,3448,Credit Card,Pick Up,6
4391,2468,3449,Credit Card,Pick Up,6
4392,685,3450,Cash,Pick Up,6
4393,1278,3451,Credit Card,Pick Up,6
4394,2182,3452,Debit Card,Mail,6.5
4395,1400,3453,Cash,Mail,6.5
4396,696,3454,Debit Card,Pick Up,6
4397,4022,3455,Cash,Pick Up,6
4398,4022,3455,Cash,Mail,6.5
4399,4458,3456,Credit Card,Mail,6.5
4400,4458,3456,Cash,Mail,6.5
4401,214,3457,Credit Card,Mail,6.5
4402,770,3458,Debit Card,Pick Up,6
4403,1781,3459,Cash,Pick Up,6
4404,1781,3459,Cash,Pick Up,6
4405,1340,3460,Debit Card,Mail,6.5
4406,996,3461,Debit Card,Pick Up,6
4407,2500,3462,Debit Card,Mail,6.5
4408,1684,3463,Cash,Pick Up,6
4409,3797,3464,Debit Card,Mail,6.5
4410,838,3465,Cash,Pick Up,6
4411,3122,3466,Cash,Pick Up,6
4412,3122,3466,Debit Card,Mail,6.5
4413,2593,3467,Cash,Pick Up,6
4414,2593,3467,Credit Card,Pick Up,6
4415,3388,3468,Credit Card,Pick Up,6
4416,3581,3469,Cash,Pick Up,6
4417,4876,3470,Credit Card,Mail,6.5
4418,4876,3470,Cash,Pick Up,6
4419,4835,3471,Credit Card,Mail,6.5
4420,4303,3472,Cash,Mail,6.5
4421,3457,3473,Debit Card,Mail,6.5
4422,3119,3474,Cash,Mail,6.5
4423,4880,3475,Debit Card,Pick Up,6
4424,3505,3476,Debit Card,Pick Up,6
4425,3529,3477,Cash,Pick Up,6
4426,3529,3477,Debit Card,Mail,6.5
4427,4672,3478,Credit Card,Pick Up,6
4428,4672,3478,Cash,Mail,6.5
4429,4355,3479,Credit Card,Mail,6.5
4430,3044,3480,Cash,Mail,6.5
4431,2624,3481,Debit Card,Pick Up,6
4432,2624,3481,Cash,Pick Up,6
4433,3406,3482,Debit Card,Pick Up,6
4434,3944,3483,Credit Card,Pick Up,6
4435,2982,3484,Cash,Mail,6.5
4436,4055,3485,Debit Card,Mail,6.5
4437,3241,3486,Cash,Mail,6.5
4438,3574,3487,Cash,Pick Up,6
4439,3024,3488,Credit Card,Mail,6.5
4440,3024,3488,Credit Card,Mail,6.5
4441,4389,3489,Credit Card,Mail,6.5
4442,4389,3489,Credit Card,Mail,6.5
4443,4587,3490,Credit Card,Mail,6.5
4444,185,3491,Cash,Mail,6.5
4445,4250,3492,Debit Card,Pick Up,6
4446,4250,3492,Cash,Mail,6.5
4447,4363,3493,Cash,Mail,6.5
4448,1978,3494,Debit Card,Mail,6.5
4449,2758,3495,Credit Card,Mail,6.5
4450,3554,3496,Credit Card,Pick Up,6
4451,3761,3497,Debit Card,Mail,6.5
4452,1455,3498,Credit Card,Pick Up,6
4453,4519,3499,Cash,Mail,6.5
4454,4519,3499,Debit Card,Pick Up,6
4455,499,3500,Credit Card,Pick Up,6
4456,499,3500,Debit Card,Mail,6.5
4457,1478,3501,Credit Card,Pick Up,6
4458,1704,3502,Credit Card,Pick Up,6
4459,1086,3503,Debit Card,Pick Up,6
4460,1086,3503,Credit Card,Pick Up,6
4461,1129,3504,Debit Card,Mail,6.5
4462,1544,3505,Cash,Mail,6.5
4463,2316,3506,Credit Card,Pick Up,6
4464,1844,3507,Cash,Mail,6.5
4465,2326,3508,Cash,Pick Up,6
4466,353,3509,Credit Card,Mail,6.5
4467,598,3510,Debit Card,Pick Up,6
4468,598,3510,Credit Card,Pick Up,6
4469,799,3511,Credit Card,Pick Up,6
4470,799,3511,Debit Card,Pick Up,6
4471,2046,3512,Cash,Pick Up,6
4472,1135,3513,Credit Card,Mail,6.5
4473,545,3514,Cash,Pick Up,6
4474,545,3514,Credit Card,Mail,6.5
4475,2753,3515,Cash,Mail,6.5
4476,2383,3516,Cash,Pick Up,6
4477,3725,3517,Cash,Mail,6.5
4478,736,3518,Credit Card,Pick Up,6
4479,675,3519,Credit Card,Mail,6.5
4480,752,3520,Cash,Pick Up,6
4481,1906,3521,Credit Card,Pick Up,6
4482,1906,3521,Debit Card,Pick Up,6
4483,2495,3522,Credit Card,Pick Up,6
4484,2495,3522,Debit Card,Pick Up,6
4485,1300,3523,Credit Card,Pick Up,6
4486,1087,3524,Debit Card,Mail,6.5
4487,2033,3525,Debit Card,Pick Up,6
4488,2033,3525,Cash,Mail,6.5
4489,56,3526,Debit Card,Pick Up,6
4490,1576,3527,Cash,Pick Up,6
4491,2691,3528,Credit Card,Mail,6.5
4492,1414,3529,Credit Card,Pick Up,6
4493,2972,3530,Debit Card,Mail,6.5
4494,491,3531,Debit Card,Mail,6.5
4495,4707,3532,Debit Card,Mail,6.5
4496,4707,3532,Cash,Mail,6.5
4497,4035,3533,Credit Card,Mail,6.5
4498,4035,3533,Debit Card,Pick Up,6
4499,2602,3534,Credit Card,Mail,6.5
4500,2718,3535,Credit Card,Mail,6.5
4501,1171,3536,Debit Card,Pick Up,6
4502,1171,3536,Cash,Mail,6.5
4503,4917,3537,Credit Card,Mail,6.5
4504,3167,3538,Cash,Pick Up,6
4505,3396,3539,Credit Card,Pick Up,6
4506,4473,3540,Credit Card,Mail,6.5
4507,1292,3541,Credit Card,Pick Up,6
4508,2870,3542,Credit Card,Pick Up,6
4509,4840,3543,Debit Card,Mail,6.5
4510,4840,3543,Credit Card,Mail,6.5
4511,4322,3544,Debit Card,Mail,6.5
4512,4322,3544,Cash,Mail,6.5
4513,4744,3545,Debit Card,Pick Up,6
4514,3149,3546,Debit Card,Pick Up,6
4515,4667,3547,Cash,Pick Up,6
4516,4667,3547,Credit Card,Mail,6.5
4517,4798,3548,Cash,Mail,6.5
4518,4887,3549,Cash,Pick Up,6
4519,4715,3550,Credit Card,Pick Up,6
4520,2696,3551,Debit Card,Pick Up,6
4521,3353,3552,Cash,Mail,6.5
4522,3658,3553,Credit Card,Pick Up,6
4523,2438,3554,Cash,Pick Up,6
4524,2438,3554,Credit Card,Pick Up,6
4525,3143,3555,Debit Card,Mail,6.5
4526,3143,3555,Cash,Pick Up,6
4527,3293,3556,Cash,Pick Up,6
4528,3372,3557,Credit Card,Pick Up,6
4529,4406,3558,Credit Card,Pick Up,6
4530,4406,3558,Cash,Mail,6.5
4531,3482,3559,Cash,Mail,6.5
4532,4318,3560,Credit Card,Pick Up,6
4533,2983,3561,Debit Card,Pick Up,6
4534,4019,3562,Credit Card,Mail,6.5
4535,5000,3563,Cash,Pick Up,6
4536,3414,3564,Cash,Pick Up,6
4537,1200,3565,Cash,Pick Up,6
4538,1200,3565,Credit Card,Pick Up,6
4539,2582,3566,Cash,Pick Up,6
4540,2582,3566,Credit Card,Mail,6.5
4541,301,3567,Cash,Pick Up,6
4542,2044,3568,Debit Card,Mail,6.5
4543,682,3569,Cash,Pick Up,6
4544,682,3569,Cash,Mail,6.5
4545,2134,3570,Debit Card,Mail,6.5
4546,2314,3571,Credit Card,Pick Up,6
4547,738,3572,Cash,Pick Up,6
4548,291,3573,Credit Card,Mail,6.5
4549,1880,3574,Debit Card,Pick Up,6
4550,1580,3575,Cash,Mail,6.5
4551,996,3576,Cash,Mail,6.5
4552,996,3576,Debit Card,Pick Up,6
4553,1851,3577,Cash,Mail,6.5
4554,1851,3577,Debit Card,Mail,6.5
4555,2485,3578,Debit Card,Pick Up,6
4556,1857,3579,Cash,Pick Up,6
4557,696,3580,Debit Card,Mail,6.5
4558,696,3580,Cash,Pick Up,6
4559,1542,3581,Cash,Mail,6.5
4560,1456,3582,Credit Card,Mail,6.5
4561,134,3583,Debit Card,Pick Up,6
4562,2997,3584,Credit Card,Mail,6.5
4563,1838,3585,Cash,Pick Up,6
4564,2334,3586,Credit Card,Mail,6.5
4565,2573,3587,Debit Card,Pick Up,6
4566,2573,3587,Credit Card,Pick Up,6
4567,1641,3588,Debit Card,Mail,6.5
4568,1641,3588,Credit Card,Pick Up,6
4569,2049,3589,Debit Card,Pick Up,6
4570,60,3590,Credit Card,Mail,6.5
4571,1187,3591,Debit Card,Mail,6.5
4572,1187,3591,Debit Card,Mail,6.5
4573,2399,3592,Cash,Mail,6.5
4574,1311,3593,Debit Card,Mail,6.5
4575,2466,3594,Debit Card,Mail,6.5
4576,838,3595,Credit Card,Pick Up,6
4577,1889,3596,Debit Card,Mail,6.5
4578,1188,3597,Credit Card,Mail,6.5
4579,4333,3598,Cash,Pick Up,6
4580,4333,3598,Debit Card,Mail,6.5
4581,4759,3599,Credit Card,Mail,6.5
4582,4759,3599,Debit Card,Mail,6.5
4583,3800,3600,Credit Card,Pick Up,6
4584,455,3601,Cash,Pick Up,6
4585,4873,3602,Debit Card,Pick Up,6
4586,4873,3602,Cash,Pick Up,6
4587,4464,3603,Cash,Pick Up,6
4588,3022,3604,Cash,Pick Up,6
4589,3925,3605,Credit Card,Pick Up,6
4590,3942,3606,Cash,Pick Up,6
4591,4587,3607,Credit Card,Pick Up,6
4592,4442,3608,Debit Card,Pick Up,6
4593,4001,3609,Credit Card,Mail,6.5
4594,4001,3609,Credit Card,Mail,6.5
4595,3834,3610,Cash,Mail,6.5
4596,3834,3610,Cash,Pick Up,6
4597,2725,3611,Credit Card,Pick Up,6
4598,1056,3612,Credit Card,Pick Up,6
4599,3123,3613,Cash,Mail,6.5
4600,3123,3613,Credit Card,Pick Up,6
4601,4703,3614,Debit Card,Mail,6.5
4602,4609,3615,Cash,Pick Up,6
4603,3606,3616,Credit Card,Mail,6.5
4604,3039,3617,Credit Card,Pick Up,6
4605,3558,3618,Cash,Pick Up,6
4606,2798,3619,Credit Card,Mail,6.5
4607,4045,3620,Credit Card,Pick Up,6
4608,4045,3620,Credit Card,Pick Up,6
4609,2852,3621,Debit Card,Pick Up,6
4610,2852,3621,Debit Card,Mail,6.5
4611,2983,3622,Cash,Pick Up,6
4612,2390,3623,Credit Card,Mail,6.5
4613,4238,3624,Cash,Mail,6.5
4614,4238,3624,Cash,Mail,6.5
4615,1748,3625,Debit Card,Mail,6.5
4616,4669,3626,Cash,Mail,6.5
4617,4433,3627,Credit Card,Mail,6.5
4618,4258,3628,Cash,Pick Up,6
4619,4224,3629,Debit Card,Pick Up,6
4620,4077,3630,Debit Card,Pick Up,6
4621,795,3631,Cash,Pick Up,6
4622,795,3631,Debit Card,Mail,6.5
4623,2323,3632,Cash,Mail,6.5
4624,2323,3632,Credit Card,Pick Up,6
4625,2399,3633,Cash,Mail,6.5
4626,379,3634,Debit Card,Pick Up,6
4627,310,3635,Credit Card,Pick Up,6
4628,310,3635,Debit Card,Mail,6.5
4629,2511,3636,Cash,Mail,6.5
4630,4368,3637,Debit Card,Mail,6.5
4631,731,3638,Debit Card,Mail,6.5
4632,2485,3639,Debit Card,Mail,6.5
4633,2370,3640,Credit Card,Pick Up,6
4634,1052,3641,Debit Card,Pick Up,6
4635,2583,3642,Debit Card,Pick Up,6
4636,2583,3642,Cash,Mail,6.5
4637,2406,3643,Debit Card,Mail,6.5
4638,2406,3643,Credit Card,Mail,6.5
4639,112,3644,Debit Card,Mail,6.5
4640,605,3645,Credit Card,Pick Up,6
4641,108,3646,Credit Card,Mail,6.5
4642,108,3646,Credit Card,Pick Up,6
4643,90,3647,Credit Card,Pick Up,6
4644,514,3648,Debit Card,Pick Up,6
4645,1328,3649,Cash,Mail,6.5
4646,2254,3650,Debit Card,Mail,6.5
4647,2479,3651,Debit Card,Mail,6.5
4648,864,3652,Debit Card,Mail,6.5
4649,4048,3653,Credit Card,Pick Up,6
4650,4048,3653,Credit Card,Pick Up,6
4651,3165,3654,Cash,Pick Up,6
4652,3165,3654,Cash,Pick Up,6
4653,4821,3655,Cash,Pick Up,6
4654,541,3656,Debit Card,Mail,6.5
4655,2305,3657,Cash,Pick Up,6
4656,2305,3657,Credit Card,Pick Up,6
4657,847,3658,Cash,Pick Up,6
4658,240,3659,Debit Card,Pick Up,6
4659,40,3660,Cash,Pick Up,6
4660,626,3661,Debit Card,Mail,6.5
4661,2017,3662,Cash,Mail,6.5
4662,2159,3663,Cash,Pick Up,6
4663,4074,3664,Debit Card,Mail,6.5
4664,4074,3664,Cash,Mail,6.5
4665,2456,3665,Credit Card,Mail,6.5
4666,2456,3665,Cash,Mail,6.5
4667,4602,3666,Debit Card,Mail,6.5
4668,189,3667,Debit Card,Pick Up,6
4669,4737,3668,Cash,Mail,6.5
4670,4737,3668,Credit Card,Pick Up,6
4671,4078,3669,Credit Card,Pick Up,6
4672,4521,3670,Debit Card,Pick Up,6
4673,2617,3671,Cash,Pick Up,6
4674,2719,3672,Credit Card,Mail,6.5
4675,4085,3673,Cash,Pick Up,6
4676,4348,3674,Cash,Pick Up,6
4677,3500,3675,Credit Card,Mail,6.5
4678,3500,3675,Debit Card,Pick Up,6
4679,3286,3676,Debit Card,Mail,6.5
4680,3286,3676,Debit Card,Mail,6.5
4681,4287,3677,Cash,Pick Up,6
4682,3152,3678,Cash,Pick Up,6
4683,4907,3679,Credit Card,Pick Up,6
4684,4907,3679,Cash,Mail,6.5
4685,2634,3680,Debit Card,Pick Up,6
4686,3658,3681,Credit Card,Mail,6.5
4687,3872,3682,Credit Card,Mail,6.5
4688,4643,3683,Debit Card,Mail,6.5
4689,3120,3684,Debit Card,Pick Up,6
4690,4905,3685,Cash,Mail,6.5
4691,3520,3686,Credit Card,Mail,6.5
4692,3520,3686,Debit Card,Mail,6.5
4693,4113,3687,Debit Card,Mail,6.5
4694,4113,3687,Debit Card,Pick Up,6
4695,2844,3688,Credit Card,Mail,6.5
4696,3737,3689,Cash,Pick Up,6
4697,560,3690,Credit Card,Mail,6.5
4698,560,3690,Debit Card,Mail,6.5
4699,3530,3691,Debit Card,Pick Up,6
4700,4238,3692,Credit Card,Pick Up,6
4701,1484,3693,Cash,Pick Up,6
4702,3237,3694,Debit Card,Mail,6.5
4703,2905,3695,Debit Card,Pick Up,6
4704,4652,3696,Credit Card,Pick Up,6
4705,216,3697,Cash,Mail,6.5
4706,216,3697,Debit Card,Mail,6.5
4707,835,3698,Cash,Mail,6.5
4708,835,3698,Credit Card,Mail,6.5
4709,1166,3699,Credit Card,Mail,6.5
4710,1032,3700,Credit Card,Pick Up,6
4711,672,3701,Cash,Mail,6.5
4712,672,3701,Debit Card,Mail,6.5
4713,2293,3702,Credit Card,Mail,6.5
4714,4188,3703,Debit Card,Pick Up,6
4715,968,3704,Cash,Mail,6.5
4716,1985,3705,Cash,Mail,6.5
4717,1305,3706,Cash,Mail,6.5
4718,2444,3707,Cash,Pick Up,6
4719,2024,3708,Credit Card,Pick Up,6
4720,2024,3708,Credit Card,Mail,6.5
4721,1848,3709,Cash,Pick Up,6
4722,1848,3709,Debit Card,Pick Up,6
4723,1897,3710,Credit Card,Mail,6.5
4724,1216,3711,Debit Card,Mail,6.5
4725,2165,3712,Credit Card,Mail,6.5
4726,2165,3712,Credit Card,Pick Up,6
4727,3686,3713,Cash,Mail,6.5
4728,280,3714,Debit Card,Pick Up,6
4729,3734,3715,Credit Card,Mail,6.5
4730,1296,3716,Debit Card,Mail,6.5
4731,2441,3717,Credit Card,Mail,6.5
4732,1321,3718,Cash,Mail,6.5
4733,734,3719,Debit Card,Pick Up,6
4734,734,3719,Debit Card,Mail,6.5
4735,2075,3720,Cash,Mail,6.5
4736,2075,3720,Debit Card,Mail,6.5
4737,237,3721,Debit Card,Mail,6.5
4738,1594,3722,Credit Card,Pick Up,6
4739,2219,3723,Credit Card,Mail,6.5
4740,2219,3723,Debit Card,Pick Up,6
4741,4905,3724,Credit Card,Pick Up,6
4742,484,3725,Debit Card,Mail,6.5
4743,703,3726,Credit Card,Pick Up,6
4744,721,3727,Cash,Pick Up,6
4745,2392,3728,Cash,Mail,6.5
4746,830,3729,Cash,Pick Up,6
4747,4749,3730,Cash,Pick Up,6
4748,4749,3730,Credit Card,Mail,6.5
4749,3138,3731,Debit Card,Mail,6.5
4750,3138,3731,Debit Card,Pick Up,6
4751,3441,3732,Cash,Pick Up,6
4752,4738,3733,Credit Card,Pick Up,6
4753,2766,3734,Cash,Mail,6.5
4754,2766,3734,Debit Card,Pick Up,6
4755,3985,3735,Debit Card,Mail,6.5
4756,4138,3736,Credit Card,Mail,6.5
4757,3354,3737,Credit Card,Pick Up,6
4758,2939,3738,Debit Card,Pick Up,6
4759,4079,3739,Debit Card,Mail,6.5
4760,3017,3740,Debit Card,Pick Up,6
4761,1215,3741,Debit Card,Mail,6.5
4762,1215,3741,Credit Card,Pick Up,6
4763,4440,3742,Cash,Pick Up,6
4764,4440,3742,Debit Card,Pick Up,6
4765,3562,3743,Cash,Mail,6.5
4766,2674,3744,Credit Card,Pick Up,6
4767,4278,3745,Debit Card,Pick Up,6
4768,4278,3745,Credit Card,Pick Up,6
4769,4395,3746,Credit Card,Pick Up,6
4770,3685,3747,Debit Card,Mail,6.5
4771,3090,3748,Credit Card,Pick Up,6
4772,4099,3749,Debit Card,Pick Up,6
4773,102,3750,Debit Card,Pick Up,6
4774,3310,3751,Debit Card,Pick Up,6
4775,3542,3752,Credit Card,Pick Up,6
4776,3542,3752,Cash,Pick Up,6
4777,4529,3753,Cash,Mail,6.5
4778,4529,3753,Debit Card,Pick Up,6
4779,2719,3754,Credit Card,Mail,6.5
4780,4226,3755,Credit Card,Pick Up,6
4781,4675,3756,Cash,Pick Up,6
4782,4675,3756,Debit Card,Pick Up,6
4783,3034,3757,Credit Card,Pick Up,6
4784,4573,3758,Credit Card,Mail,6.5
4785,2867,3759,Debit Card,Pick Up,6
4786,4178,3760,Debit Card,Mail,6.5
4787,3656,3761,Cash,Mail,6.5
4788,2969,3762,Credit Card,Pick Up,6
4789,797,3763,Cash,Mail,6.5
4790,797,3763,Credit Card,Mail,6.5
4791,1157,3764,Cash,Mail,6.5
4792,1157,3764,Credit Card,Mail,6.5
4793,884,3765,Debit Card,Pick Up,6
4794,2797,3766,Cash,Mail,6.5
4795,1037,3767,Credit Card,Pick Up,6
4796,1037,3767,Debit Card,Pick Up,6
4797,2067,3768,Cash,Pick Up,6
4798,2119,3769,Cash,Pick Up,6
4799,328,3770,Credit Card,Pick Up,6
4800,2997,3771,Credit Card,Mail,6.5
4801,2374,3772,Cash,Pick Up,6
4802,2072,3773,Credit Card,Mail,6.5
4803,2224,3774,Credit Card,Mail,6.5
4804,2224,3774,Cash,Mail,6.5
4805,1159,3775,Debit Card,Pick Up,6
4806,1159,3775,Cash,Pick Up,6
4807,1745,3776,Debit Card,Mail,6.5
4808,1631,3777,Cash,Mail,6.5
4809,3461,3778,Debit Card,Pick Up,6
4810,3461,3778,Credit Card,Mail,6.5
4811,2541,3779,Cash,Pick Up,6
4812,3515,3780,Cash,Pick Up,6
4813,1806,3781,Cash,Mail,6.5
4814,1189,3782,Credit Card,Mail,6.5
4815,1161,3783,Debit Card,Pick Up,6
4816,1758,3784,Credit Card,Mail,6.5
4817,1588,3785,Debit Card,Pick Up,6
4818,1588,3785,Credit Card,Mail,6.5
4819,2478,3786,Credit Card,Mail,6.5
4820,2478,3786,Debit Card,Pick Up,6
4821,1210,3787,Cash,Mail,6.5
4822,244,3788,Credit Card,Mail,6.5
4823,798,3789,Cash,Pick Up,6
4824,798,3789,Debit Card,Mail,6.5
4825,1234,3790,Debit Card,Mail,6.5
4826,1612,3791,Credit Card,Mail,6.5
4827,1224,3792,Debit Card,Pick Up,6
4828,2401,3793,Debit Card,Pick Up,6
4829,1338,3794,Credit Card,Pick Up,6
4830,32,3795,Cash,Mail,6.5
4831,2459,3796,Debit Card,Pick Up,6
4832,2459,3796,Debit Card,Mail,6.5
4833,3260,3797,Cash,Mail,6.5
4834,3260,3797,Cash,Mail,6.5
4835,378,3798,Cash,Pick Up,6
4836,3247,3799,Credit Card,Mail,6.5
4837,3991,3800,Cash,Mail,6.5
4838,3991,3800,Cash,Mail,6.5
4839,4111,3801,Credit Card,Mail,6.5
4840,4238,3802,Credit Card,Mail,6.5
4841,3069,3803,Debit Card,Mail,6.5
4842,4791,3804,Debit Card,Pick Up,6
4843,3650,3805,Cash,Mail,6.5
4844,3592,3806,Cash,Pick Up,6
4845,3759,3807,Cash,Mail,6.5
4846,3759,3807,Debit Card,Pick Up,6
4847,4586,3808,Debit Card,Mail,6.5
4848,4586,3808,Debit Card,Mail,6.5
4849,3042,3809,Credit Card,Pick Up,6
4850,4700,3810,Debit Card,Mail,6.5
4851,3391,3811,Debit Card,Mail,6.5
4852,3391,3811,Debit Card,Pick Up,6
4853,4293,3812,Cash,Mail,6.5
4854,4146,3813,Cash,Mail,6.5
4855,3299,3814,Debit Card,Pick Up,6
4856,867,3815,Cash,Mail,6.5
4857,4494,3816,Credit Card,Mail,6.5
4858,4703,3817,Credit Card,Pick Up,6
4859,3040,3818,Credit Card,Mail,6.5
4860,3040,3818,Credit Card,Pick Up,6
4861,4573,3819,Credit Card,Mail,6.5
4862,4573,3819,Credit Card,Mail,6.5
4863,4636,3820,Cash,Pick Up,6
4864,4717,3821,Debit Card,Mail,6.5
4865,4760,3822,Debit Card,Pick Up,6
4866,4760,3822,Credit Card,Pick Up,6
4867,4707,3823,Cash,Mail,6.5
4868,3672,3824,Debit Card,Pick Up,6
4869,4801,3825,Cash,Mail,6.5
4870,3197,3826,Debit Card,Mail,6.5
4871,4531,3827,Cash,Mail,6.5
4872,4715,3828,Cash,Pick Up,6
4873,4367,3829,Credit Card,Pick Up,6
4874,4367,3829,Debit Card,Pick Up,6
4875,2057,3830,Cash,Mail,6.5
4876,2057,3830,Debit Card,Pick Up,6
4877,2071,3831,Cash,Pick Up,6
4878,2240,3832,Credit Card,Pick Up,6
4879,1824,3833,Debit Card,Mail,6.5
4880,1824,3833,Cash,Mail,6.5
4881,1205,3834,Debit Card,Pick Up,6
4882,1675,3835,Debit Card,Mail,6.5
4883,650,3836,Cash,Mail,6.5
4884,1815,3837,Debit Card,Mail,6.5
4885,2486,3838,Cash,Mail,6.5
4886,632,3839,Cash,Pick Up,6
4887,1507,3840,Debit Card,Mail,6.5
4888,1507,3840,Debit Card,Mail,6.5
4889,816,3841,Credit Card,Mail,6.5
4890,816,3841,Debit Card,Pick Up,6
4891,2208,3842,Debit Card,Pick Up,6
4892,1728,3843,Credit Card,Mail,6.5
4893,1770,3844,Debit Card,Mail,6.5
4894,1770,3844,Cash,Mail,6.5
4895,505,3845,Cash,Pick Up,6
4896,1215,3846,Cash,Mail,6.5
4897,404,3847,Cash,Mail,6.5
4898,170,3848,Credit Card,Pick Up,6
4899,1933,3849,Credit Card,Pick Up,6
4900,305,3850,Credit Card,Pick Up,6
4901,2099,3851,Credit Card,Pick Up,6
4902,2099,3851,Debit Card,Pick Up,6
4903,556,3852,Cash,Mail,6.5
4904,556,3852,Debit Card,Mail,6.5
4905,3752,3853,Credit Card,Mail,6.5
4906,67,3854,Debit Card,Mail,6.5
4907,4825,3855,Credit Card,Mail,6.5
4908,4825,3855,Cash,Pick Up,6
4909,3584,3856,Cash,Pick Up,6
4910,2500,3857,Debit Card,Pick Up,6
4911,611,3858,Credit Card,Mail,6.5
4912,530,3859,Credit Card,Pick Up,6
4913,2974,3860,Cash,Pick Up,6
4914,1307,3861,Debit Card,Mail,6.5
4915,3455,3862,Credit Card,Pick Up,6
4916,3455,3862,Debit Card,Pick Up,6
4917,2734,3863,Debit Card,Pick Up,6
4918,2734,3863,Debit Card,Mail,6.5
4919,3494,3864,Debit Card,Mail,6.5
4920,3228,3865,Cash,Pick Up,6
4921,4557,3866,Debit Card,Mail,6.5
4922,4557,3866,Debit Card,Pick Up,6
4923,3765,3867,Debit Card,Mail,6.5
4924,2652,3868,Cash,Mail,6.5
4925,4632,3869,Credit Card,Pick Up,6
4926,2861,3870,Cash,Mail,6.5
4927,2398,3871,Cash,Pick Up,6
4928,3978,3872,Debit Card,Mail,6.5
4929,656,3873,Cash,Mail,6.5
4930,656,3873,Credit Card,Pick Up,6
4931,4733,3874,Debit Card,Pick Up,6
4932,4733,3874,Debit Card,Pick Up,6
4933,2714,3875,Credit Card,Pick Up,6
4934,4297,3876,Debit Card,Pick Up,6
4935,4183,3877,Credit Card,Pick Up,6
4936,4183,3877,Cash,Pick Up,6
4937,3981,3878,Credit Card,Mail,6.5
4938,4873,3879,Cash,Pick Up,6
4939,4253,3880,Debit Card,Mail,6.5
4940,3176,3881,Credit Card,Mail,6.5
4941,3373,3882,Credit Card,Pick Up,6
4942,2690,3883,Cash,Pick Up,6
4943,3760,3884,Debit Card,Pick Up,6
4944,3760,3884,Cash,Pick Up,6
4945,3340,3885,Credit Card,Pick Up,6
4946,3340,3885,Debit Card,Mail,6.5
4947,1766,3886,Debit Card,Pick Up,6
4948,281,3887,Cash,Mail,6.5
4949,4927,3888,Credit Card,Pick Up,6
4950,4927,3888,Cash,Mail,6.5
4951,4223,3889,Debit Card,Pick Up,6
4952,2615,3890,Cash,Mail,6.5
4953,3015,3891,Cash,Pick Up,6
4954,4799,3892,Cash,Mail,6.5
4955,4092,3893,Credit Card,Pick Up,6
4956,3223,3894,Cash,Pick Up,6
4957,1038,3895,Debit Card,Mail,6.5
4958,1038,3895,Cash,Pick Up,6
4959,423,3896,Cash,Pick Up,6
4960,423,3896,Debit Card,Mail,6.5
4961,595,3897,Cash,Mail,6.5
4962,228,3898,Debit Card,Pick Up,6
4963,644,3899,Credit Card,Mail,6.5
4964,644,3899,Debit Card,Mail,6.5
4965,2464,3900,Cash,Mail,6.5
4966,1596,3901,Credit Card,Mail,6.5
4967,2324,3902,Cash,Mail,6.5
4968,1319,3903,Cash,Pick Up,6
4969,4080,3904,Debit Card,Pick Up,6
4970,2530,3905,Cash,Mail,6.5
4971,2304,3906,Cash,Pick Up,6
4972,2304,3906,Credit Card,Pick Up,6
4973,3372,3907,Debit Card,Mail,6.5
4974,3372,3907,Credit Card,Mail,6.5
4975,261,3908,Debit Card,Pick Up,6
4976,1308,3909,Cash,Pick Up,6
4977,2222,3910,Cash,Mail,6.5
4978,2222,3910,Credit Card,Pick Up,6
4979,706,3911,Debit Card,Mail,6.5
4980,469,3912,Credit Card,Mail,6.5
4981,12,3913,Cash,Pick Up,6
4982,2072,3914,Credit Card,Mail,6.5
4983,990,3915,Cash,Pick Up,6
4984,4845,3916,Cash,Pick Up,6
4985,2559,3917,Cash,Mail,6.5
4986,2559,3917,Credit Card,Pick Up,6
4987,3799,3918,Cash,Pick Up,6
4988,3799,3918,Debit Card,Mail,6.5
4989,2225,3919,Debit Card,Mail,6.5
4990,450,3920,Cash,Mail,6.5
4991,2870,3921,Credit Card,Mail,6.5
4992,2870,3921,Debit Card,Mail,6.5
5593,3279,4394,Credit Card,Pick Up,6
5594,3279,4394,Cash,Mail,6.5
5595,3845,4395,Debit Card,Mail,6.5
5596,4042,4396,Debit Card,Pick Up,6
5597,3585,4397,Credit Card,Mail,6.5
5598,4344,4398,Credit Card,Pick Up,6
5599,2711,4399,Debit Card,Mail,6.5
5600,4013,4400,Debit Card,Pick Up,6
5601,3319,4401,Credit Card,Mail,6.5
5602,3319,4401,Debit Card,Mail,6.5
5603,3246,4402,Cash,Mail,6.5
5604,3246,4402,Cash,Mail,6.5
5605,2667,4403,Debit Card,Mail,6.5
5606,3125,4404,Cash,Mail,6.5
5607,3842,4405,Credit Card,Pick Up,6
5608,3842,4405,Credit Card,Pick Up,6
5609,1361,4406,Debit Card,Mail,6.5
5610,1971,4407,Credit Card,Mail,6.5
5611,3182,4408,Debit Card,Pick Up,6
5612,3255,4409,Debit Card,Mail,6.5
5613,36,4410,Credit Card,Pick Up,6
5614,3107,4411,Debit Card,Mail,6.5
5615,1354,4412,Debit Card,Mail,6.5
5616,1354,4412,Debit Card,Mail,6.5
5617,2379,4413,Debit Card,Pick Up,6
5618,2379,4413,Debit Card,Mail,6.5
5619,4141,4414,Cash,Mail,6.5
5620,1429,4415,Credit Card,Mail,6.5
5621,4286,4416,Cash,Pick Up,6
5622,4286,4416,Debit Card,Mail,6.5
5623,4522,4417,Debit Card,Pick Up,6
5624,4427,4418,Debit Card,Mail,6.5
5625,3201,4419,Cash,Pick Up,6
5626,2858,4420,Cash,Pick Up,6
5627,2958,4421,Cash,Mail,6.5
5628,3914,4422,Credit Card,Pick Up,6
5629,2050,4423,Cash,Pick Up,6
5630,2050,4423,Credit Card,Pick Up,6
5631,2466,4424,Debit Card,Mail,6.5
5632,2466,4424,Cash,Pick Up,6
5633,2628,4425,Credit Card,Mail,6.5
5634,2180,4426,Cash,Mail,6.5
5635,1879,4427,Credit Card,Mail,6.5
5636,1879,4427,Credit Card,Pick Up,6
5637,632,4428,Debit Card,Pick Up,6
5638,1947,4429,Debit Card,Mail,6.5
5639,410,4430,Credit Card,Pick Up,6
5640,292,4431,Cash,Mail,6.5
5641,738,4432,Cash,Mail,6.5
5642,2418,4433,Debit Card,Mail,6.5
5643,129,4434,Debit Card,Pick Up,6
5644,129,4434,Credit Card,Mail,6.5
5645,196,4435,Debit Card,Pick Up,6
5646,196,4435,Debit Card,Pick Up,6
5647,96,4436,Credit Card,Mail,6.5
5648,1482,4437,Debit Card,Pick Up,6
5649,2002,4438,Cash,Mail,6.5
5650,2002,4438,Credit Card,Mail,6.5
5651,3149,4439,Debit Card,Pick Up,6
5652,18,4440,Credit Card,Mail,6.5
5653,3,4441,Cash,Pick Up,6
5654,1471,4442,Credit Card,Pick Up,6
5655,187,4443,Cash,Pick Up,6
5656,1692,4444,Debit Card,Mail,6.5
5657,1330,4445,Cash,Pick Up,6
5658,1330,4445,Credit Card,Pick Up,6
5659,915,4446,Cash,Pick Up,6
5660,915,4446,Cash,Mail,6.5
5661,1534,4447,Cash,Mail,6.5
5662,914,4448,Credit Card,Pick Up,6
5663,795,4449,Debit Card,Mail,6.5
5664,795,4449,Cash,Pick Up,6
5665,7,4450,Debit Card,Pick Up,6
5666,1354,4451,Credit Card,Mail,6.5
5667,2364,4452,Cash,Mail,6.5
5668,4075,4453,Cash,Mail,6.5
5669,2690,4454,Debit Card,Mail,6.5
5670,1791,4455,Debit Card,Pick Up,6
5671,3143,4456,Credit Card,Mail,6.5
5672,3143,4456,Cash,Mail,6.5
5673,3334,4457,Credit Card,Pick Up,6
5674,3334,4457,Debit Card,Pick Up,6
5675,4710,4458,Cash,Pick Up,6
5676,4069,4459,Credit Card,Pick Up,6
5677,4484,4460,Credit Card,Mail,6.5
5678,4484,4460,Cash,Mail,6.5
5679,3843,4461,Credit Card,Pick Up,6
5680,3186,4462,Credit Card,Pick Up,6
5681,2844,4463,Debit Card,Pick Up,6
5682,4940,4464,Credit Card,Mail,6.5
5683,3380,4465,Credit Card,Pick Up,6
5684,3701,4466,Credit Card,Pick Up,6
5685,4558,4467,Cash,Pick Up,6
5686,4558,4467,Credit Card,Pick Up,6
5687,3741,4468,Credit Card,Pick Up,6
5688,3741,4468,Debit Card,Mail,6.5
5689,2625,4469,Debit Card,Mail,6.5
5690,4521,4470,Cash,Mail,6.5
5691,2187,4471,Debit Card,Pick Up,6
5692,2187,4471,Debit Card,Mail,6.5
5693,2781,4472,Cash,Mail,6.5
5694,3811,4473,Debit Card,Pick Up,6
5695,2793,4474,Credit Card,Pick Up,6
5696,3101,4475,Credit Card,Mail,6.5
5697,2969,4476,Cash,Pick Up,6
5698,1551,4477,Debit Card,Mail,6.5
5699,4503,4478,Debit Card,Mail,6.5
5700,4503,4478,Credit Card,Pick Up,6
5701,4513,4479,Cash,Pick Up,6
5702,4513,4479,Cash,Pick Up,6
5703,4366,4480,Cash,Pick Up,6
5704,4871,4481,Debit Card,Pick Up,6
5705,2735,4482,Credit Card,Pick Up,6
5706,2735,4482,Debit Card,Mail,6.5
5707,1998,4483,Debit Card,Mail,6.5
5708,3232,4484,Debit Card,Pick Up,6
5709,6,4485,Cash,Pick Up,6
5710,3126,4486,Debit Card,Mail,6.5
5711,4216,4487,Cash,Pick Up,6
5712,3217,4488,Debit Card,Pick Up,6
5713,175,4489,Debit Card,Mail,6.5
5714,175,4489,Cash,Mail,6.5
5715,812,4490,Credit Card,Pick Up,6
5716,812,4490,Credit Card,Pick Up,6
5717,1771,4491,Cash,Mail,6.5
5718,1743,4492,Cash,Pick Up,6
5719,721,4493,Cash,Mail,6.5
5720,721,4493,Debit Card,Pick Up,6
5721,1881,4494,Credit Card,Mail,6.5
5722,1270,4495,Cash,Pick Up,6
5723,1857,4496,Debit Card,Pick Up,6
5724,662,4497,Cash,Pick Up,6
5725,1822,4498,Credit Card,Mail,6.5
5726,1601,4499,Credit Card,Pick Up,6
5727,570,4500,Cash,Pick Up,6
5728,570,4500,Cash,Pick Up,6
5729,2192,4501,Cash,Mail,6.5
5730,2192,4501,Cash,Pick Up,6
5731,1755,4502,Debit Card,Mail,6.5
5732,1191,4503,Debit Card,Mail,6.5
5733,3453,4504,Debit Card,Pick Up,6
5734,3453,4504,Credit Card,Mail,6.5
5735,577,4505,Debit Card,Mail,6.5
5736,577,4506,Debit Card,Pick Up,6
5737,2027,4507,Debit Card,Pick Up,6
5738,3305,4508,Credit Card,Pick Up,6
5739,1325,4509,Cash,Pick Up,6
5740,1903,4510,Cash,Mail,6.5
5741,166,4511,Credit Card,Pick Up,6
5742,166,4511,Debit Card,Mail,6.5
5743,995,4512,Debit Card,Pick Up,6
5744,995,4512,Cash,Mail,6.5
5745,471,4513,Credit Card,Pick Up,6
5746,3963,4514,Cash,Mail,6.5
5747,8,4515,Debit Card,Pick Up,6
5748,8,4515,Debit Card,Mail,6.5
5749,184,4516,Cash,Pick Up,6
5750,102,4517,Credit Card,Pick Up,6
5751,934,4518,Cash,Mail,6.5
5752,3601,4519,Debit Card,Pick Up,6
5753,743,4520,Debit Card,Pick Up,6
5754,1990,4521,Debit Card,Mail,6.5
5755,3663,4522,Debit Card,Mail,6.5
5756,3663,4522,Debit Card,Mail,6.5
5757,4351,4523,Debit Card,Mail,6.5
5758,4351,4523,Cash,Pick Up,6
5759,3614,4524,Cash,Mail,6.5
5760,4960,4525,Cash,Mail,6.5
5761,3889,4526,Cash,Mail,6.5
5762,3889,4526,Debit Card,Mail,6.5
5763,4989,4527,Credit Card,Pick Up,6
5764,3096,4528,Cash,Pick Up,6
5765,3993,4529,Credit Card,Mail,6.5
5766,3845,4530,Debit Card,Pick Up,6
5767,3403,4531,Debit Card,Pick Up,6
5768,2120,4532,Debit Card,Mail,6.5
5769,2904,4533,Debit Card,Pick Up,6
5770,2904,4533,Debit Card,Mail,6.5
5771,4978,4534,Credit Card,Mail,6.5
5772,4978,4534,Debit Card,Pick Up,6
5773,4179,4535,Credit Card,Mail,6.5
5774,2804,4536,Credit Card,Pick Up,6
5775,2773,4537,Cash,Pick Up,6
5776,2773,4537,Cash,Pick Up,6
5777,4018,4538,Credit Card,Pick Up,6
5778,1340,4539,Credit Card,Pick Up,6
5779,4204,4540,Credit Card,Pick Up,6
5780,4926,4541,Cash,Mail,6.5
5781,3828,4542,Cash,Mail,6.5
5782,3239,4543,Cash,Pick Up,6
5783,4644,4544,Debit Card,Mail,6.5
5784,4644,4544,Debit Card,Mail,6.5
5785,4059,4545,Credit Card,Pick Up,6
5786,4059,4545,Debit Card,Pick Up,6
5787,3272,4546,Credit Card,Mail,6.5
5788,3195,4547,Credit Card,Pick Up,6
5789,2991,4548,Credit Card,Pick Up,6
5790,2991,4548,Credit Card,Mail,6.5
5791,1996,4549,Credit Card,Pick Up,6
5792,546,4550,Debit Card,Mail,6.5
5793,4152,4551,Cash,Mail,6.5
5794,2786,4552,Credit Card,Pick Up,6
5795,1124,4553,Credit Card,Pick Up,6
5796,4146,4554,Debit Card,Pick Up,6
5797,2377,4555,Credit Card,Pick Up,6
5798,2377,4555,Credit Card,Mail,6.5
5799,1828,4556,Debit Card,Pick Up,6
5800,1828,4556,Credit Card,Pick Up,6
5801,1074,4557,Cash,Mail,6.5
5802,2330,4558,Credit Card,Mail,6.5
5803,61,4559,Debit Card,Mail,6.5
5804,61,4559,Credit Card,Pick Up,6
5805,1820,4560,Cash,Mail,6.5
5806,2545,4561,Cash,Pick Up,6
5807,2454,4562,Credit Card,Mail,6.5
5808,539,4563,Credit Card,Pick Up,6
5809,798,4564,Debit Card,Pick Up,6
5810,407,4565,Debit Card,Pick Up,6
5811,4920,4566,Credit Card,Mail,6.5
5812,4920,4566,Credit Card,Mail,6.5
5813,2369,4567,Cash,Mail,6.5
5814,2369,4567,Cash,Mail,6.5
5815,1324,4568,Credit Card,Pick Up,6
5816,853,4569,Debit Card,Mail,6.5
5817,3296,4570,Cash,Mail,6.5
5818,3296,4570,Cash,Pick Up,6
5819,1977,4571,Credit Card,Mail,6.5
5820,2039,4572,Credit Card,Mail,6.5
5821,2245,4573,Credit Card,Mail,6.5
5822,7,4574,Credit Card,Pick Up,6
5823,621,4575,Cash,Mail,6.5
5824,1041,4576,Cash,Pick Up,6
5825,336,4577,Cash,Mail,6.5
5826,336,4577,Cash,Pick Up,6
5827,2213,4578,Debit Card,Pick Up,6
5828,2213,4578,Cash,Mail,6.5
5829,3580,4579,Credit Card,Mail,6.5
5830,2281,4580,Debit Card,Pick Up,6
5831,4142,4581,Credit Card,Pick Up,6
5832,4142,4581,Cash,Mail,6.5
5833,437,4582,Debit Card,Pick Up,6
5834,516,4583,Debit Card,Mail,6.5
5835,186,4584,Cash,Pick Up,6
5836,1339,4585,Credit Card,Mail,6.5
5837,936,4586,Debit Card,Mail,6.5
5838,1286,4587,Cash,Pick Up,6
5839,3156,4588,Debit Card,Pick Up,6
5840,3156,4588,Cash,Mail,6.5
5841,4358,4589,Cash,Pick Up,6
5842,4358,4589,Credit Card,Pick Up,6
5843,2626,4590,Cash,Pick Up,6
5844,2757,4591,Cash,Pick Up,6
5845,2713,4592,Cash,Pick Up,6
5846,2713,4592,Debit Card,Pick Up,6
5847,924,4593,Debit Card,Pick Up,6
5848,3669,4594,Credit Card,Pick Up,6
5849,4384,4595,Debit Card,Mail,6.5
5850,3102,4596,Debit Card,Mail,6.5
5851,4437,4597,Cash,Mail,6.5
5852,4203,4598,Cash,Pick Up,6
5853,4292,4599,Debit Card,Pick Up,6
5854,4292,4599,Credit Card,Pick Up,6
5855,2951,4600,Credit Card,Pick Up,6
5856,2951,4600,Credit Card,Pick Up,6
5857,2741,4601,Credit Card,Pick Up,6
5858,2946,4602,Debit Card,Pick Up,6
5859,4524,4603,Debit Card,Pick Up,6
5860,4524,4603,Credit Card,Mail,6.5
5861,1240,4604,Debit Card,Pick Up,6
5862,4839,4605,Debit Card,Mail,6.5
5863,3759,4606,Debit Card,Mail,6.5
5864,3373,4607,Debit Card,Mail,6.5
5865,4176,4608,Cash,Mail,6.5
5866,2017,4609,Cash,Pick Up,6
5867,3006,4610,Credit Card,Pick Up,6
5868,3006,4610,Debit Card,Mail,6.5
5869,2749,4611,Cash,Mail,6.5
5870,2749,4611,Credit Card,Pick Up,6
5871,2679,4612,Cash,Pick Up,6
5872,4940,4613,Debit Card,Pick Up,6
5873,2781,4614,Debit Card,Pick Up,6
5874,2781,4614,Cash,Pick Up,6
5875,666,4615,Cash,Pick Up,6
5876,4135,4616,Cash,Pick Up,6
5877,3835,4617,Cash,Pick Up,6
5878,3789,4618,Credit Card,Pick Up,6
5879,4246,4619,Cash,Pick Up,6
5880,4160,4620,Debit Card,Mail,6.5
5881,260,4621,Cash,Pick Up,6
5882,260,4621,Credit Card,Pick Up,6
5883,2568,4622,Cash,Pick Up,6
5884,2568,4622,Cash,Pick Up,6
5885,4422,4623,Cash,Mail,6.5
5886,98,4624,Credit Card,Mail,6.5
5887,1377,4625,Cash,Pick Up,6
5888,1377,4625,Cash,Pick Up,6
5889,3,4626,Debit Card,Mail,6.5
5890,3053,4627,Credit Card,Pick Up,6
5891,907,4628,Debit Card,Mail,6.5
5892,1097,4629,Credit Card,Mail,6.5
5893,2391,4630,Cash,Pick Up,6
5894,739,4631,Credit Card,Mail,6.5
5895,674,4632,Cash,Mail,6.5
5896,674,4632,Cash,Mail,6.5
5897,968,4633,Credit Card,Mail,6.5
5898,968,4633,Debit Card,Mail,6.5
5899,2604,4634,Debit Card,Pick Up,6
5900,389,4635,Credit Card,Mail,6.5
5901,769,4636,Credit Card,Pick Up,6
5902,769,4636,Cash,Mail,6.5
5903,946,4637,Debit Card,Mail,6.5
5904,592,4638,Credit Card,Pick Up,6
5905,2819,4639,Debit Card,Pick Up,6
5906,107,4640,Cash,Mail,6.5
5907,103,4641,Credit Card,Pick Up,6
5908,830,4642,Credit Card,Pick Up,6
5909,2532,4643,Cash,Pick Up,6
5910,2532,4643,Credit Card,Mail,6.5
5911,4558,4644,Debit Card,Mail,6.5
5912,4558,4644,Credit Card,Mail,6.5
5913,761,4645,Debit Card,Pick Up,6
5914,1085,4646,Cash,Pick Up,6
5915,1330,4647,Debit Card,Pick Up,6
5916,1330,4647,Cash,Pick Up,6
5917,857,4648,Cash,Mail,6.5
5918,690,4649,Debit Card,Mail,6.5
5919,1981,4650,Debit Card,Mail,6.5
5920,1079,4651,Credit Card,Mail,6.5
5921,2136,4652,Cash,Pick Up,6
5922,2435,4653,Credit Card,Mail,6.5
5923,4815,4654,Debit Card,Mail,6.5
5924,4815,4654,Credit Card,Pick Up,6
5925,3476,4655,Cash,Mail,6.5
5926,3476,4655,Credit Card,Pick Up,6
5927,2801,4656,Cash,Pick Up,6
5928,3141,4657,Cash,Pick Up,6
5929,3535,4658,Credit Card,Pick Up,6
5930,3535,4658,Credit Card,Pick Up,6
5931,4808,4659,Cash,Pick Up,6
5932,4718,4660,Credit Card,Pick Up,6
5933,4769,4661,Credit Card,Mail,6.5
5934,2703,4662,Debit Card,Pick Up,6
5935,3318,4663,Credit Card,Pick Up,6
5936,4692,4664,Credit Card,Pick Up,6
5937,4147,4665,Debit Card,Mail,6.5
5938,4147,4665,Debit Card,Pick Up,6
5939,2131,4666,Cash,Pick Up,6
5940,2131,4666,Debit Card,Pick Up,6
5941,3447,4667,Debit Card,Pick Up,6
5942,2665,4668,Debit Card,Mail,6.5
5943,4689,4669,Credit Card,Mail,6.5
5944,4689,4669,Credit Card,Pick Up,6
5945,4965,4670,Cash,Pick Up,6
5946,3073,4671,Cash,Pick Up,6
5947,2617,4672,Credit Card,Pick Up,6
5948,2924,4673,Cash,Mail,6.5
5949,3537,4674,Debit Card,Mail,6.5
5950,4958,4675,Cash,Pick Up,6
5951,4040,4676,Credit Card,Mail,6.5
5952,4040,4676,Cash,Mail,6.5
5953,2636,4677,Cash,Pick Up,6
5954,2636,4677,Debit Card,Mail,6.5
5955,4520,4678,Credit Card,Pick Up,6
5956,2848,4679,Cash,Mail,6.5
5957,2758,4680,Debit Card,Mail,6.5
5958,2758,4680,Debit Card,Pick Up,6
5959,2757,4681,Cash,Pick Up,6
5960,3718,4682,Debit Card,Pick Up,6
5961,3899,4683,Debit Card,Mail,6.5
5962,3088,4684,Debit Card,Mail,6.5
5963,3720,4685,Debit Card,Pick Up,6
5964,4620,4686,Cash,Pick Up,6
5965,582,4687,Cash,Mail,6.5
5966,582,4687,Cash,Mail,6.5
5967,2002,4688,Debit Card,Pick Up,6
5968,2002,4688,Debit Card,Mail,6.5
5969,169,4689,Credit Card,Mail,6.5
5970,1422,4690,Credit Card,Pick Up,6
5971,2063,4691,Cash,Mail,6.5
5972,2063,4691,Credit Card,Mail,6.5
5973,555,4692,Debit Card,Mail,6.5
5974,954,4693,Credit Card,Pick Up,6
5975,1426,4694,Debit Card,Mail,6.5
5976,456,4695,Credit Card,Mail,6.5
5977,2254,4696,Credit Card,Pick Up,6
5978,1912,4697,Cash,Pick Up,6
5979,789,4698,Credit Card,Pick Up,6
5980,789,4698,Debit Card,Mail,6.5
5981,2231,4699,Credit Card,Mail,6.5
5982,2231,4699,Credit Card,Mail,6.5
5983,2466,4700,Debit Card,Mail,6.5
5984,1316,4701,Cash,Mail,6.5
5985,2157,4702,Credit Card,Pick Up,6
5986,2157,4702,Cash,Pick Up,6
5987,1587,4703,Debit Card,Pick Up,6
5988,1419,4704,Credit Card,Mail,6.5
5989,1360,4705,Debit Card,Pick Up,6
5990,1852,4706,Credit Card,Pick Up,6
5991,513,4707,Cash,Mail,6.5
5992,1792,4708,Cash,Mail,6.5
5993,580,4709,Debit Card,Pick Up,6
5994,580,4709,Credit Card,Pick Up,6
5995,2321,4710,Credit Card,Pick Up,6
5996,2321,4710,Cash,Mail,6.5
5997,275,4711,Credit Card,Pick Up,6
5998,568,4712,Cash,Pick Up,6
5999,458,4713,Debit Card,Pick Up,6
6000,458,4713,Debit Card,Pick Up,6
6001,1926,4714,Credit Card,Mail,6.5
6002,695,4715,Cash,Pick Up,6
6003,1705,4716,Debit Card,Pick Up,6
6004,2486,4717,Debit Card,Mail,6.5
6005,2308,4718,Cash,Pick Up,6
6006,186,4719,Debit Card,Pick Up,6
6007,4627,4720,Cash,Mail,6.5
6008,4627,4720,Cash,Mail,6.5
6009,3450,4721,Debit Card,Mail,6.5
6010,3450,4721,Debit Card,Pick Up,6
6011,3828,4722,Credit Card,Pick Up,6
6012,3734,4723,Cash,Pick Up,6
6013,4989,4724,Debit Card,Pick Up,6
6014,4989,4724,Debit Card,Mail,6.5
6015,3020,4725,Credit Card,Pick Up,6
6016,4856,4726,Debit Card,Pick Up,6
6017,2845,4727,Debit Card,Mail,6.5
6018,3165,4728,Credit Card,Pick Up,6
6019,2159,4729,Credit Card,Mail,6.5
6020,3247,4730,Debit Card,Pick Up,6
6021,4484,4731,Credit Card,Mail,6.5
6022,4484,4731,Cash,Pick Up,6
6023,3334,4732,Debit Card,Mail,6.5
6024,3334,4732,Debit Card,Mail,6.5
6025,4049,4733,Credit Card,Pick Up,6
6026,3826,4734,Credit Card,Pick Up,6
6027,3602,4735,Credit Card,Mail,6.5
6028,3602,4735,Cash,Pick Up,6
6029,3164,4736,Debit Card,Pick Up,6
6030,3557,4737,Credit Card,Pick Up,6
6031,3593,4738,Debit Card,Mail,6.5
6032,1274,4739,Cash,Mail,6.5
6033,2806,4740,Credit Card,Pick Up,6
6034,4848,4741,Cash,Pick Up,6
6035,4866,4742,Cash,Mail,6.5
6036,4866,4742,Cash,Mail,6.5
6037,4886,4743,Debit Card,Pick Up,6
6038,4886,4743,Credit Card,Pick Up,6
6039,3664,4744,Debit Card,Pick Up,6
6040,4059,4745,Credit Card,Pick Up,6
6041,3598,4746,Credit Card,Pick Up,6
6042,3598,4746,Cash,Pick Up,6
6043,3352,4747,Cash,Pick Up,6
6044,2754,4748,Cash,Pick Up,6
6045,607,4749,Debit Card,Mail,6.5
6046,2918,4750,Credit Card,Pick Up,6
6047,3950,4751,Debit Card,Mail,6.5
6048,3869,4752,Credit Card,Mail,6.5
6049,1880,4753,Credit Card,Pick Up,6
6050,1880,4753,Credit Card,Mail,6.5
6051,351,4754,Debit Card,Pick Up,6
6052,351,4754,Debit Card,Mail,6.5
6053,2472,4755,Credit Card,Mail,6.5
6054,125,4756,Cash,Mail,6.5
6055,4641,4757,Debit Card,Pick Up,6
6056,4641,4757,Debit Card,Pick Up,6
6057,1277,4758,Cash,Pick Up,6
6058,4310,4759,Cash,Mail,6.5
6059,377,4760,Cash,Mail,6.5
6060,725,4761,Debit Card,Pick Up,6
6061,28,4762,Credit Card,Pick Up,6
6062,2225,4763,Debit Card,Mail,6.5
6063,1901,4764,Cash,Mail,6.5
6064,1901,4764,Debit Card,Pick Up,6
6065,4376,4765,Credit Card,Mail,6.5
6066,4376,4765,Credit Card,Pick Up,6
6067,1583,4766,Cash,Pick Up,6
6068,225,4767,Debit Card,Pick Up,6
6069,682,4768,Debit Card,Pick Up,6
6070,682,4768,Credit Card,Mail,6.5
6071,2138,4769,Cash,Pick Up,6
6072,278,4770,Cash,Pick Up,6
6073,1536,4771,Credit Card,Pick Up,6
6074,438,4772,Debit Card,Pick Up,6
6075,1816,4773,Cash,Pick Up,6
6076,2035,4774,Cash,Pick Up,6
6077,1861,4775,Debit Card,Mail,6.5
6078,1861,4775,Debit Card,Mail,6.5
6079,3734,4776,Cash,Mail,6.5
6080,3734,4776,Cash,Pick Up,6
6081,1417,4777,Credit Card,Pick Up,6
6082,1773,4778,Debit Card,Pick Up,6
6083,951,4779,Credit Card,Mail,6.5
6084,951,4779,Cash,Mail,6.5
6085,925,4780,Cash,Mail,6.5
6086,1537,4781,Credit Card,Pick Up,6
6087,3887,4782,Cash,Pick Up,6
6088,1153,4783,Cash,Mail,6.5
6089,629,4784,Credit Card,Pick Up,6
6090,758,4785,Debit Card,Pick Up,6
6091,4625,4786,Cash,Pick Up,6
6092,4625,4786,Debit Card,Mail,6.5
6093,3145,4787,Debit Card,Pick Up,6
6094,3145,4787,Debit Card,Pick Up,6
6095,4114,4788,Cash,Pick Up,6
6096,3507,4789,Debit Card,Pick Up,6
6097,2913,4790,Credit Card,Mail,6.5
6098,2913,4790,Credit Card,Pick Up,6
6099,3890,4791,Credit Card,Pick Up,6
6100,2678,4792,Cash,Mail,6.5
6101,4885,4793,Cash,Mail,6.5
6102,2126,4794,Cash,Pick Up,6
6103,4006,4795,Cash,Pick Up,6
6104,4248,4796,Credit Card,Pick Up,6
6105,3459,4797,Debit Card,Pick Up,6
6106,3459,4797,Debit Card,Pick Up,6
6107,3129,4798,Credit Card,Mail,6.5
6108,3129,4798,Debit Card,Pick Up,6
6109,3408,4799,Credit Card,Mail,6.5
6110,4380,4800,Debit Card,Pick Up,6
6111,4774,4801,Cash,Pick Up,6
6112,4774,4801,Credit Card,Pick Up,6
6113,1270,4802,Cash,Mail,6.5
6114,4441,4803,Credit Card,Mail,6.5
6115,4433,4804,Credit Card,Pick Up,6
6116,2888,4805,Debit Card,Mail,6.5
6117,3407,4806,Cash,Mail,6.5
6118,3642,4807,Debit Card,Mail,6.5
6119,3072,4808,Debit Card,Mail,6.5
6120,3072,4808,Cash,Mail,6.5
6121,3529,4809,Debit Card,Pick Up,6
6122,3529,4809,Debit Card,Mail,6.5
6123,4404,4810,Debit Card,Pick Up,6
6124,3801,4811,Credit Card,Mail,6.5
6125,1850,4812,Cash,Mail,6.5
6126,1850,4812,Credit Card,Pick Up,6
6127,3548,4813,Debit Card,Pick Up,6
6128,2972,4814,Cash,Mail,6.5
6129,1109,4815,Debit Card,Mail,6.5
6130,4706,4816,Debit Card,Pick Up,6
6131,4350,4817,Debit Card,Pick Up,6
6132,2661,4818,Credit Card,Mail,6.5
